{
  "docs": {
    "mappings": {
      "properties": {
        "n_words": {
          "type": "integer"
        },
        "n_sents": {
          "type": "integer"
        },
        "n_words_beserman": {
          "type": "integer"
        },
        "n_sents_beserman": {
          "type": "integer"
        },
        "n_words_russian": {
          "type": "integer"
        },
        "n_sents_russian": {
          "type": "integer"
        },
        "filename": {
          "type": "text",
          "analyzer": "lowercase_normalizer"
        },
        "filename_kw": {
          "type": "keyword"
        },
        "title": {
          "type": "text",
          "analyzer": "lowercase_normalizer"
        },
        "title_kw": {
          "type": "keyword"
        },
        "author": {
          "type": "text",
          "analyzer": "lowercase_normalizer"
        },
        "author_kw": {
          "type": "keyword"
        },
        "genre": {
          "type": "text",
          "analyzer": "lowercase_normalizer"
        },
        "genre_kw": {
          "type": "keyword"
        },
        "year": {
          "type": "integer"
        },
        "speakers": {
          "type": "text",
          "analyzer": "lowercase_normalizer"
        },
        "speakers_kw": {
          "type": "keyword"
        },
        "linguists": {
          "type": "text",
          "analyzer": "lowercase_normalizer"
        },
        "linguists_kw": {
          "type": "keyword"
        }
      }
    },
    "settings": {
      "analysis": {
        "analyzer": {
          "lowercase_normalizer": {
            "type": "custom",
            "tokenizer": "standard",
            "char_filter": [],
            "filter": [
              "lowercase"
            ]
          }
        }
      }
    }
  },
  "sentences": {
    "mappings": {
      "properties": {
        "prev_id": {
          "type": "integer"
        },
        "next_id": {
          "type": "integer"
        },
        "doc_id": {
          "type": "integer"
        },
        "text": {
          "type": "text"
        },
        "lang": {
          "type": "byte"
        },
        "words": {
          "type": "nested",
          "properties": {
            "wf": {
              "type": "text",
              "fielddata": true,
              "analyzer": "wf_analyzer"
            },
            "wf_display": {
              "type": "text",
              "index": false
            },
            "wtype": {
              "type": "keyword"
            },
            "lang": {
              "type": "byte"
            },
            "sentence_index": {
              "type": "short"
            },
            "sentence_index_neg": {
              "type": "short"
            },
            "sids": {
              "type": "integer",
              "index": false
            },
            "n_ana": {
              "type": "byte"
            },
            "ana": {
              "type": "nested",
              "properties": {
                "lex": {
                  "type": "text",
                  "fielddata": true,
                  "analyzer": "wf_analyzer"
                },
                "gloss_index": {
                  "type": "text",
                  "analyzer": "gloss_analyzer"
                },
                "gloss": {
                  "type": "text",
                  "index": false
                },
                "trans_ru": {
                  "type": "text"
                },
                "gr.mood": {
                  "type": "keyword"
                },
                "gr.adjF": {
                  "type": "keyword"
                },
                "gr.stemType": {
                  "type": "keyword"
                },
                "gr.add": {
                  "type": "keyword"
                },
                "gr.comp": {
                  "type": "keyword"
                },
                "gr.conjtype": {
                  "type": "keyword"
                },
                "gr.tense": {
                  "type": "keyword"
                },
                "gr.case_c": {
                  "type": "keyword"
                },
                "gr.num_deriv": {
                  "type": "keyword"
                },
                "gr.an": {
                  "type": "keyword"
                },
                "gr.attributivizer": {
                  "type": "keyword"
                },
                "gr.pers": {
                  "type": "keyword"
                },
                "gr.asp": {
                  "type": "keyword"
                },
                "gr.proType": {
                  "type": "keyword"
                },
                "gr.adjType": {
                  "type": "keyword"
                },
                "gr.v_subcat": {
                  "type": "keyword"
                },
                "gr.nType": {
                  "type": "keyword"
                },
                "gr.v_deriv": {
                  "type": "keyword"
                },
                "gr.v_form": {
                  "type": "keyword"
                },
                "gr.additional": {
                  "type": "keyword"
                },
                "gr.case": {
                  "type": "keyword"
                },
                "gr.number": {
                  "type": "keyword"
                },
                "gr.voice": {
                  "type": "keyword"
                },
                "gr.vF": {
                  "type": "keyword"
                },
                "gr.poss": {
                  "type": "keyword"
                },
                "gr.g": {
                  "type": "keyword"
                },
                "gr.n_deriv": {
                  "type": "keyword"
                },
                "gr.cnvF": {
                  "type": "keyword"
                },
                "gr.num": {
                  "type": "keyword"
                },
                "gr.tr": {
                  "type": "keyword"
                },
                "gr.pos": {
                  "type": "keyword"
                },
                "gr.ptcp_form": {
                  "type": "keyword"
                },
                "gr.cnv_form": {
                  "type": "keyword"
                }
              }
            },
            "freq": {
              "type": "integer"
            },
            "lemma_freq": {
              "type": "integer"
            },
            "rank": {
              "type": "keyword"
            },
            "rank_true": {
              "type": "integer"
            },
            "n_sents": {
              "type": "integer"
            },
            "n_docs": {
              "type": "integer"
            },
            "w_id": {
              "type": "keyword"
            },
            "l_id": {
              "type": "keyword"
            },
            "wf_order": {
              "type": "integer"
            },
            "l_order": {
              "type": "integer"
            }
          }
        },
        "n_words": {
          "type": "short"
        },
        "src_alignment": {
          "type": "nested",
          "properties": {
            "mtype": {
              "type": "keyword"
            },
            "src": {
              "type": "keyword",
              "index": false
            },
            "off_start_src": {
              "type": "float",
              "index": false
            },
            "off_start_sent": {
              "type": "short",
              "index": false
            },
            "off_end_src": {
              "type": "float",
              "index": false
            },
            "off_end_sent": {
              "type": "short",
              "index": false
            },
            "rect_src": {
              "type": "integer",
              "index": false
            },
            "src_id": {
              "type": "keyword",
              "index": false
            }
          }
        },
        "para_ids": {
          "type": "keyword"
        },
        "para_alignment": {
          "type": "nested",
          "properties": {
            "off_start": {
              "type": "short",
              "index": false
            },
            "off_end": {
              "type": "short",
              "index": false
            },
            "para_id": {
              "type": "keyword",
              "index": false
            },
            "sent_ids": {
              "type": "integer",
              "index": false
            }
          }
        },
        "style_spans": {
          "type": "nested",
          "properties": {
            "off_start": {
              "type": "short",
              "index": false
            },
            "off_end": {
              "type": "short",
              "index": false
            },
            "span_class": {
              "type": "keyword",
              "index": false
            }
          }
        },
        "segment_ids": {
          "type": "integer",
          "index": false
        },
        "meta": {
          "properties": {
            "sent_analyses_kw": {
              "type": "keyword"
            },
            "year": {
              "type": "integer"
            },
            "speaker": {
              "type": "text"
            },
            "speaker_kw": {
              "type": "keyword"
            },
            "gender": {
              "type": "text"
            },
            "gender_kw": {
              "type": "keyword"
            },
            "birthyear": {
              "type": "text"
            },
            "birthyear_kw": {
              "type": "keyword"
            },
            "speaker_type": {
              "type": "text"
            },
            "speaker_type_kw": {
              "type": "keyword"
            }
          }
        }
      }
    },
    "settings": {
      "analysis": {
        "analyzer": {
          "wf_analyzer": {
            "type": "pattern",
            "pattern": "[.\n()\\[\\]/]",
            "lowercase": true
          },
          "gloss_analyzer": {
            "type": "pattern",
            "pattern": " ",
            "lowercase": true
          }
        }
      }
    }
  },
  "words": {
    "mappings": {
      "properties": {
        "wf": {
          "type": "text",
          "fielddata": true,
          "analyzer": "wf_analyzer"
        },
        "wf_display": {
          "type": "text",
          "index": false
        },
        "wtype": {
          "type": "keyword"
        },
        "lang": {
          "type": "byte"
        },
        "sentence_index": {
          "type": "short"
        },
        "sentence_index_neg": {
          "type": "short"
        },
        "sids": {
          "type": "integer",
          "index": false
        },
        "n_ana": {
          "type": "byte"
        },
        "ana": {
          "type": "nested",
          "properties": {
            "lex": {
              "type": "text",
              "fielddata": true,
              "analyzer": "wf_analyzer"
            },
            "gloss_index": {
              "type": "text",
              "analyzer": "gloss_analyzer"
            },
            "gloss": {
              "type": "text",
              "index": false
            },
            "trans_ru": {
              "type": "text"
            },
            "gr.mood": {
              "type": "keyword"
            },
            "gr.adjF": {
              "type": "keyword"
            },
            "gr.stemType": {
              "type": "keyword"
            },
            "gr.add": {
              "type": "keyword"
            },
            "gr.comp": {
              "type": "keyword"
            },
            "gr.conjtype": {
              "type": "keyword"
            },
            "gr.tense": {
              "type": "keyword"
            },
            "gr.case_c": {
              "type": "keyword"
            },
            "gr.num_deriv": {
              "type": "keyword"
            },
            "gr.an": {
              "type": "keyword"
            },
            "gr.attributivizer": {
              "type": "keyword"
            },
            "gr.pers": {
              "type": "keyword"
            },
            "gr.asp": {
              "type": "keyword"
            },
            "gr.proType": {
              "type": "keyword"
            },
            "gr.adjType": {
              "type": "keyword"
            },
            "gr.v_subcat": {
              "type": "keyword"
            },
            "gr.nType": {
              "type": "keyword"
            },
            "gr.v_deriv": {
              "type": "keyword"
            },
            "gr.v_form": {
              "type": "keyword"
            },
            "gr.additional": {
              "type": "keyword"
            },
            "gr.case": {
              "type": "keyword"
            },
            "gr.number": {
              "type": "keyword"
            },
            "gr.voice": {
              "type": "keyword"
            },
            "gr.vF": {
              "type": "keyword"
            },
            "gr.poss": {
              "type": "keyword"
            },
            "gr.g": {
              "type": "keyword"
            },
            "gr.n_deriv": {
              "type": "keyword"
            },
            "gr.cnvF": {
              "type": "keyword"
            },
            "gr.num": {
              "type": "keyword"
            },
            "gr.tr": {
              "type": "keyword"
            },
            "gr.pos": {
              "type": "keyword"
            },
            "gr.ptcp_form": {
              "type": "keyword"
            },
            "gr.cnv_form": {
              "type": "keyword"
            }
          }
        },
        "freq": {
          "type": "integer"
        },
        "lemma_freq": {
          "type": "integer"
        },
        "rank": {
          "type": "keyword"
        },
        "rank_true": {
          "type": "integer"
        },
        "n_sents": {
          "type": "integer"
        },
        "n_docs": {
          "type": "integer"
        },
        "w_id": {
          "type": "keyword"
        },
        "l_id": {
          "type": "keyword"
        },
        "wf_order": {
          "type": "integer"
        },
        "l_order": {
          "type": "integer"
        },
        "d_id": {
          "type": "integer"
        },
        "freq_join": {
          "type": "join",
          "relations": {
            "word": "word_freq"
          }
        }
      }
    },
    "settings": {
      "analysis": {
        "analyzer": {
          "wf_analyzer": {
            "type": "pattern",
            "pattern": "[.\n()\\[\\]/]",
            "lowercase": true
          },
          "gloss_analyzer": {
            "type": "pattern",
            "pattern": " ",
            "lowercase": true
          }
        }
      }
    }
  }
}