{
  "ket": {
    "1": "tag",
    "1PL": "tag",
    "1SG": "tag",
    "2": "tag",
    "2PL": "tag",
    "2SG": "tag",
    "3": "tag",
    "3F": "tag",
    "3M": "tag",
    "3PL": "tag",
    "3PLCORF": "tag",
    "3SG": "tag",
    "3SH": "tag",
    "3TH": "tag",
    "A": "tag",
    "ABL": "tag",
    "ADV": "tag",
    "BEN": "tag",
    "CAR": "tag",
    "CORF": "tag",
    "DATALL": "tag",
    "DATLOC": "tag",
    "DET": "tag",
    "DETR": "tag",
    "EP": "tag",
    "F": "tag",
    "GEN": "tag",
    "HES": "tag",
    "IMPER": "tag",
    "INSTR": "tag",
    "LOC": "tag",
    "LV": "tag",
    "M": "tag",
    "MOD": "tag",
    "NA": "tag",
    "NEG": "tag",
    "NM": "tag",
    "NTH": "tag",
    "Nominal inflection": "tag",
    "O2": "tag",
    "O3": "tag",
    "Object agreement": "tag",
    "Other": "tag",
    "Other verb tags": "tag",
    "PL": "tag",
    "POSS": "tag",
    "PRED": "tag",
    "PROL": "tag",
    "PRS": "tag",
    "PST": "tag",
    "Predicative form": "tag",
    "Reflexive form": "tag",
    "S1": "tag",
    "S2": "tag",
    "S3": "tag",
    "SG": "tag",
    "Subject agreement": "tag",
    "T": "tag",
    "TH": "tag",
    "Tense": "tag",
    "VOC": "tag"
  }
}