{
  "meta": {
    "title": "Ирикова М.М. Медвежий праздник",
    "filename": "corpus\\xml\\Ket.xml"
  },
  "sentences": [
    {
      "lang": 0,
      "words": [
        {
          "wtype": "punct",
          "wf": "1.1.",
          "off_start": 0,
          "off_end": 4,
          "next_word": 1
        },
        {
          "wtype": "word",
          "wf": "qiːb",
          "ana": [
            {
              "parts": "qiːb",
              "gloss": "",
              "gloss_index": "STEM{qiːb}-",
              "lex": "qiːb",
              "trans_ru": "дед",
              "gloss_ru": "дед",
              "gloss_index_ru": "STEM{qiːb}-",
              "gr.pos": "n"
            }
          ],
          "off_start": 5,
          "off_end": 9,
          "next_word": 2,
          "sentence_index": 0,
          "sentence_index_neg": 2
        },
        {
          "wtype": "word",
          "wf": "baat",
          "ana": [
            {
              "parts": "baat",
              "gloss": "",
              "gloss_index": "STEM{baat}-",
              "lex": "baat",
              "trans_ru": "старик",
              "gloss_ru": "старик",
              "gloss_index_ru": "STEM{baat}-",
              "gr.pos": "n"
            }
          ],
          "off_start": 10,
          "off_end": 14,
          "next_word": 3,
          "sentence_index": 1,
          "sentence_index_neg": 1
        },
        {
          "wtype": "word",
          "wf": "qajej",
          "ana": [
            {
              "parts": "k-q-a--j-∅-ej-∅",
              "gloss": "",
              "gloss_index": "S1.2{k}-DET{q}-O2.3SG.M{a}-EP{j}-PRS{∅}-убить{ej}-S1.SG{∅}-",
              "gloss_ru": "S1.2-DET-O2.3SG.M-EPPRS-убить-S1.SG",
              "gloss_index_ru": "S1.2{k}-DET{q}-O2.3SG.M{a}-EP{j}-PRS{∅}-убить{ej}-S1.SG{∅}-",
              "gr.pos": "v"
            }
          ],
          "off_start": 15,
          "off_end": 20,
          "next_word": 4,
          "sentence_index": 2,
          "sentence_index_neg": 0
        },
        {
          "wtype": "punct",
          "wf": ".",
          "off_start": 20,
          "off_end": 21,
          "next_word": 5
        }
      ],
      "text": "1.1. qiːb baat qajej.",
      "para_alignment": [
        {
          "off_start": 0,
          "off_end": 21,
          "para_id": 1722
        }
      ]
    },
    {
      "lang": 0,
      "words": [
        {
          "wtype": "punct",
          "wf": "1.2.",
          "off_start": 0,
          "off_end": 4,
          "next_word": 1
        },
        {
          "wtype": "word",
          "wf": "uska",
          "ana": [
            {
              "parts": "us-ka",
              "gloss": "",
              "gloss_index": "STEM{us}-LOC{ka}-",
              "lex": "us",
              "trans_ru": "здесь",
              "gloss_ru": "здесь-LOC",
              "gloss_index_ru": "STEM{us}-LOC{ka}-",
              "gr.pos": "adv"
            }
          ],
          "off_start": 5,
          "off_end": 9,
          "next_word": 2,
          "sentence_index": 0,
          "sentence_index_neg": 1
        },
        {
          "wtype": "word",
          "wf": "kajonus",
          "ana": [
            {
              "parts": "k-kajo-n-qus-∅",
              "gloss": "",
              "gloss_index": "S1.2{k}-STEM{kaj}-T.PST{o}-PST{n}-брать{qus}-S1.SG{∅}-",
              "gloss_ru": "S1.2-конечностьT.PSTPSTбрать-S1.SG",
              "gloss_index_ru": "S1.2{k}-STEM{kaj}-T.PST{o}-PST{n}-брать{qus}-S1.SG{∅}-",
              "lex": "kaj",
              "trans_ru": "конечность",
              "gr.pos": "n"
            }
          ],
          "off_start": 10,
          "off_end": 17,
          "next_word": 3,
          "sentence_index": 1,
          "sentence_index_neg": 0
        },
        {
          "wtype": "punct",
          "wf": ".",
          "off_start": 17,
          "off_end": 18,
          "next_word": 4
        }
      ],
      "text": "1.2. uska kajonus.",
      "para_alignment": [
        {
          "off_start": 0,
          "off_end": 18,
          "para_id": 1723
        }
      ]
    },
    {
      "lang": 0,
      "words": [
        {
          "wtype": "punct",
          "wf": "1.3.",
          "off_start": 0,
          "off_end": 4,
          "next_word": 1
        },
        {
          "wtype": "word",
          "wf": "kiˀs",
          "ana": [
            {
              "parts": "kiˀs",
              "gloss": "",
              "gloss_index": "STEM{kiˀs}-",
              "lex": "kiˀs",
              "trans_ru": "нога",
              "gloss_ru": "нога",
              "gloss_index_ru": "STEM{kiˀs}-",
              "gr.pos": "n"
            }
          ],
          "off_start": 5,
          "off_end": 9,
          "next_word": 2,
          "sentence_index": 0,
          "sentence_index_neg": 2
        },
        {
          "wtype": "word",
          "wf": "kəma",
          "ana": [
            {
              "parts": "kəma",
              "gloss": "",
              "gloss_index": "STEM{kəma}-",
              "lex": "kəma",
              "trans_ru": "прочь",
              "gloss_ru": "прочь",
              "gloss_index_ru": "STEM{kəma}-",
              "gr.pos": "<Not Sure>"
            }
          ],
          "off_start": 10,
          "off_end": 14,
          "next_word": 3,
          "sentence_index": 1,
          "sentence_index_neg": 1
        },
        {
          "wtype": "word",
          "wf": "hadobla",
          "ana": [
            {
              "parts": "k-hado-b-l-a-∅",
              "gloss": "",
              "gloss_index": "S1.2{k}-STEM{had}-T.PST{o}-O2.3SG.TH{b}-PST{l}-LV{a}-S1.SG{∅}-",
              "gloss_ru": "S1.2-резаитT.PSTO2.3SG.TH-PST-LV-S1.SG",
              "gloss_index_ru": "S1.2{k}-STEM{had}-T.PST{o}-O2.3SG.TH{b}-PST{l}-LV{a}-S1.SG{∅}-",
              "lex": "had",
              "trans_ru": "резаит",
              "gr.pos": "v"
            }
          ],
          "off_start": 15,
          "off_end": 22,
          "next_word": 4,
          "sentence_index": 2,
          "sentence_index_neg": 0
        },
        {
          "wtype": "punct",
          "wf": ".",
          "off_start": 22,
          "off_end": 23,
          "next_word": 5
        }
      ],
      "text": "1.3. kiˀs kəma hadobla.",
      "para_alignment": [
        {
          "off_start": 0,
          "off_end": 23,
          "para_id": 1724
        }
      ]
    },
    {
      "lang": 0,
      "words": [
        {
          "wtype": "punct",
          "wf": "1.4.",
          "off_start": 0,
          "off_end": 4,
          "next_word": 1
        },
        {
          "wtype": "word",
          "wf": "i",
          "ana": [
            {
              "parts": "i",
              "gloss": "",
              "gloss_index": "и{i}-",
              "gloss_ru": "и",
              "gloss_index_ru": "и{i}-",
              "gr.pos": "adp"
            }
          ],
          "off_start": 5,
          "off_end": 6,
          "next_word": 2,
          "sentence_index": 0,
          "sentence_index_neg": 5
        },
        {
          "wtype": "word",
          "wf": "tun",
          "ana": [
            {
              "parts": "t-u-n-∅",
              "gloss": "",
              "gloss_index": ""
            }
          ],
          "off_start": 7,
          "off_end": 10,
          "next_word": 3,
          "sentence_index": 1,
          "sentence_index_neg": 4
        },
        {
          "wtype": "word",
          "wf": "kiˀs",
          "ana": [
            {
              "parts": "kiˀs",
              "gloss": "",
              "gloss_index": "STEM{kiˀs}-",
              "lex": "kiˀs",
              "trans_ru": "нога",
              "gloss_ru": "нога",
              "gloss_index_ru": "STEM{kiˀs}-",
              "gr.pos": "n"
            }
          ],
          "off_start": 11,
          "off_end": 15,
          "next_word": 4,
          "sentence_index": 2,
          "sentence_index_neg": 3
        },
        {
          "wtype": "word",
          "wf": "keˀt",
          "ana": [
            {
              "parts": "keˀt",
              "gloss": "",
              "gloss_index": "STEM{keˀt}-",
              "lex": "keˀt",
              "trans_ru": "человек",
              "gloss_ru": "человек",
              "gloss_index_ru": "STEM{keˀt}-",
              "gr.pos": "n"
            }
          ],
          "off_start": 16,
          "off_end": 20,
          "next_word": 5,
          "sentence_index": 3,
          "sentence_index_neg": 2
        },
        {
          "wtype": "word",
          "wf": "an",
          "ana": [
            {
              "parts": "an",
              "gloss": "",
              "gloss_index": "обычно{an}-",
              "gloss_ru": "обычно",
              "gloss_index_ru": "обычно{an}-",
              "gr.pos": "prt"
            }
          ],
          "off_start": 21,
          "off_end": 23,
          "next_word": 6,
          "sentence_index": 4,
          "sentence_index_neg": 1
        },
        {
          "wtype": "word",
          "wf": "deskaba",
          "ana": [
            {
              "parts": "d-esk-a-b-∅-a-∅",
              "gloss": "",
              "gloss_index": "S1.3M{d}-STEM{es}-DET{k}-T.PRS{a}-O2.3SG.TH{b}-PRS{∅}-LV{a}-S1.SG{∅}-",
              "gloss_ru": "S1.3M-вверхDET-T.PRS-O2.3SG.TH-PRS-LV-S1.SG",
              "gloss_index_ru": "S1.3M{d}-STEM{es}-DET{k}-T.PRS{a}-O2.3SG.TH{b}-PRS{∅}-LV{a}-S1.SG{∅}-",
              "lex": "es",
              "trans_ru": "вверх",
              "gr.pos": [
                "<Not Sure>",
                "v"
              ]
            }
          ],
          "off_start": 24,
          "off_end": 31,
          "next_word": 7,
          "sentence_index": 5,
          "sentence_index_neg": 0
        },
        {
          "wtype": "punct",
          "wf": ".",
          "off_start": 31,
          "off_end": 32,
          "next_word": 8
        }
      ],
      "text": "1.4. i tun kiˀs keˀt an deskaba.",
      "para_alignment": [
        {
          "off_start": 0,
          "off_end": 32,
          "para_id": 1725
        }
      ]
    },
    {
      "lang": 0,
      "words": [
        {
          "wtype": "punct",
          "wf": "1.5.",
          "off_start": 0,
          "off_end": 4,
          "next_word": 1
        },
        {
          "wtype": "word",
          "wf": "i",
          "ana": [
            {
              "parts": "i",
              "gloss": "",
              "gloss_index": "и{i}-",
              "gloss_ru": "и",
              "gloss_index_ru": "и{i}-",
              "gr.pos": "adp"
            }
          ],
          "off_start": 5,
          "off_end": 6,
          "next_word": 2,
          "sentence_index": 0,
          "sentence_index_neg": 3
        },
        {
          "wtype": "word",
          "wf": "qaje",
          "ana": [
            {
              "parts": "qaje",
              "gloss": "",
              "gloss_index": "STEM{qaje}-",
              "lex": "qaje",
              "trans_ru": "потом",
              "gloss_ru": "потом",
              "gloss_index_ru": "STEM{qaje}-",
              "gr.pos": "DM"
            }
          ],
          "off_start": 7,
          "off_end": 11,
          "next_word": 3,
          "sentence_index": 1,
          "sentence_index_neg": 2
        },
        {
          "wtype": "word",
          "wf": "an",
          "ana": [
            {
              "parts": "an",
              "gloss": "",
              "gloss_index": "обычно{an}-",
              "gloss_ru": "обычно",
              "gloss_index_ru": "обычно{an}-",
              "gr.pos": "prt"
            }
          ],
          "off_start": 12,
          "off_end": 14,
          "next_word": 4,
          "sentence_index": 2,
          "sentence_index_neg": 1
        },
        {
          "wtype": "word",
          "wf": "kasqansa",
          "ana": [
            {
              "parts": "k-asqans-∅-a-∅",
              "gloss": "",
              "gloss_index": "S1.2{k}-STEM{asqan}-T.PRS{s}-PRS{∅}-LV{a}-S1.SG{∅}-",
              "gloss_ru": "S1.2-говорениеT.PRS-PRS-LV-S1.SG",
              "gloss_index_ru": "S1.2{k}-STEM{asqan}-T.PRS{s}-PRS{∅}-LV{a}-S1.SG{∅}-",
              "lex": "asqan",
              "trans_ru": "говорение",
              "gr.pos": "v"
            }
          ],
          "off_start": 15,
          "off_end": 23,
          "next_word": 5,
          "sentence_index": 3,
          "sentence_index_neg": 0
        }
      ],
      "text": "1.5. i qaje an kasqansa",
      "para_alignment": [
        {
          "off_start": 0,
          "off_end": 23,
          "para_id": 1726
        }
      ]
    },
    {
      "lang": 0,
      "words": [
        {
          "wtype": "punct",
          "wf": "2.",
          "off_start": 0,
          "off_end": 2,
          "next_word": 1
        }
      ],
      "text": "2.",
      "para_alignment": [
        {
          "off_start": 0,
          "off_end": 2,
          "para_id": 1727
        }
      ],
      "last": true
    },
    {
      "lang": 1,
      "words": [
        {
          "off_start": 0,
          "wf": "Медведя",
          "wtype": "word",
          "off_end": 7,
          "next_word": 1,
          "sentence_index": 0,
          "sentence_index_neg": 5
        },
        {
          "off_start": 8,
          "wf": "[=",
          "wtype": "punct",
          "off_end": 10,
          "next_word": 2,
          "sentence_index": 1,
          "sentence_index_neg": 4
        },
        {
          "off_start": 10,
          "wf": "дед-старик",
          "wtype": "word",
          "off_end": 20,
          "next_word": 3,
          "sentence_index": 2,
          "sentence_index_neg": 3
        },
        {
          "off_start": 20,
          "wf": "]",
          "wtype": "punct",
          "off_end": 21,
          "next_word": 4,
          "sentence_index": 3,
          "sentence_index_neg": 2
        },
        {
          "off_start": 22,
          "wf": "ты",
          "wtype": "word",
          "off_end": 24,
          "next_word": 5,
          "sentence_index": 4,
          "sentence_index_neg": 1
        },
        {
          "off_start": 25,
          "wf": "убиваешь",
          "wtype": "word",
          "off_end": 33,
          "next_word": 6,
          "sentence_index": 5,
          "sentence_index_neg": 0
        },
        {
          "off_start": 33,
          "wf": ".",
          "wtype": "punct",
          "off_end": 34,
          "next_word": 7
        }
      ],
      "text": "Медведя [=дед-старик] ты убиваешь.",
      "para_alignment": [
        {
          "off_start": 0,
          "off_end": 34,
          "para_id": 1722
        }
      ]
    },
    {
      "lang": 1,
      "words": [
        {
          "off_start": 0,
          "wf": "Домой",
          "wtype": "word",
          "off_end": 5,
          "next_word": 1,
          "sentence_index": 0,
          "sentence_index_neg": 2
        },
        {
          "off_start": 6,
          "wf": "ты",
          "wtype": "word",
          "off_end": 8,
          "next_word": 2,
          "sentence_index": 1,
          "sentence_index_neg": 1
        },
        {
          "off_start": 9,
          "wf": "взял",
          "wtype": "word",
          "off_end": 13,
          "next_word": 3,
          "sentence_index": 2,
          "sentence_index_neg": 0
        },
        {
          "off_start": 13,
          "wf": ".",
          "wtype": "punct",
          "off_end": 14,
          "next_word": 4
        }
      ],
      "text": "Домой ты взял.",
      "para_alignment": [
        {
          "off_start": 0,
          "off_end": 14,
          "para_id": 1723
        }
      ]
    },
    {
      "lang": 1,
      "words": [
        {
          "off_start": 0,
          "wf": "Ногу",
          "wtype": "word",
          "off_end": 4,
          "next_word": 1,
          "sentence_index": 0,
          "sentence_index_neg": 1
        },
        {
          "off_start": 5,
          "wf": "отрезал",
          "wtype": "word",
          "off_end": 12,
          "next_word": 2,
          "sentence_index": 1,
          "sentence_index_neg": 0
        },
        {
          "off_start": 12,
          "wf": ".",
          "wtype": "punct",
          "off_end": 13,
          "next_word": 3
        }
      ],
      "text": "Ногу отрезал.",
      "para_alignment": [
        {
          "off_start": 0,
          "off_end": 13,
          "para_id": 1724
        }
      ]
    },
    {
      "lang": 1,
      "words": [
        {
          "off_start": 0,
          "wf": "И",
          "wtype": "word",
          "off_end": 1,
          "next_word": 1,
          "sentence_index": 0,
          "sentence_index_neg": 5
        },
        {
          "off_start": 2,
          "wf": "эту",
          "wtype": "word",
          "off_end": 5,
          "next_word": 2,
          "sentence_index": 1,
          "sentence_index_neg": 4
        },
        {
          "off_start": 6,
          "wf": "ногу",
          "wtype": "word",
          "off_end": 10,
          "next_word": 3,
          "sentence_index": 2,
          "sentence_index_neg": 3
        },
        {
          "off_start": 11,
          "wf": "человек",
          "wtype": "word",
          "off_end": 18,
          "next_word": 4,
          "sentence_index": 3,
          "sentence_index_neg": 2
        },
        {
          "off_start": 19,
          "wf": "бывало",
          "wtype": "word",
          "off_end": 25,
          "next_word": 5,
          "sentence_index": 4,
          "sentence_index_neg": 1
        },
        {
          "off_start": 26,
          "wf": "бросает",
          "wtype": "word",
          "off_end": 33,
          "next_word": 6,
          "sentence_index": 5,
          "sentence_index_neg": 0
        },
        {
          "off_start": 33,
          "wf": ".",
          "wtype": "punct",
          "off_end": 34,
          "next_word": 7
        }
      ],
      "text": "И эту ногу человек бывало бросает.",
      "para_alignment": [
        {
          "off_start": 0,
          "off_end": 34,
          "para_id": 1725
        }
      ]
    },
    {
      "lang": 1,
      "words": [
        {
          "off_start": 0,
          "wf": "И",
          "wtype": "word",
          "off_end": 1,
          "next_word": 1,
          "sentence_index": 0,
          "sentence_index_neg": 3
        },
        {
          "off_start": 2,
          "wf": "потом",
          "wtype": "word",
          "off_end": 7,
          "next_word": 2,
          "sentence_index": 1,
          "sentence_index_neg": 2
        },
        {
          "off_start": 8,
          "wf": "обычно",
          "wtype": "word",
          "off_end": 14,
          "next_word": 3,
          "sentence_index": 2,
          "sentence_index_neg": 1
        },
        {
          "off_start": 15,
          "wf": "говоришь",
          "wtype": "word",
          "off_end": 23,
          "next_word": 4,
          "sentence_index": 3,
          "sentence_index_neg": 0
        },
        {
          "off_start": 23,
          "wf": ".",
          "wtype": "punct",
          "off_end": 24,
          "next_word": 5
        }
      ],
      "text": "И потом обычно говоришь.",
      "para_alignment": [
        {
          "off_start": 0,
          "off_end": 24,
          "para_id": 1726
        }
      ]
    },
    {
      "lang": 1,
      "words": [],
      "text": "",
      "para_alignment": [
        {
          "off_start": 0,
          "off_end": 0,
          "para_id": 1727
        }
      ]
    }
  ]
}