{"meta": {"title": "Как одна женщина нагнала страх на небо", "filename": "corpus\\xml\\hill.xml"}, "sentences": [{"lang": 0, "words": [{"wtype": "punct", "wf": "1.1.", "off_start": 0, "off_end": 4, "next_word": 1}, {"wtype": "word", "wf": "vätə̈", "ana": [{"parts": "vätə̈", "gloss": "", "gloss_index": "", "lex": "vätə̈", "trans_ru": "жена", "gloss_ru": "жена", "gloss_index_ru": "STEM{vätə̈}-", "gr.pos": "n"}], "off_start": 5, "off_end": 10, "next_word": 2, "sentence_index": 0, "sentence_index_neg": 3}, {"wtype": "word", "wf": "pə̈lgomə̑m", "ana": [{"parts": "pə̈lgom-ə̑m", "gloss": "", "gloss_index": "", "lex": "pə̈lgom", "trans_ru": "небо", "gloss_ru": "небо-ACC", "gloss_index_ru": "STEM{pə̈lgom}-ACC{ə̑m}-", "gr.pos": "n"}], "off_start": 11, "off_end": 21, "next_word": 3, "sentence_index": 1, "sentence_index_neg": 2}, {"wtype": "word", "wf": "lüdə̈kten", "ana": [{"parts": "lüd-ə̈kt-en", "gloss": "", "gloss_index": "", "lex": "lüd", "trans_ru": "бояться", "gloss_ru": "бояться-CAUS.DIST-CVB", "gloss_index_ru": "STEM{lüd}-CAUS.DIST{ə̈kt}-CVB{en}-", "gr.pos": "v"}], "off_start": 22, "off_end": 31, "next_word": 4, "sentence_index": 2, "sentence_index_neg": 1}, {"wtype": "word", "wf": "kolta", "ana": [{"parts": "kolt-a", "gloss": "", "gloss_index": "", "lex": "kolt", "trans_ru": "посылать", "gloss_ru": "посылать-NPST.3SG", "gloss_index_ru": "STEM{kolt}-NPST.3SG{a}-", "gr.pos": "v"}], "off_start": 32, "off_end": 37, "next_word": 5, "sentence_index": 3, "sentence_index_neg": 0}, {"wtype": "punct", "wf": ".", "off_start": 37, "off_end": 38, "next_word": 6}], "text": "1.1. vätə̈ pə̈lgomə̑m lüdə̈kten kolta.", "para_alignment": [{"off_start": 0, "off_end": 38, "para_id": 3902}]}, {"lang": 0, "words": [{"wtype": "punct", "wf": "1.2.", "off_start": 0, "off_end": 4, "next_word": 1}, {"wtype": "word", "wf": "pervi", "ana": [{"parts": "pervi", "gloss": "", "gloss_index": "", "lex": "pervi", "trans_ru": "прежде", "gloss_ru": "прежде", "gloss_index_ru": "STEM{pervi}-", "gr.pos": "adv"}], "off_start": 5, "off_end": 10, "next_word": 2, "sentence_index": 0, "sentence_index_neg": 3}, {"wtype": "word", "wf": "pə̈lgom", "ana": [{"parts": "pə̈lgom", "gloss": "", "gloss_index": "", "lex": "pə̈lgom", "trans_ru": "небо", "gloss_ru": "небо", "gloss_index_ru": "STEM{pə̈lgom}-", "gr.pos": "n"}], "off_start": 11, "off_end": 18, "next_word": 3, "sentence_index": 1, "sentence_index_neg": 2}, {"wtype": "word", "wf": "ülnə̈", "ana": [{"parts": "ül-nə̈", "gloss": "", "gloss_index": "", "lex": "ül", "trans_ru": "низ", "gloss_ru": "низ-IN2", "gloss_index_ru": "STEM{ül}-IN2{nə̈}-", "gr.pos": "n"}], "off_start": 19, "off_end": 24, "next_word": 4, "sentence_index": 2, "sentence_index_neg": 1}, {"wtype": "word", "wf": "ə̑lə̑n", "ana": [{"parts": "ə̑l-ə̑n", "gloss": "", "gloss_index": "", "lex": "ə̑l", "trans_ru": "быть", "gloss_ru": "быть-PRET", "gloss_index_ru": "STEM{ə̑l}-PRET{ə̑n}-", "gr.pos": ["v", "prt"]}], "off_start": 25, "off_end": 31, "next_word": 5, "sentence_index": 3, "sentence_index_neg": 0}, {"wtype": "punct", "wf": ".", "off_start": 31, "off_end": 32, "next_word": 6}], "text": "1.2. pervi pə̈lgom ülnə̈ ə̑lə̑n.", "para_alignment": [{"off_start": 0, "off_end": 32, "para_id": 3903}]}, {"lang": 0, "words": [{"wtype": "punct", "wf": "1.3.", "off_start": 0, "off_end": 4, "next_word": 1}, {"wtype": "word", "wf": "vätə̈", "ana": [{"parts": "vätə̈", "gloss": "", "gloss_index": "", "lex": "vätə̈", "trans_ru": "жена", "gloss_ru": "жена", "gloss_index_ru": "STEM{vätə̈}-", "gr.pos": "n"}], "off_start": 5, "off_end": 10, "next_word": 2, "sentence_index": 0, "sentence_index_neg": 9}, {"wtype": "word", "wf": "äzä", "ana": [{"parts": "äzä", "gloss": "", "gloss_index": "", "lex": "äzä", "trans_ru": "ребенок", "gloss_ru": "ребенок", "gloss_index_ru": "STEM{äzä}-", "gr.pos": "n"}], "off_start": 11, "off_end": 14, "next_word": 3, "sentence_index": 1, "sentence_index_neg": 8}, {"wtype": "word", "wf": "šapikə̈m", "ana": [{"parts": "šapik-ə̈m", "gloss": "", "gloss_index": "", "lex": "šapik", "trans_ru": "пеленка", "gloss_ru": "пеленка-ACC", "gloss_index_ru": "STEM{šapik}-ACC{ə̈m}-", "gr.pos": "n"}], "off_start": 15, "off_end": 23, "next_word": 4, "sentence_index": 2, "sentence_index_neg": 7}, {"wtype": "punct", "wf": "(", "off_start": 24, "off_end": 25, "next_word": 5, "sentence_index": 3, "sentence_index_neg": 6}, {"wtype": "word", "wf": "äzä", "ana": [{"parts": "äzä", "gloss": "", "gloss_index": "", "lex": "äzä", "trans_ru": "ребенок", "gloss_ru": "ребенок", "gloss_index_ru": "STEM{äzä}-", "gr.pos": "n"}], "off_start": 25, "off_end": 28, "next_word": 6, "sentence_index": 4, "sentence_index_neg": 5}, {"wtype": "word", "wf": "savə̑cə̑m", "ana": [{"parts": "savə̑c-ə̑m", "gloss": "", "gloss_index": "", "lex": "savə̑c", "trans_ru": "платок", "gloss_ru": "платок-ACC", "gloss_index_ru": "STEM{savə̑c}-ACC{ə̑m}-", "gr.pos": "n"}], "off_start": 29, "off_end": 38, "next_word": 7, "sentence_index": 5, "sentence_index_neg": 4}, {"wtype": "punct", "wf": ")", "off_start": 38, "off_end": 39, "next_word": 8, "sentence_index": 6, "sentence_index_neg": 3}, {"wtype": "word", "wf": "pə̈lgomə̑š", "ana": [{"parts": "pə̈lgom-ə̑š", "gloss": "", "gloss_index": "", "lex": "pə̈lgom", "trans_ru": "небо", "gloss_ru": "небо-ILL", "gloss_index_ru": "STEM{pə̈lgom}-ILL{ə̑š}-", "gr.pos": "n"}], "off_start": 40, "off_end": 50, "next_word": 9, "sentence_index": 7, "sentence_index_neg": 2}, {"wtype": "word", "wf": "šuen", "ana": [{"parts": "šu-en", "gloss": "", "gloss_index": "", "lex": "šu", "trans_ru": "бросить", "gloss_ru": "бросить-CVB", "gloss_index_ru": "STEM{šu}-CVB{en}-", "gr.pos": "v"}], "off_start": 51, "off_end": 55, "next_word": 10, "sentence_index": 8, "sentence_index_neg": 1}, {"wtype": "word", "wf": "kolten", "ana": [{"parts": "kolt-en", "gloss": "", "gloss_index": "", "lex": "kolt", "trans_ru": "посылать", "gloss_ru": "посылать-PRET", "gloss_index_ru": "STEM{kolt}-PRET{en}-", "gr.pos": "v"}], "off_start": 56, "off_end": 62, "next_word": 11, "sentence_index": 9, "sentence_index_neg": 0}, {"wtype": "punct", "wf": ".", "off_start": 62, "off_end": 63, "next_word": 12}], "text": "1.3. vätə̈ äzä šapikə̈m (äzä savə̑cə̑m) pə̈lgomə̑š šuen kolten.", "para_alignment": [{"off_start": 0, "off_end": 63, "para_id": 3904}]}, {"lang": 0, "words": [{"wtype": "punct", "wf": "1.4.", "off_start": 0, "off_end": 4, "next_word": 1}, {"wtype": "word", "wf": "dä", "ana": [{"parts": "dä", "gloss": "", "gloss_index": "", "lex": "dä", "trans_ru": "и", "gloss_ru": "и", "gloss_index_ru": "STEM{dä}-", "gr.pos": "coordconn"}], "off_start": 5, "off_end": 7, "next_word": 2, "sentence_index": 0, "sentence_index_neg": 6}, {"wtype": "word", "wf": "pə̈lgom", "ana": [{"parts": "pə̈lgom", "gloss": "", "gloss_index": "", "lex": "pə̈lgom", "trans_ru": "небо", "gloss_ru": "небо", "gloss_index_ru": "STEM{pə̈lgom}-", "gr.pos": "n"}], "off_start": 8, "off_end": 15, "next_word": 3, "sentence_index": 1, "sentence_index_neg": 5}, {"wtype": "word", "wf": "jə̈rnen", "ana": [{"parts": "jə̈rn-en", "gloss": "", "gloss_index": "", "lex": "jə̈rn", "trans_ru": "брезговать", "gloss_ru": "брезговать-CVB", "gloss_index_ru": "STEM{jə̈rn}-CVB{en}-", "gr.pos": "v"}], "off_start": 16, "off_end": 23, "next_word": 4, "sentence_index": 2, "sentence_index_neg": 4}, {"wtype": "word", "wf": "kolten", "ana": [{"parts": "kolt-en", "gloss": "", "gloss_index": "", "lex": "kolt", "trans_ru": "посылать", "gloss_ru": "посылать-PRET", "gloss_index_ru": "STEM{kolt}-PRET{en}-", "gr.pos": "v"}], "off_start": 24, "off_end": 30, "next_word": 5, "sentence_index": 3, "sentence_index_neg": 3}, {"wtype": "word", "wf": "küškə̈", "ana": [{"parts": "küš-kə̈", "gloss": "", "gloss_index": "", "lex": "küš", "trans_ru": "верх", "gloss_ru": "верх-ILL2", "gloss_index_ru": "STEM{küš}-ILL2{kə̈}-", "gr.pos": "n"}], "off_start": 31, "off_end": 37, "next_word": 6, "sentence_index": 4, "sentence_index_neg": 2}, {"wtype": "word", "wf": "kuzen", "ana": [{"parts": "kuz-en", "gloss": "", "gloss_index": "", "lex": "kuz", "trans_ru": "подниматься", "gloss_ru": "подниматься-CVB", "gloss_index_ru": "STEM{kuz}-CVB{en}-", "gr.pos": "v"}], "off_start": 38, "off_end": 43, "next_word": 7, "sentence_index": 5, "sentence_index_neg": 1}, {"wtype": "word", "wf": "ken", "ana": [{"parts": "ke-n", "gloss": "", "gloss_index": "", "lex": "ke", "trans_ru": "идти", "gloss_ru": "идти-PRET", "gloss_index_ru": "STEM{ke}-PRET{n}-", "gr.pos": "v"}], "off_start": 44, "off_end": 47, "next_word": 8, "sentence_index": 6, "sentence_index_neg": 0}, {"wtype": "punct", "wf": ".", "off_start": 47, "off_end": 48, "next_word": 9}], "text": "1.4. dä pə̈lgom jə̈rnen kolten küškə̈ kuzen ken.", "para_alignment": [{"off_start": 0, "off_end": 48, "para_id": 3905}]}, {"lang": 0, "words": [{"wtype": "punct", "wf": "1.5.", "off_start": 0, "off_end": 4, "next_word": 1}, {"wtype": "word", "wf": "pervi", "ana": [{"parts": "pervi", "gloss": "", "gloss_index": "", "lex": "pervi", "trans_ru": "прежде", "gloss_ru": "прежде", "gloss_index_ru": "STEM{pervi}-", "gr.pos": "adv"}], "off_start": 5, "off_end": 10, "next_word": 2, "sentence_index": 0, "sentence_index_neg": 5}, {"wtype": "word", "wf": "pə̈lgom", "ana": [{"parts": "pə̈lgom", "gloss": "", "gloss_index": "", "lex": "pə̈lgom", "trans_ru": "небо", "gloss_ru": "небо", "gloss_index_ru": "STEM{pə̈lgom}-", "gr.pos": "n"}], "off_start": 11, "off_end": 18, "next_word": 3, "sentence_index": 1, "sentence_index_neg": 4}, {"wtype": "word", "wf": "potolə̑k", "ana": [{"parts": "potolə̑k", "gloss": "", "gloss_index": "", "lex": "potolə̑k", "trans_ru": "потолок", "gloss_ru": "потолок", "gloss_index_ru": "STEM{potolə̑k}-", "gr.pos": "n"}], "off_start": 19, "off_end": 27, "next_word": 4, "sentence_index": 2, "sentence_index_neg": 3}, {"wtype": "word", "wf": "kükšə̈cäš", "ana": [{"parts": "kükšə̈c-äš", "gloss": "", "gloss_index": "", "lex": "kükšə̈c", "trans_ru": "высота", "gloss_ru": "высота-ATTR.MEAS", "gloss_index_ru": "STEM{kükšə̈c}-ATTR.MEAS{äš}-", "gr.pos": ["n", "adj"]}], "off_start": 28, "off_end": 37, "next_word": 5, "sentence_index": 3, "sentence_index_neg": 2}, {"wtype": "word", "wf": "vele", "ana": [{"parts": "vele", "gloss": "", "gloss_index": "", "lex": "vele", "trans_ru": "только", "gloss_ru": "только", "gloss_index_ru": "STEM{vele}-", "gr.pos": "prt"}], "off_start": 38, "off_end": 42, "next_word": 6, "sentence_index": 4, "sentence_index_neg": 1}, {"wtype": "word", "wf": "ə̑lə̑n", "ana": [{"parts": "ə̑l-ə̑n", "gloss": "", "gloss_index": "", "lex": "ə̑l", "trans_ru": "быть", "gloss_ru": "быть-PRET", "gloss_index_ru": "STEM{ə̑l}-PRET{ə̑n}-", "gr.pos": ["v", "prt"]}], "off_start": 43, "off_end": 49, "next_word": 7, "sentence_index": 5, "sentence_index_neg": 0}, {"wtype": "punct", "wf": ".", "off_start": 49, "off_end": 50, "next_word": 8}], "text": "1.5. pervi pə̈lgom potolə̑k kükšə̈cäš vele ə̑lə̑n.", "para_alignment": [{"off_start": 0, "off_end": 50, "para_id": 3906}]}, {"lang": 0, "words": [{"wtype": "punct", "wf": "1.6.", "off_start": 0, "off_end": 4, "next_word": 1}, {"wtype": "word", "wf": "kogo", "ana": [{"parts": "kogo", "gloss": "", "gloss_index": "", "lex": "kogo", "trans_ru": "большой", "gloss_ru": "большой", "gloss_index_ru": "STEM{kogo}-", "gr.pos": "adj"}], "off_start": 5, "off_end": 9, "next_word": 2, "sentence_index": 0, "sentence_index_neg": 9}, {"wtype": "word", "wf": "və̈d", "ana": [{"parts": "və̈d", "gloss": "", "gloss_index": "", "lex": "və̈d", "trans_ru": "вода", "gloss_ru": "вода", "gloss_index_ru": "STEM{və̈d}-", "gr.pos": "n"}], "off_start": 10, "off_end": 14, "next_word": 3, "sentence_index": 1, "sentence_index_neg": 8}, {"wtype": "word", "wf": "lə̑m", "ana": [{"parts": "lə̑m", "gloss": "", "gloss_index": "", "lex": "lə̑m", "trans_ru": "снег", "gloss_ru": "снег", "gloss_index_ru": "STEM{lə̑m}-", "gr.pos": "n"}], "off_start": 15, "off_end": 19, "next_word": 4, "sentence_index": 2, "sentence_index_neg": 7}, {"wtype": "word", "wf": "godə̑m", "ana": [{"parts": "god-ə̑m", "gloss": "", "gloss_index": "", "lex": "god", "trans_ru": "время", "gloss_ru": "время-ACC", "gloss_index_ru": "STEM{god}-ACC{ə̑m}-", "gr.pos": "post"}], "off_start": 20, "off_end": 26, "next_word": 5, "sentence_index": 3, "sentence_index_neg": 6}, {"wtype": "word", "wf": "kogon", "ana": [{"parts": "kogo-n", "gloss": "", "gloss_index": "", "lex": "kogo", "trans_ru": "большой", "gloss_ru": "большой-ADV", "gloss_index_ru": "STEM{kogo}-ADV{n}-", "gr.pos": "adj"}], "off_start": 27, "off_end": 32, "next_word": 6, "sentence_index": 4, "sentence_index_neg": 5}, {"wtype": "word", "wf": "parlana", "ana": [{"parts": "par-lan-a", "gloss": "", "gloss_index": "", "lex": "par", "trans_ru": "пар", "gloss_ru": "пар-MAN-NPST.3SG", "gloss_index_ru": "STEM{par}-MAN{lan}-NPST.3SG{a}-", "gr.pos": ["n", "v"]}], "off_start": 33, "off_end": 40, "next_word": 7, "sentence_index": 5, "sentence_index_neg": 4}, {"wtype": "word", "wf": "dä", "ana": [{"parts": "dä", "gloss": "", "gloss_index": "", "lex": "dä", "trans_ru": "и", "gloss_ru": "и", "gloss_index_ru": "STEM{dä}-", "gr.pos": "coordconn"}], "off_start": 41, "off_end": 43, "next_word": 8, "sentence_index": 6, "sentence_index_neg": 3}, {"wtype": "word", "wf": "pə̈lgom", "ana": [{"parts": "pə̈lgom", "gloss": "", "gloss_index": "", "lex": "pə̈lgom", "trans_ru": "небо", "gloss_ru": "небо", "gloss_index_ru": "STEM{pə̈lgom}-", "gr.pos": "n"}], "off_start": 44, "off_end": 51, "next_word": 9, "sentence_index": 7, "sentence_index_neg": 2}, {"wtype": "word", "wf": "ülnə̈", "ana": [{"parts": "ül-nə̈", "gloss": "", "gloss_index": "", "lex": "ül", "trans_ru": "низ", "gloss_ru": "низ-IN2", "gloss_index_ru": "STEM{ül}-IN2{nə̈}-", "gr.pos": "n"}], "off_start": 52, "off_end": 57, "next_word": 10, "sentence_index": 8, "sentence_index_neg": 1}, {"wtype": "word", "wf": "lieš", "ana": [{"parts": "li-eš", "gloss": "", "gloss_index": "", "lex": "li", "trans_ru": "становиться", "gloss_ru": "становиться-NPST.3SG", "gloss_index_ru": "STEM{li}-NPST.3SG{eš}-", "gr.pos": "v"}], "off_start": 58, "off_end": 62, "next_word": 11, "sentence_index": 9, "sentence_index_neg": 0}, {"wtype": "punct", "wf": ".", "off_start": 62, "off_end": 63, "next_word": 12}], "text": "1.6. kogo və̈d lə̑m godə̑m kogon parlana dä pə̈lgom ülnə̈ lieš.", "para_alignment": [{"off_start": 0, "off_end": 63, "para_id": 3907}], "last": true}, {"lang": 1, "words": [{"off_start": 0, "wf": "Как", "wtype": "word", "off_end": 3, "next_word": 1, "sentence_index": 0, "sentence_index_neg": 6}, {"off_start": 4, "wf": "одна", "wtype": "word", "off_end": 8, "next_word": 2, "sentence_index": 1, "sentence_index_neg": 5}, {"off_start": 9, "wf": "женщина", "wtype": "word", "off_end": 16, "next_word": 3, "sentence_index": 2, "sentence_index_neg": 4}, {"off_start": 17, "wf": "нагнала", "wtype": "word", "off_end": 24, "next_word": 4, "sentence_index": 3, "sentence_index_neg": 3}, {"off_start": 25, "wf": "страх", "wtype": "word", "off_end": 30, "next_word": 5, "sentence_index": 4, "sentence_index_neg": 2}, {"off_start": 31, "wf": "на", "wtype": "word", "off_end": 33, "next_word": 6, "sentence_index": 5, "sentence_index_neg": 1}, {"off_start": 34, "wf": "небо", "wtype": "word", "off_end": 38, "next_word": 7, "sentence_index": 6, "sentence_index_neg": 0}, {"off_start": 38, "wf": ".", "wtype": "punct", "off_end": 39, "next_word": 8}], "text": "Как одна женщина нагнала страх на небо.", "para_alignment": [{"off_start": 0, "off_end": 39, "para_id": 3902}]}, {"lang": 1, "words": [{"off_start": 0, "wf": "В", "wtype": "word", "off_end": 1, "next_word": 1, "sentence_index": 0, "sentence_index_neg": 7}, {"off_start": 2, "wf": "древности", "wtype": "word", "off_end": 11, "next_word": 2, "sentence_index": 1, "sentence_index_neg": 6}, {"off_start": 12, "wf": "небо", "wtype": "word", "off_end": 16, "next_word": 3, "sentence_index": 2, "sentence_index_neg": 5}, {"off_start": 17, "wf": "было", "wtype": "word", "off_end": 21, "next_word": 4, "sentence_index": 3, "sentence_index_neg": 4}, {"off_start": 22, "wf": "ниже", "wtype": "word", "off_end": 26, "next_word": 5, "sentence_index": 4, "sentence_index_neg": 3}, {"off_start": 26, "wf": ",", "wtype": "punct", "off_end": 27, "next_word": 6, "sentence_index": 5, "sentence_index_neg": 2}, {"off_start": 28, "wf": "чем", "wtype": "word", "off_end": 31, "next_word": 7, "sentence_index": 6, "sentence_index_neg": 1}, {"off_start": 32, "wf": "сейчас", "wtype": "word", "off_end": 38, "next_word": 8, "sentence_index": 7, "sentence_index_neg": 0}, {"off_start": 38, "wf": ".", "wtype": "punct", "off_end": 39, "next_word": 9}], "text": "В древности небо было ниже, чем сейчас.", "para_alignment": [{"off_start": 0, "off_end": 39, "para_id": 3903}]}, {"lang": 1, "words": [{"off_start": 0, "wf": "Одна", "wtype": "word", "off_end": 4, "next_word": 1, "sentence_index": 0, "sentence_index_neg": 8}, {"off_start": 5, "wf": "женщина", "wtype": "word", "off_end": 12, "next_word": 2, "sentence_index": 1, "sentence_index_neg": 7}, {"off_start": 13, "wf": "бросила", "wtype": "word", "off_end": 20, "next_word": 3, "sentence_index": 2, "sentence_index_neg": 6}, {"off_start": 21, "wf": "на", "wtype": "word", "off_end": 23, "next_word": 4, "sentence_index": 3, "sentence_index_neg": 5}, {"off_start": 24, "wf": "небо", "wtype": "word", "off_end": 28, "next_word": 5, "sentence_index": 4, "sentence_index_neg": 4}, {"off_start": 29, "wf": "грязные", "wtype": "word", "off_end": 36, "next_word": 6, "sentence_index": 5, "sentence_index_neg": 3}, {"off_start": 37, "wf": "пеленки", "wtype": "word", "off_end": 44, "next_word": 7, "sentence_index": 6, "sentence_index_neg": 2}, {"off_start": 45, "wf": "своего", "wtype": "word", "off_end": 51, "next_word": 8, "sentence_index": 7, "sentence_index_neg": 1}, {"off_start": 52, "wf": "ребенка", "wtype": "word", "off_end": 59, "next_word": 9, "sentence_index": 8, "sentence_index_neg": 0}, {"off_start": 59, "wf": ".", "wtype": "punct", "off_end": 60, "next_word": 10}], "text": "Одна женщина бросила на небо грязные пеленки своего ребенка.", "para_alignment": [{"off_start": 0, "off_end": 60, "para_id": 3904}]}, {"lang": 1, "words": [{"off_start": 0, "wf": "Небу", "wtype": "word", "off_end": 4, "next_word": 1, "sentence_index": 0, "sentence_index_neg": 8}, {"off_start": 5, "wf": "стало", "wtype": "word", "off_end": 10, "next_word": 2, "sentence_index": 1, "sentence_index_neg": 7}, {"off_start": 11, "wf": "очень", "wtype": "word", "off_end": 16, "next_word": 3, "sentence_index": 2, "sentence_index_neg": 6}, {"off_start": 17, "wf": "противно", "wtype": "word", "off_end": 25, "next_word": 4, "sentence_index": 3, "sentence_index_neg": 5}, {"off_start": 25, "wf": ",", "wtype": "punct", "off_end": 26, "next_word": 5, "sentence_index": 4, "sentence_index_neg": 4}, {"off_start": 27, "wf": "и", "wtype": "word", "off_end": 28, "next_word": 6, "sentence_index": 5, "sentence_index_neg": 3}, {"off_start": 29, "wf": "оно", "wtype": "word", "off_end": 32, "next_word": 7, "sentence_index": 6, "sentence_index_neg": 2}, {"off_start": 33, "wf": "поднялось", "wtype": "word", "off_end": 42, "next_word": 8, "sentence_index": 7, "sentence_index_neg": 1}, {"off_start": 43, "wf": "ввысь", "wtype": "word", "off_end": 48, "next_word": 9, "sentence_index": 8, "sentence_index_neg": 0}, {"off_start": 48, "wf": ".", "wtype": "punct", "off_end": 49, "next_word": 10}], "text": "Небу стало очень противно, и оно поднялось ввысь.", "para_alignment": [{"off_start": 0, "off_end": 49, "para_id": 3905}]}, {"lang": 1, "words": [{"off_start": 0, "wf": "А", "wtype": "word", "off_end": 1, "next_word": 1, "sentence_index": 0, "sentence_index_neg": 9}, {"off_start": 2, "wf": "ведь", "wtype": "word", "off_end": 6, "next_word": 2, "sentence_index": 1, "sentence_index_neg": 8}, {"off_start": 7, "wf": "до", "wtype": "word", "off_end": 9, "next_word": 3, "sentence_index": 2, "sentence_index_neg": 7}, {"off_start": 10, "wf": "этого", "wtype": "word", "off_end": 15, "next_word": 4, "sentence_index": 3, "sentence_index_neg": 6}, {"off_start": 16, "wf": "небо", "wtype": "word", "off_end": 20, "next_word": 5, "sentence_index": 4, "sentence_index_neg": 5}, {"off_start": 21, "wf": "было", "wtype": "word", "off_end": 25, "next_word": 6, "sentence_index": 5, "sentence_index_neg": 4}, {"off_start": 26, "wf": "высотою", "wtype": "word", "off_end": 33, "next_word": 7, "sentence_index": 6, "sentence_index_neg": 3}, {"off_start": 34, "wf": "всего", "wtype": "word", "off_end": 39, "next_word": 8, "sentence_index": 7, "sentence_index_neg": 2}, {"off_start": 40, "wf": "до", "wtype": "word", "off_end": 42, "next_word": 9, "sentence_index": 8, "sentence_index_neg": 1}, {"off_start": 43, "wf": "потолка", "wtype": "word", "off_end": 50, "next_word": 10, "sentence_index": 9, "sentence_index_neg": 0}, {"off_start": 50, "wf": ".", "wtype": "punct", "off_end": 51, "next_word": 11}], "text": "А ведь до этого небо было высотою всего до потолка.", "para_alignment": [{"off_start": 0, "off_end": 51, "para_id": 3906}]}, {"lang": 1, "words": [{"off_start": 0, "wf": "При", "wtype": "word", "off_end": 3, "next_word": 1, "sentence_index": 0, "sentence_index_neg": 12}, {"off_start": 4, "wf": "сильном", "wtype": "word", "off_end": 11, "next_word": 2, "sentence_index": 1, "sentence_index_neg": 11}, {"off_start": 12, "wf": "наводнении", "wtype": "word", "off_end": 22, "next_word": 3, "sentence_index": 2, "sentence_index_neg": 10}, {"off_start": 23, "wf": "и", "wtype": "word", "off_end": 24, "next_word": 4, "sentence_index": 3, "sentence_index_neg": 9}, {"off_start": 25, "wf": "снегопаде", "wtype": "word", "off_end": 34, "next_word": 5, "sentence_index": 4, "sentence_index_neg": 8}, {"off_start": 35, "wf": "бывает", "wtype": "word", "off_end": 41, "next_word": 6, "sentence_index": 5, "sentence_index_neg": 7}, {"off_start": 42, "wf": "сильное", "wtype": "word", "off_end": 49, "next_word": 7, "sentence_index": 6, "sentence_index_neg": 6}, {"off_start": 50, "wf": "испарение", "wtype": "word", "off_end": 59, "next_word": 8, "sentence_index": 7, "sentence_index_neg": 5}, {"off_start": 59, "wf": ",", "wtype": "punct", "off_end": 60, "next_word": 9, "sentence_index": 8, "sentence_index_neg": 4}, {"off_start": 61, "wf": "поэтому", "wtype": "word", "off_end": 68, "next_word": 10, "sentence_index": 9, "sentence_index_neg": 3}, {"off_start": 69, "wf": "небо", "wtype": "word", "off_end": 73, "next_word": 11, "sentence_index": 10, "sentence_index_neg": 2}, {"off_start": 74, "wf": "бывает", "wtype": "word", "off_end": 80, "next_word": 12, "sentence_index": 11, "sentence_index_neg": 1}, {"off_start": 81, "wf": "низким", "wtype": "word", "off_end": 87, "next_word": 13, "sentence_index": 12, "sentence_index_neg": 0}, {"off_start": 87, "wf": ".", "wtype": "punct", "off_end": 88, "next_word": 14}], "text": "При сильном наводнении и снегопаде бывает сильное испарение, поэтому небо бывает низким.", "para_alignment": [{"off_start": 0, "off_end": 88, "para_id": 3907}]}]}