{"meta": {"title": "Пересказ мультфильма \"Ну погоди\" (4)", "filename": "corpus\\xml\\hill.xml"}, "sentences": [{"lang": 0, "words": [{"wtype": "punct", "wf": "1.1.", "off_start": 0, "off_end": 4, "next_word": 1}, {"wtype": "word", "wf": "pirə̈", "ana": [{"parts": "pirə̈", "gloss": "", "gloss_index": "", "lex": "pirə̈", "trans_ru": "волк", "gloss_ru": "волк", "gloss_index_ru": "STEM{pirə̈}-", "gr.pos": "n"}], "off_start": 5, "off_end": 10, "next_word": 2, "sentence_index": 0, "sentence_index_neg": 6}, {"wtype": "word", "wf": "užeš", "ana": [{"parts": "už-eš", "gloss": "", "gloss_index": "", "lex": "už", "trans_ru": "видеть", "gloss_ru": "видеть-NPST.3SG", "gloss_index_ru": "STEM{už}-NPST.3SG{eš}-", "gr.pos": "v"}], "off_start": 11, "off_end": 15, "next_word": 3, "sentence_index": 1, "sentence_index_neg": 5}, {"wtype": "word", "wf": "kek", "ana": [{"parts": "kek", "gloss": "", "gloss_index": "", "lex": "kek", "trans_ru": "птица", "gloss_ru": "птица", "gloss_index_ru": "STEM{kek}-", "gr.pos": "n"}], "off_start": 16, "off_end": 19, "next_word": 4, "sentence_index": 2, "sentence_index_neg": 4}, {"wtype": "punct", "wf": "pə̈ž", "off_start": 20, "off_end": 24, "next_word": 5, "sentence_index": 3, "sentence_index_neg": 3}, {"wtype": "punct", "wf": "...", "off_start": 24, "off_end": 27, "next_word": 6, "sentence_index": 4, "sentence_index_neg": 2}, {"wtype": "word", "wf": "kek", "ana": [{"parts": "kek", "gloss": "", "gloss_index": "", "lex": "kek", "trans_ru": "птица", "gloss_ru": "птица", "gloss_index_ru": "STEM{kek}-", "gr.pos": "n"}], "off_start": 28, "off_end": 31, "next_word": 7, "sentence_index": 5, "sentence_index_neg": 1}, {"wtype": "word", "wf": "tomam", "ana": [{"parts": "toma-m", "gloss": "", "gloss_index": "", "lex": "toma", "trans_ru": "дом", "gloss_ru": "дом-ACC", "gloss_index_ru": "STEM{toma}-ACC{m}-", "gr.pos": "n"}], "off_start": 32, "off_end": 37, "next_word": 8, "sentence_index": 6, "sentence_index_neg": 0}, {"wtype": "punct", "wf": ".", "off_start": 37, "off_end": 38, "next_word": 9}], "text": "1.1. pirə̈ užeš kek pə̈ž... kek tomam.", "para_alignment": [{"off_start": 0, "off_end": 38, "para_id": 6272}]}, {"lang": 0, "words": [{"wtype": "punct", "wf": "1.2.", "off_start": 0, "off_end": 4, "next_word": 1}, {"wtype": "word", "wf": "kek", "ana": [{"parts": "kek", "gloss": "", "gloss_index": "", "lex": "kek", "trans_ru": "птица", "gloss_ru": "птица", "gloss_index_ru": "STEM{kek}-", "gr.pos": "n"}], "off_start": 5, "off_end": 8, "next_word": 2, "sentence_index": 0, "sentence_index_neg": 2}, {"wtype": "word", "wf": "tomaškə̑", "ana": [{"parts": "toma-škə̑", "gloss": "", "gloss_index": "", "lex": "toma", "trans_ru": "дом", "gloss_ru": "дом-ILL", "gloss_index_ru": "STEM{toma}-ILL{škə̑}-", "gr.pos": "n"}], "off_start": 9, "off_end": 17, "next_word": 3, "sentence_index": 1, "sentence_index_neg": 1}, {"wtype": "word", "wf": "pə̑ra", "ana": [{"parts": "pə̑r-a", "gloss": "", "gloss_index": "", "lex": "pə̑r", "trans_ru": "входить", "gloss_ru": "входить-NPST.3SG", "gloss_index_ru": "STEM{pə̑r}-NPST.3SG{a}-", "gr.pos": "v"}], "off_start": 18, "off_end": 23, "next_word": 4, "sentence_index": 2, "sentence_index_neg": 0}, {"wtype": "punct", "wf": ".", "off_start": 23, "off_end": 24, "next_word": 5}], "text": "1.2. kek tomaškə̑ pə̑ra.", "para_alignment": [{"off_start": 0, "off_end": 24, "para_id": 6273}]}, {"lang": 0, "words": [{"wtype": "punct", "wf": "1.3.", "off_start": 0, "off_end": 4, "next_word": 1}, {"wtype": "word", "wf": "kekvlä", "ana": [{"parts": "kek-vlä", "gloss": "", "gloss_index": "", "lex": "kek", "trans_ru": "птица", "gloss_ru": "птица-PL", "gloss_index_ru": "STEM{kek}-PL{vlä}-", "gr.pos": "n"}], "off_start": 5, "off_end": 11, "next_word": 2, "sentence_index": 0, "sentence_index_neg": 7}, {"wtype": "word", "wf": "və̈sen", "ana": [{"parts": "və̈s-en", "gloss": "", "gloss_index": "", "lex": "və̈s", "trans_ru": "летать", "gloss_ru": "летать-CVB", "gloss_index_ru": "STEM{və̈s}-CVB{en}-", "gr.pos": "v"}], "off_start": 12, "off_end": 18, "next_word": 3, "sentence_index": 1, "sentence_index_neg": 6}, {"wtype": "word", "wf": "läktə̈t", "ana": [{"parts": "läkt-ə̈t", "gloss": "", "gloss_index": "", "lex": "läkt", "trans_ru": "выходить", "gloss_ru": "выходить-NPST.3PL", "gloss_index_ru": "STEM{läkt}-NPST.3PL{ə̈t}-", "gr.pos": "v"}], "off_start": 19, "off_end": 26, "next_word": 4, "sentence_index": 2, "sentence_index_neg": 5}, {"wtype": "punct", "wf": ",", "off_start": 26, "off_end": 27, "next_word": 5, "sentence_index": 3, "sentence_index_neg": 4}, {"wtype": "word", "wf": "škežə̈", "ana": [{"parts": "ške-žə̈", "gloss": "", "gloss_index": "", "gloss_ru": "REFL-POSS.3SG", "gloss_index_ru": "REFL{ške}-POSS.3SG{žə̈}-", "gr.pos": "pro-form"}], "off_start": 28, "off_end": 34, "next_word": 6, "sentence_index": 4, "sentence_index_neg": 3}, {"wtype": "word", "wf": "anža", "ana": [{"parts": "anž-a", "gloss": "", "gloss_index": "", "lex": "anž", "trans_ru": "смотреть", "gloss_ru": "смотреть-NPST.3SG", "gloss_index_ru": "STEM{anž}-NPST.3SG{a}-", "gr.pos": "v"}], "off_start": 35, "off_end": 39, "next_word": 7, "sentence_index": 5, "sentence_index_neg": 2}, {"wtype": "word", "wf": "b'inokə̑l'", "ana": [{"parts": "b'inokə̑l'", "gloss": "", "gloss_index": "", "lex": "b'inokə̑l'", "trans_ru": "бинокль", "gloss_ru": "бинокль", "gloss_index_ru": "STEM{b'inokə̑l'}-", "gr.pos": "n"}], "off_start": 40, "off_end": 50, "next_word": 8, "sentence_index": 6, "sentence_index_neg": 1}, {"wtype": "word", "wf": "don", "ana": [{"parts": "don", "gloss": "", "gloss_index": "", "lex": "don", "trans_ru": "с", "gloss_ru": "с", "gloss_index_ru": "STEM{don}-", "gr.pos": "post"}], "off_start": 51, "off_end": 54, "next_word": 9, "sentence_index": 7, "sentence_index_neg": 0}, {"wtype": "punct", "wf": ".", "off_start": 54, "off_end": 55, "next_word": 10}], "text": "1.3. kekvlä və̈sen läktə̈t, škežə̈ anža b'inokə̑l' don.", "para_alignment": [{"off_start": 0, "off_end": 55, "para_id": 6274}]}, {"lang": 0, "words": [{"wtype": "punct", "wf": "1.4.", "off_start": 0, "off_end": 4, "next_word": 1}, {"wtype": "word", "wf": "tə̈", "ana": [{"parts": "tə̈", "gloss": "", "gloss_index": "", "lex": "tə̈", "trans_ru": "тот", "gloss_ru": "тот", "gloss_index_ru": "STEM{tə̈}-", "gr.pos": ["pro-form", "pro"]}], "off_start": 5, "off_end": 8, "next_word": 2, "sentence_index": 0, "sentence_index_neg": 11}, {"wtype": "word", "wf": "veremän", "ana": [{"parts": "veremä-n", "gloss": "", "gloss_index": "", "lex": "veremä", "trans_ru": "время", "gloss_ru": "время-GEN", "gloss_index_ru": "STEM{veremä}-GEN{n}-", "gr.pos": "n"}], "off_start": 9, "off_end": 16, "next_word": 3, "sentence_index": 1, "sentence_index_neg": 10}, {"wtype": "word", "wf": "moren", "ana": [{"parts": "moren", "gloss": "", "gloss_index": "", "lex": "moren", "trans_ru": "заяц", "gloss_ru": "заяц", "gloss_index_ru": "STEM{moren}-", "gr.pos": "n"}], "off_start": 17, "off_end": 22, "next_word": 4, "sentence_index": 2, "sentence_index_neg": 9}, {"wtype": "word", "wf": "vala", "ana": [{"parts": "val-a", "gloss": "", "gloss_index": "", "lex": "val", "trans_ru": "спускаться", "gloss_ru": "спускаться-NPST.3SG", "gloss_index_ru": "STEM{val}-NPST.3SG{a}-", "gr.pos": "v"}], "off_start": 23, "off_end": 27, "next_word": 5, "sentence_index": 3, "sentence_index_neg": 8}, {"wtype": "word", "wf": "podjezd", "ana": [{"parts": "podjezd", "gloss": "", "gloss_index": "", "lex": "podjezd", "trans_ru": "подъезд", "gloss_ru": "подъезд", "gloss_index_ru": "STEM{podjezd}-", "gr.pos": "n"}], "off_start": 28, "off_end": 35, "next_word": 6, "sentence_index": 4, "sentence_index_neg": 7}, {"wtype": "word", "wf": "mə̑čkə̑", "ana": [{"parts": "mə̑č-kə̑", "gloss": "", "gloss_index": "", "lex": "mə̑č", "trans_ru": "конец", "gloss_ru": "конец-ILL2", "gloss_index_ru": "STEM{mə̑č}-ILL2{kə̑}-", "gr.pos": "post"}], "off_start": 36, "off_end": 43, "next_word": 7, "sentence_index": 5, "sentence_index_neg": 6}, {"wtype": "punct", "wf": ",", "off_start": 43, "off_end": 44, "next_word": 8, "sentence_index": 6, "sentence_index_neg": 5}, {"wtype": "word", "wf": "toma", "ana": [{"parts": "toma", "gloss": "", "gloss_index": "", "lex": "toma", "trans_ru": "дом", "gloss_ru": "дом", "gloss_index_ru": "STEM{toma}-", "gr.pos": "n"}], "off_start": 45, "off_end": 49, "next_word": 9, "sentence_index": 7, "sentence_index_neg": 4}, {"wtype": "word", "wf": "gə̈cə̈n", "ana": [{"parts": "gə̈c-ə̈n", "gloss": "", "gloss_index": "", "lex": "gə̈c", "trans_ru": "EL", "gloss_ru": "EL-FULL", "gloss_index_ru": "STEM{gə̈c}-FULL{ə̈n}-", "gr.pos": "post"}], "off_start": 50, "off_end": 57, "next_word": 10, "sentence_index": 8, "sentence_index_neg": 3}, {"wtype": "word", "wf": "läkteš", "ana": [{"parts": "läkt-eš", "gloss": "", "gloss_index": "", "lex": "läkt", "trans_ru": "выходить", "gloss_ru": "выходить-NPST.3SG", "gloss_index_ru": "STEM{läkt}-NPST.3SG{eš}-", "gr.pos": "v"}], "off_start": 58, "off_end": 64, "next_word": 11, "sentence_index": 9, "sentence_index_neg": 2}, {"wtype": "word", "wf": "podjezd", "ana": [{"parts": "podjezd", "gloss": "", "gloss_index": "", "lex": "podjezd", "trans_ru": "подъезд", "gloss_ru": "подъезд", "gloss_index_ru": "STEM{podjezd}-", "gr.pos": "n"}], "off_start": 65, "off_end": 72, "next_word": 12, "sentence_index": 10, "sentence_index_neg": 1}, {"wtype": "word", "wf": "mə̑čkə̑", "ana": [{"parts": "mə̑č-kə̑", "gloss": "", "gloss_index": "", "lex": "mə̑č", "trans_ru": "конец", "gloss_ru": "конец-ILL2", "gloss_index_ru": "STEM{mə̑č}-ILL2{kə̑}-", "gr.pos": "post"}], "off_start": 73, "off_end": 80, "next_word": 13, "sentence_index": 11, "sentence_index_neg": 0}, {"wtype": "punct", "wf": ".", "off_start": 80, "off_end": 81, "next_word": 14}], "text": "1.4. tə̈ veremän moren vala podjezd mə̑čkə̑, toma gə̈cə̈n läkteš podjezd mə̑čkə̑.", "para_alignment": [{"off_start": 0, "off_end": 81, "para_id": 6275}]}, {"lang": 0, "words": [{"wtype": "punct", "wf": "1.5.", "off_start": 0, "off_end": 4, "next_word": 1}, {"wtype": "word", "wf": "b'inokə̑l'", "ana": [{"parts": "b'inokə̑l'", "gloss": "", "gloss_index": "", "lex": "b'inokə̑l'", "trans_ru": "бинокль", "gloss_ru": "бинокль", "gloss_index_ru": "STEM{b'inokə̑l'}-", "gr.pos": "n"}], "off_start": 5, "off_end": 15, "next_word": 2, "sentence_index": 0, "sentence_index_neg": 9}, {"wtype": "word", "wf": "dono", "ana": [{"parts": "dono", "gloss": "", "gloss_index": "", "lex": "dono", "trans_ru": "с", "gloss_ru": "с", "gloss_index_ru": "STEM{dono}-", "gr.pos": "post"}], "off_start": 16, "off_end": 20, "next_word": 3, "sentence_index": 1, "sentence_index_neg": 8}, {"wtype": "word", "wf": "užə̑n", "ana": [{"parts": "už-ə̑n", "gloss": "", "gloss_index": "", "lex": "už", "trans_ru": "видеть", "gloss_ru": "видеть-CVB", "gloss_index_ru": "STEM{už}-CVB{ə̑n}-", "gr.pos": "v"}], "off_start": 21, "off_end": 26, "next_word": 4, "sentence_index": 2, "sentence_index_neg": 7}, {"wtype": "word", "wf": "kolta", "ana": [{"parts": "kolt-a", "gloss": "", "gloss_index": "", "lex": "kolt", "trans_ru": "посылать", "gloss_ru": "посылать-NPST.3SG", "gloss_index_ru": "STEM{kolt}-NPST.3SG{a}-", "gr.pos": "v"}], "off_start": 27, "off_end": 32, "next_word": 5, "sentence_index": 3, "sentence_index_neg": 6}, {"wtype": "word", "wf": "pirə̈", "ana": [{"parts": "pirə̈", "gloss": "", "gloss_index": "", "lex": "pirə̈", "trans_ru": "волк", "gloss_ru": "волк", "gloss_index_ru": "STEM{pirə̈}-", "gr.pos": "n"}], "off_start": 33, "off_end": 38, "next_word": 6, "sentence_index": 4, "sentence_index_neg": 5}, {"wtype": "punct", "wf": ",", "off_start": 38, "off_end": 39, "next_word": 7, "sentence_index": 5, "sentence_index_neg": 4}, {"wtype": "word", "wf": "davaj", "ana": [{"parts": "davaj", "gloss": "", "gloss_index": "", "lex": "davaj", "trans_ru": "давай", "gloss_ru": "давай", "gloss_index_ru": "STEM{davaj}-", "gr.pos": "prt"}], "off_start": 40, "off_end": 45, "next_word": 8, "sentence_index": 6, "sentence_index_neg": 3}, {"wtype": "word", "wf": "kə̑rgə̑žeš", "ana": [{"parts": "kə̑rgə̑ž-eš", "gloss": "", "gloss_index": "", "lex": "kə̑rgə̑ž", "trans_ru": "бежать", "gloss_ru": "бежать-NPST.3SG", "gloss_index_ru": "STEM{kə̑rgə̑ž}-NPST.3SG{eš}-", "gr.pos": "v"}], "off_start": 46, "off_end": 56, "next_word": 9, "sentence_index": 7, "sentence_index_neg": 2}, {"wtype": "word", "wf": "äräš", "ana": [{"parts": "är-äš", "gloss": "", "gloss_index": "", "lex": "är", "trans_ru": "загораживать", "gloss_ru": "загораживать-INF", "gloss_index_ru": "STEM{är}-INF{äš}-", "gr.pos": "v"}], "off_start": 57, "off_end": 61, "next_word": 10, "sentence_index": 8, "sentence_index_neg": 1}, {"wtype": "word", "wf": "morenə̈m", "ana": [{"parts": "moren-ə̈m", "gloss": "", "gloss_index": "", "lex": "moren", "trans_ru": "заяц", "gloss_ru": "заяц-ACC", "gloss_index_ru": "STEM{moren}-ACC{ə̈m}-", "gr.pos": "n"}], "off_start": 62, "off_end": 70, "next_word": 11, "sentence_index": 9, "sentence_index_neg": 0}, {"wtype": "punct", "wf": ".", "off_start": 70, "off_end": 71, "next_word": 12}], "text": "1.5. b'inokə̑l' dono užə̑n kolta pirə̈, davaj kə̑rgə̑žeš äräš morenə̈m.", "para_alignment": [{"off_start": 0, "off_end": 71, "para_id": 6276}]}, {"lang": 0, "words": [{"wtype": "punct", "wf": "1.6.", "off_start": 0, "off_end": 4, "next_word": 1}, {"wtype": "word", "wf": "e-e", "ana": [{"parts": "e-e", "gloss": "", "gloss_index": "", "lex": "e-e", "trans_ru": "э", "gloss_ru": "э", "gloss_index_ru": "STEM{e-e}-", "gr.pos": "interj"}], "off_start": 5, "off_end": 8, "next_word": 2, "sentence_index": 0, "sentence_index_neg": 6}, {"wtype": "punct", "wf": ",", "off_start": 8, "off_end": 9, "next_word": 3, "sentence_index": 1, "sentence_index_neg": 5}, {"wtype": "word", "wf": "näleš", "ana": [{"parts": "näl-eš", "gloss": "", "gloss_index": "", "lex": "näl", "trans_ru": "брать", "gloss_ru": "брать-NPST.3SG", "gloss_index_ru": "STEM{näl}-NPST.3SG{eš}-", "gr.pos": "v"}], "off_start": 10, "off_end": 15, "next_word": 4, "sentence_index": 2, "sentence_index_neg": 4}, {"wtype": "word", "wf": "dä", "ana": [{"parts": "dä", "gloss": "", "gloss_index": "", "lex": "dä", "trans_ru": "и", "gloss_ru": "и", "gloss_index_ru": "STEM{dä}-", "gr.pos": "coordconn"}], "off_start": 16, "off_end": 18, "next_word": 5, "sentence_index": 3, "sentence_index_neg": 3}, {"wtype": "word", "wf": "mešäkə̈škə̈", "ana": [{"parts": "mešäk-ə̈škə̈", "gloss": "", "gloss_index": "", "lex": "mešäk", "trans_ru": "мешок", "gloss_ru": "мешок-ILL", "gloss_index_ru": "STEM{mešäk}-ILL{ə̈škə̈}-", "gr.pos": "n"}], "off_start": 19, "off_end": 30, "next_word": 6, "sentence_index": 4, "sentence_index_neg": 2}, {"wtype": "word", "wf": "xovort", "ana": [{"parts": "xovort", "gloss": "", "gloss_index": "", "lex": "xovort", "trans_ru": "резко", "gloss_ru": "резко", "gloss_index_ru": "STEM{xovort}-", "gr.pos": "adv"}], "off_start": 31, "off_end": 37, "next_word": 7, "sentence_index": 5, "sentence_index_neg": 1}, {"wtype": "word", "wf": "pištä", "ana": [{"parts": "pišt-ä", "gloss": "", "gloss_index": "", "lex": "pišt", "trans_ru": "класть", "gloss_ru": "класть-NPST.3SG", "gloss_index_ru": "STEM{pišt}-NPST.3SG{ä}-", "gr.pos": "v"}], "off_start": 38, "off_end": 43, "next_word": 8, "sentence_index": 6, "sentence_index_neg": 0}, {"wtype": "punct", "wf": ".", "off_start": 43, "off_end": 44, "next_word": 9}], "text": "1.6. e-e, näleš dä mešäkə̈škə̈ xovort pištä.", "para_alignment": [{"off_start": 0, "off_end": 44, "para_id": 6277}]}, {"lang": 0, "words": [{"wtype": "punct", "wf": "1.7.", "off_start": 0, "off_end": 4, "next_word": 1}, {"wtype": "word", "wf": "i", "ana": [{"parts": "i", "gloss": "", "gloss_index": "", "lex": "i", "trans_ru": "и", "gloss_ru": "и", "gloss_index_ru": "STEM{i}-", "gr.pos": "coordconn"}], "off_start": 5, "off_end": 6, "next_word": 2, "sentence_index": 0, "sentence_index_neg": 18}, {"wtype": "word", "wf": "tə̈", "ana": [{"parts": "tə̈", "gloss": "", "gloss_index": "", "lex": "tə̈", "trans_ru": "тот", "gloss_ru": "тот", "gloss_index_ru": "STEM{tə̈}-", "gr.pos": ["pro-form", "pro"]}], "off_start": 7, "off_end": 10, "next_word": 3, "sentence_index": 1, "sentence_index_neg": 17}, {"wtype": "word", "wf": "veremän", "ana": [{"parts": "veremä-n", "gloss": "", "gloss_index": "", "lex": "veremä", "trans_ru": "время", "gloss_ru": "время-GEN", "gloss_index_ru": "STEM{veremä}-GEN{n}-", "gr.pos": "n"}], "off_start": 11, "off_end": 18, "next_word": 4, "sentence_index": 2, "sentence_index_neg": 16}, {"wtype": "word", "wf": "ške", "ana": [{"parts": "ške", "gloss": "", "gloss_index": "", "gloss_ru": "REFL", "gloss_index_ru": "REFL{ške}-", "gr.pos": "pro"}], "off_start": 19, "off_end": 22, "next_word": 5, "sentence_index": 3, "sentence_index_neg": 15}, {"wtype": "punct", "wf": "...", "off_start": 22, "off_end": 25, "next_word": 6, "sentence_index": 4, "sentence_index_neg": 14}, {"wtype": "word", "wf": "moren", "ana": [{"parts": "moren", "gloss": "", "gloss_index": "", "lex": "moren", "trans_ru": "заяц", "gloss_ru": "заяц", "gloss_index_ru": "STEM{moren}-", "gr.pos": "n"}], "off_start": 26, "off_end": 31, "next_word": 7, "sentence_index": 5, "sentence_index_neg": 13}, {"wtype": "word", "wf": "piš", "ana": [{"parts": "piš", "gloss": "", "gloss_index": "", "lex": "piš", "trans_ru": "очень", "gloss_ru": "очень", "gloss_index_ru": "STEM{piš}-", "gr.pos": "adv"}], "off_start": 32, "off_end": 35, "next_word": 8, "sentence_index": 6, "sentence_index_neg": 12}, {"wtype": "word", "wf": "kogon", "ana": [{"parts": "kogo-n", "gloss": "", "gloss_index": "", "lex": "kogo", "trans_ru": "большой", "gloss_ru": "большой-ADV", "gloss_index_ru": "STEM{kogo}-ADV{n}-", "gr.pos": "adj"}], "off_start": 36, "off_end": 41, "next_word": 9, "sentence_index": 7, "sentence_index_neg": 11}, {"wtype": "word", "wf": "susu", "ana": [{"parts": "susu", "gloss": "", "gloss_index": "", "lex": "susu", "trans_ru": "веселый", "gloss_ru": "веселый", "gloss_index_ru": "STEM{susu}-", "gr.pos": "adj"}], "off_start": 42, "off_end": 46, "next_word": 10, "sentence_index": 8, "sentence_index_neg": 10}, {"wtype": "word", "wf": "ə̑lə̑n", "ana": [{"parts": "ə̑l-ə̑n", "gloss": "", "gloss_index": "", "lex": "ə̑l", "trans_ru": "быть", "gloss_ru": "быть-PRET", "gloss_index_ru": "STEM{ə̑l}-PRET{ə̑n}-", "gr.pos": ["v", "prt"]}], "off_start": 47, "off_end": 53, "next_word": 11, "sentence_index": 9, "sentence_index_neg": 9}, {"wtype": "punct", "wf": ",", "off_start": 53, "off_end": 54, "next_word": 12, "sentence_index": 10, "sentence_index_neg": 8}, {"wtype": "word", "wf": "značit", "ana": [{"parts": "značit", "gloss": "", "gloss_index": "", "lex": "značit", "trans_ru": "значит", "gloss_ru": "значит", "gloss_index_ru": "STEM{značit}-", "gr.pos": "prt"}], "off_start": 55, "off_end": 61, "next_word": 13, "sentence_index": 11, "sentence_index_neg": 7}, {"wtype": "punct", "wf": ",", "off_start": 61, "off_end": 62, "next_word": 14, "sentence_index": 12, "sentence_index_neg": 6}, {"wtype": "word", "wf": "nu", "ana": [{"parts": "nu", "gloss": "", "gloss_index": "", "lex": "nu", "trans_ru": "ну", "gloss_ru": "ну", "gloss_index_ru": "STEM{nu}-", "gr.pos": "prt"}], "off_start": 63, "off_end": 65, "next_word": 15, "sentence_index": 13, "sentence_index_neg": 5}, {"wtype": "word", "wf": "moren", "ana": [{"parts": "moren", "gloss": "", "gloss_index": "", "lex": "moren", "trans_ru": "заяц", "gloss_ru": "заяц", "gloss_index_ru": "STEM{moren}-", "gr.pos": "n"}], "off_start": 66, "off_end": 71, "next_word": 16, "sentence_index": 14, "sentence_index_neg": 4}, {"wtype": "word", "wf": "kiä", "ana": [{"parts": "ki-ä", "gloss": "", "gloss_index": "", "lex": "ki", "trans_ru": "лежать", "gloss_ru": "лежать-NPST.3SG", "gloss_index_ru": "STEM{ki}-NPST.3SG{ä}-", "gr.pos": "v"}], "off_start": 72, "off_end": 75, "next_word": 17, "sentence_index": 15, "sentence_index_neg": 3}, {"wtype": "punct", "wf": ",", "off_start": 75, "off_end": 76, "next_word": 18, "sentence_index": 16, "sentence_index_neg": 2}, {"wtype": "word", "wf": "pirə̈", "ana": [{"parts": "pirə̈", "gloss": "", "gloss_index": "", "lex": "pirə̈", "trans_ru": "волк", "gloss_ru": "волк", "gloss_index_ru": "STEM{pirə̈}-", "gr.pos": "n"}], "off_start": 77, "off_end": 82, "next_word": 19, "sentence_index": 17, "sentence_index_neg": 1}, {"wtype": "word", "wf": "namaleš", "ana": [{"parts": "namal-eš", "gloss": "", "gloss_index": "", "lex": "namal", "trans_ru": "нести", "gloss_ru": "нести-NPST.3SG", "gloss_index_ru": "STEM{namal}-NPST.3SG{eš}-", "gr.pos": "v"}], "off_start": 83, "off_end": 90, "next_word": 20, "sentence_index": 18, "sentence_index_neg": 0}, {"wtype": "punct", "wf": ".", "off_start": 90, "off_end": 91, "next_word": 21}], "text": "1.7. i tə̈ veremän ške... moren piš kogon susu ə̑lə̑n, značit, nu moren kiä, pirə̈ namaleš.", "para_alignment": [{"off_start": 0, "off_end": 91, "para_id": 6278}]}, {"lang": 0, "words": [{"wtype": "punct", "wf": "1.8.", "off_start": 0, "off_end": 4, "next_word": 1}, {"wtype": "word", "wf": "i", "ana": [{"parts": "i", "gloss": "", "gloss_index": "", "lex": "i", "trans_ru": "и", "gloss_ru": "и", "gloss_index_ru": "STEM{i}-", "gr.pos": "coordconn"}], "off_start": 5, "off_end": 6, "next_word": 2, "sentence_index": 0, "sentence_index_neg": 2}, {"wtype": "word", "wf": "šə̈ndäläl", "ana": [{"parts": "šə̈nd-äläl-ø", "gloss": "", "gloss_index": "", "lex": "šə̈nd", "trans_ru": "сажать", "gloss_ru": "сажать-ATT-CVB", "gloss_index_ru": "STEM{šə̈nd}-ATT{äläl}-CVB{ø}-", "gr.pos": "v"}], "off_start": 7, "off_end": 16, "next_word": 3, "sentence_index": 1, "sentence_index_neg": 1}, {"wtype": "word", "wf": "koda", "ana": [{"parts": "kod-a", "gloss": "", "gloss_index": "", "lex": "kod", "trans_ru": "оставлять", "gloss_ru": "оставлять-NPST.3SG", "gloss_index_ru": "STEM{kod}-NPST.3SG{a}-", "gr.pos": "v"}], "off_start": 17, "off_end": 21, "next_word": 4, "sentence_index": 2, "sentence_index_neg": 0}, {"wtype": "punct", "wf": ".", "off_start": 21, "off_end": 22, "next_word": 5}], "text": "1.8. i šə̈ndäläl koda.", "para_alignment": [{"off_start": 0, "off_end": 22, "para_id": 6279}]}, {"lang": 0, "words": [{"wtype": "punct", "wf": "1.9.", "off_start": 0, "off_end": 4, "next_word": 1}, {"wtype": "punct", "wf": "m'il'ic", "off_start": 5, "off_end": 12, "next_word": 2}, {"wtype": "punct", "wf": "...", "off_start": 12, "off_end": 15, "next_word": 3}, {"wtype": "word", "wf": "m'il'icion'ervläm", "ana": [{"parts": "m'il'icion'er-vlä-m", "gloss": "", "gloss_index": "", "lex": "m'il'icion'er", "trans_ru": "милиционер", "gloss_ru": "милиционер-PL-ACC", "gloss_index_ru": "STEM{m'il'icion'er}-PL{vlä}-ACC{m}-", "gr.pos": "n"}], "off_start": 16, "off_end": 33, "next_word": 4, "sentence_index": 0, "sentence_index_neg": 14}, {"wtype": "word", "wf": "užə̑n", "ana": [{"parts": "už-ə̑n", "gloss": "", "gloss_index": "", "lex": "už", "trans_ru": "видеть", "gloss_ru": "видеть-PRET", "gloss_index_ru": "STEM{už}-PRET{ə̑n}-", "gr.pos": "v"}], "off_start": 34, "off_end": 39, "next_word": 5, "sentence_index": 1, "sentence_index_neg": 13}, {"wtype": "word", "wf": "no", "ana": [{"parts": "no", "gloss": "", "gloss_index": "", "lex": "no", "trans_ru": "но", "gloss_ru": "но", "gloss_index_ru": "STEM{no}-", "gr.pos": "coordconn"}], "off_start": 40, "off_end": 42, "next_word": 6, "sentence_index": 2, "sentence_index_neg": 12}, {"wtype": "punct", "wf": "...", "off_start": 42, "off_end": 45, "next_word": 7, "sentence_index": 3, "sentence_index_neg": 11}, {"wtype": "word", "wf": "m'il'icion'ersk'i", "ana": [{"parts": "m'il'icion'ersk'i", "gloss": "", "gloss_index": "", "lex": "m'il'icion'ersk'i", "trans_ru": "милицейский", "gloss_ru": "милицейский", "gloss_index_ru": "STEM{m'il'icion'ersk'i}-", "gr.pos": "adj"}], "off_start": 46, "off_end": 63, "next_word": 8, "sentence_index": 4, "sentence_index_neg": 10}, {"wtype": "word", "wf": "mašinäm", "ana": [{"parts": "mašinä-m", "gloss": "", "gloss_index": "", "lex": "mašinä", "trans_ru": "машина", "gloss_ru": "машина-ACC", "gloss_index_ru": "STEM{mašinä}-ACC{m}-", "gr.pos": "n"}], "off_start": 64, "off_end": 71, "next_word": 9, "sentence_index": 5, "sentence_index_neg": 9}, {"wtype": "word", "wf": "užə̑ndaleš", "ana": [{"parts": "už-ə̑ndal-eš", "gloss": "", "gloss_index": "", "lex": "už", "trans_ru": "видеть", "gloss_ru": "видеть-ATT-NPST.3SG", "gloss_index_ru": "STEM{už}-ATT{ə̑ndal}-NPST.3SG{eš}-", "gr.pos": "v"}], "off_start": 72, "off_end": 82, "next_word": 10, "sentence_index": 6, "sentence_index_neg": 8}, {"wtype": "punct", "wf": ",", "off_start": 82, "off_end": 83, "next_word": 11, "sentence_index": 7, "sentence_index_neg": 7}, {"wtype": "word", "wf": "užə̑n", "ana": [{"parts": "už-ə̑n", "gloss": "", "gloss_index": "", "lex": "už", "trans_ru": "видеть", "gloss_ru": "видеть-CVB", "gloss_index_ru": "STEM{už}-CVB{ə̑n}-", "gr.pos": "v"}], "off_start": 84, "off_end": 89, "next_word": 12, "sentence_index": 8, "sentence_index_neg": 6}, {"wtype": "word", "wf": "kolta", "ana": [{"parts": "kolt-a", "gloss": "", "gloss_index": "", "lex": "kolt", "trans_ru": "посылать", "gloss_ru": "посылать-NPST.3SG", "gloss_index_ru": "STEM{kolt}-NPST.3SG{a}-", "gr.pos": "v"}], "off_start": 90, "off_end": 95, "next_word": 13, "sentence_index": 9, "sentence_index_neg": 5}, {"wtype": "word", "wf": "dä", "ana": [{"parts": "dä", "gloss": "", "gloss_index": "", "lex": "dä", "trans_ru": "и", "gloss_ru": "и", "gloss_index_ru": "STEM{dä}-", "gr.pos": "coordconn"}], "off_start": 96, "off_end": 98, "next_word": 14, "sentence_index": 10, "sentence_index_neg": 4}, {"wtype": "punct", "wf": "mešä", "off_start": 99, "off_end": 103, "next_word": 15, "sentence_index": 11, "sentence_index_neg": 3}, {"wtype": "punct", "wf": "...", "off_start": 103, "off_end": 106, "next_word": 16, "sentence_index": 12, "sentence_index_neg": 2}, {"wtype": "word", "wf": "mešäkə̈m", "ana": [{"parts": "mešäk-ə̈m", "gloss": "", "gloss_index": "", "lex": "mešäk", "trans_ru": "мешок", "gloss_ru": "мешок-ACC", "gloss_index_ru": "STEM{mešäk}-ACC{ə̈m}-", "gr.pos": "n"}], "off_start": 107, "off_end": 115, "next_word": 17, "sentence_index": 13, "sentence_index_neg": 1}, {"wtype": "word", "wf": "šə̈ndäläleš", "ana": [{"parts": "šə̈nd-äläl-eš", "gloss": "", "gloss_index": "", "lex": "šə̈nd", "trans_ru": "сажать", "gloss_ru": "сажать-ATT-NPST.3SG", "gloss_index_ru": "STEM{šə̈nd}-ATT{äläl}-NPST.3SG{eš}-", "gr.pos": "v"}], "off_start": 116, "off_end": 127, "next_word": 18, "sentence_index": 14, "sentence_index_neg": 0}, {"wtype": "punct", "wf": ".", "off_start": 127, "off_end": 128, "next_word": 19}], "text": "1.9. m'il'ic... m'il'icion'ervläm užə̑n no... m'il'icion'ersk'i mašinäm užə̑ndaleš, užə̑n kolta dä mešä... mešäkə̈m šə̈ndäläleš.", "para_alignment": [{"off_start": 0, "off_end": 128, "para_id": 6280}]}, {"lang": 0, "words": [{"wtype": "punct", "wf": "1.10.", "off_start": 0, "off_end": 5, "next_word": 1}, {"wtype": "word", "wf": "tə̈", "ana": [{"parts": "tə̈", "gloss": "", "gloss_index": "", "lex": "tə̈", "trans_ru": "тот", "gloss_ru": "тот", "gloss_index_ru": "STEM{tə̈}-", "gr.pos": ["pro-form", "pro"]}], "off_start": 6, "off_end": 9, "next_word": 2, "sentence_index": 0, "sentence_index_neg": 8}, {"wtype": "word", "wf": "veremän", "ana": [{"parts": "veremä-n", "gloss": "", "gloss_index": "", "lex": "veremä", "trans_ru": "время", "gloss_ru": "время-GEN", "gloss_index_ru": "STEM{veremä}-GEN{n}-", "gr.pos": "n"}], "off_start": 10, "off_end": 17, "next_word": 3, "sentence_index": 1, "sentence_index_neg": 7}, {"wtype": "word", "wf": "moren", "ana": [{"parts": "moren", "gloss": "", "gloss_index": "", "lex": "moren", "trans_ru": "заяц", "gloss_ru": "заяц", "gloss_index_ru": "STEM{moren}-", "gr.pos": "n"}], "off_start": 18, "off_end": 23, "next_word": 4, "sentence_index": 2, "sentence_index_neg": 6}, {"wtype": "word", "wf": "läkteš", "ana": [{"parts": "läkt-eš", "gloss": "", "gloss_index": "", "lex": "läkt", "trans_ru": "выходить", "gloss_ru": "выходить-NPST.3SG", "gloss_index_ru": "STEM{läkt}-NPST.3SG{eš}-", "gr.pos": "v"}], "off_start": 24, "off_end": 30, "next_word": 5, "sentence_index": 3, "sentence_index_neg": 5}, {"wtype": "word", "wf": "dä", "ana": [{"parts": "dä", "gloss": "", "gloss_index": "", "lex": "dä", "trans_ru": "и", "gloss_ru": "и", "gloss_index_ru": "STEM{dä}-", "gr.pos": "coordconn"}], "off_start": 31, "off_end": 33, "next_word": 6, "sentence_index": 4, "sentence_index_neg": 4}, {"wtype": "word", "wf": "t'el'efon", "ana": [{"parts": "t'el'efon", "gloss": "", "gloss_index": "", "lex": "t'el'efon", "trans_ru": "телефон", "gloss_ru": "телефон", "gloss_index_ru": "STEM{t'el'efon}-", "gr.pos": "n"}], "off_start": 34, "off_end": 43, "next_word": 7, "sentence_index": 5, "sentence_index_neg": 3}, {"wtype": "word", "wf": "budkaškə̑", "ana": [{"parts": "budka-škə̑", "gloss": "", "gloss_index": "", "lex": "budka", "trans_ru": "будка", "gloss_ru": "будка-ILL", "gloss_index_ru": "STEM{budka}-ILL{škə̑}-", "gr.pos": "n"}], "off_start": 44, "off_end": 53, "next_word": 8, "sentence_index": 6, "sentence_index_neg": 2}, {"wtype": "word", "wf": "pə̑ren", "ana": [{"parts": "pə̑r-en", "gloss": "", "gloss_index": "", "lex": "pə̑r", "trans_ru": "входить", "gloss_ru": "входить-CVB", "gloss_index_ru": "STEM{pə̑r}-CVB{en}-", "gr.pos": "v"}], "off_start": 54, "off_end": 60, "next_word": 9, "sentence_index": 7, "sentence_index_neg": 1}, {"wtype": "word", "wf": "keä", "ana": [{"parts": "ke-ä", "gloss": "", "gloss_index": "", "lex": "ke", "trans_ru": "идти", "gloss_ru": "идти-NPST.3SG", "gloss_index_ru": "STEM{ke}-NPST.3SG{ä}-", "gr.pos": "v"}], "off_start": 61, "off_end": 64, "next_word": 10, "sentence_index": 8, "sentence_index_neg": 0}, {"wtype": "punct", "wf": ".", "off_start": 64, "off_end": 65, "next_word": 11}], "text": "1.10. tə̈ veremän moren läkteš dä t'el'efon budkaškə̑ pə̑ren keä.", "para_alignment": [{"off_start": 0, "off_end": 65, "para_id": 6281}]}, {"lang": 0, "words": [{"wtype": "punct", "wf": "1.11.", "off_start": 0, "off_end": 5, "next_word": 1}, {"wtype": "word", "wf": "t'el'efon", "ana": [{"parts": "t'el'efon", "gloss": "", "gloss_index": "", "lex": "t'el'efon", "trans_ru": "телефон", "gloss_ru": "телефон", "gloss_index_ru": "STEM{t'el'efon}-", "gr.pos": "n"}], "off_start": 6, "off_end": 15, "next_word": 2, "sentence_index": 0, "sentence_index_neg": 17}, {"wtype": "word", "wf": "budkaštə̑", "ana": [{"parts": "budka-štə̑", "gloss": "", "gloss_index": "", "lex": "budka", "trans_ru": "будка", "gloss_ru": "будка-IN", "gloss_index_ru": "STEM{budka}-IN{štə̑}-", "gr.pos": "n"}], "off_start": 16, "off_end": 25, "next_word": 3, "sentence_index": 1, "sentence_index_neg": 16}, {"wtype": "word", "wf": "badm'inton", "ana": [{"parts": "badm'inton", "gloss": "", "gloss_index": "", "lex": "badm'inton", "trans_ru": "бадминтон", "gloss_ru": "бадминтон", "gloss_index_ru": "STEM{badm'inton}-", "gr.pos": "n"}], "off_start": 26, "off_end": 36, "next_word": 4, "sentence_index": 2, "sentence_index_neg": 15}, {"wtype": "word", "wf": "ručka", "ana": [{"parts": "ručka", "gloss": "", "gloss_index": "", "lex": "ručka", "trans_ru": "ручка", "gloss_ru": "ручка", "gloss_index_ru": "STEM{ručka}-", "gr.pos": "n"}], "off_start": 37, "off_end": 42, "next_word": 5, "sentence_index": 3, "sentence_index_neg": 14}, {"wtype": "punct", "wf": "...", "off_start": 42, "off_end": 45, "next_word": 6, "sentence_index": 4, "sentence_index_neg": 13}, {"wtype": "word", "wf": "badm'inton", "ana": [{"parts": "badm'inton", "gloss": "", "gloss_index": "", "lex": "badm'inton", "trans_ru": "бадминтон", "gloss_ru": "бадминтон", "gloss_index_ru": "STEM{badm'inton}-", "gr.pos": "n"}], "off_start": 46, "off_end": 56, "next_word": 7, "sentence_index": 5, "sentence_index_neg": 12}, {"wtype": "punct", "wf": "...", "off_start": 56, "off_end": 59, "next_word": 8, "sentence_index": 6, "sentence_index_neg": 11}, {"wtype": "word", "wf": "nu", "ana": [{"parts": "nu", "gloss": "", "gloss_index": "", "lex": "nu", "trans_ru": "ну", "gloss_ru": "ну", "gloss_index_ru": "STEM{nu}-", "gr.pos": "prt"}], "off_start": 60, "off_end": 62, "next_word": 9, "sentence_index": 7, "sentence_index_neg": 10}, {"wtype": "word", "wf": "badm'inton", "ana": [{"parts": "badm'inton", "gloss": "", "gloss_index": "", "lex": "badm'inton", "trans_ru": "бадминтон", "gloss_ru": "бадминтон", "gloss_index_ru": "STEM{badm'inton}-", "gr.pos": "n"}], "off_start": 63, "off_end": 73, "next_word": 10, "sentence_index": 8, "sentence_index_neg": 9}, {"wtype": "word", "wf": "ti", "ana": [{"parts": "ti", "gloss": "", "gloss_index": "", "lex": "ti", "trans_ru": "этот", "gloss_ru": "этот", "gloss_index_ru": "STEM{ti}-", "gr.pos": ["pro-form", "pro"]}], "off_start": 74, "off_end": 76, "next_word": 11, "sentence_index": 9, "sentence_index_neg": 8}, {"wtype": "word", "wf": "madmə̑", "ana": [{"parts": "mad-mə̑", "gloss": "", "gloss_index": "", "lex": "mad", "trans_ru": "играть", "gloss_ru": "играть-PTCP.PASS/NMLZ", "gloss_index_ru": "STEM{mad}-PTCP.PASS/NMLZ{mə̑}-", "gr.pos": "v"}], "off_start": 77, "off_end": 83, "next_word": 12, "sentence_index": 10, "sentence_index_neg": 7}, {"wtype": "punct", "wf": "...", "off_start": 83, "off_end": 86, "next_word": 13, "sentence_index": 11, "sentence_index_neg": 6}, {"wtype": "word", "wf": "madmə̑", "ana": [{"parts": "mad-mə̑", "gloss": "", "gloss_index": "", "lex": "mad", "trans_ru": "играть", "gloss_ru": "играть-PTCP.PASS/NMLZ", "gloss_index_ru": "STEM{mad}-PTCP.PASS/NMLZ{mə̑}-", "gr.pos": "v"}], "off_start": 87, "off_end": 93, "next_word": 14, "sentence_index": 12, "sentence_index_neg": 5}, {"wtype": "word", "wf": "pandə̑", "ana": [{"parts": "pandə̑", "gloss": "", "gloss_index": "", "lex": "pandə̑", "trans_ru": "палка", "gloss_ru": "палка", "gloss_index_ru": "STEM{pandə̑}-", "gr.pos": "n"}], "off_start": 94, "off_end": 100, "next_word": 15, "sentence_index": 13, "sentence_index_neg": 4}, {"wtype": "word", "wf": "don", "ana": [{"parts": "don", "gloss": "", "gloss_index": "", "lex": "don", "trans_ru": "с", "gloss_ru": "с", "gloss_index_ru": "STEM{don}-", "gr.pos": "post"}], "off_start": 101, "off_end": 104, "next_word": 16, "sentence_index": 14, "sentence_index_neg": 3}, {"wtype": "word", "wf": "pitə̈ren", "ana": [{"parts": "pitə̈r-en", "gloss": "", "gloss_index": "", "lex": "pitə̈r", "trans_ru": "закрывать", "gloss_ru": "закрывать-CVB", "gloss_index_ru": "STEM{pitə̈r}-CVB{en}-", "gr.pos": "v"}], "off_start": 105, "off_end": 113, "next_word": 17, "sentence_index": 15, "sentence_index_neg": 2}, {"wtype": "word", "wf": "šə̈ndä", "ana": [{"parts": "šə̈nd-ä", "gloss": "", "gloss_index": "", "lex": "šə̈nd", "trans_ru": "сажать", "gloss_ru": "сажать-NPST.3SG", "gloss_index_ru": "STEM{šə̈nd}-NPST.3SG{ä}-", "gr.pos": "v"}], "off_start": 114, "off_end": 120, "next_word": 18, "sentence_index": 16, "sentence_index_neg": 1}, {"wtype": "word", "wf": "ručkam", "ana": [{"parts": "ručka-m", "gloss": "", "gloss_index": "", "lex": "ručka", "trans_ru": "ручка", "gloss_ru": "ручка-ACC", "gloss_index_ru": "STEM{ručka}-ACC{m}-", "gr.pos": "n"}], "off_start": 121, "off_end": 127, "next_word": 19, "sentence_index": 17, "sentence_index_neg": 0}, {"wtype": "punct", "wf": ".", "off_start": 127, "off_end": 128, "next_word": 20}], "text": "1.11. t'el'efon budkaštə̑ badm'inton ručka... badm'inton... nu badm'inton ti madmə̑... madmə̑ pandə̑ don pitə̈ren šə̈ndä ručkam.", "para_alignment": [{"off_start": 0, "off_end": 128, "para_id": 6282}]}, {"lang": 0, "words": [{"wtype": "punct", "wf": "1.12.", "off_start": 0, "off_end": 5, "next_word": 1}, {"wtype": "word", "wf": "ručkam", "ana": [{"parts": "ručka-m", "gloss": "", "gloss_index": "", "lex": "ručka", "trans_ru": "ручка", "gloss_ru": "ручка-ACC", "gloss_index_ru": "STEM{ručka}-ACC{m}-", "gr.pos": "n"}], "off_start": 6, "off_end": 12, "next_word": 2, "sentence_index": 0, "sentence_index_neg": 2}, {"wtype": "word", "wf": "pitə̈ren", "ana": [{"parts": "pitə̈r-en", "gloss": "", "gloss_index": "", "lex": "pitə̈r", "trans_ru": "закрывать", "gloss_ru": "закрывать-CVB", "gloss_index_ru": "STEM{pitə̈r}-CVB{en}-", "gr.pos": "v"}], "off_start": 13, "off_end": 21, "next_word": 3, "sentence_index": 1, "sentence_index_neg": 1}, {"wtype": "word", "wf": "šə̈ndä", "ana": [{"parts": "šə̈nd-ä", "gloss": "", "gloss_index": "", "lex": "šə̈nd", "trans_ru": "сажать", "gloss_ru": "сажать-NPST.3SG", "gloss_index_ru": "STEM{šə̈nd}-NPST.3SG{ä}-", "gr.pos": "v"}], "off_start": 22, "off_end": 28, "next_word": 4, "sentence_index": 2, "sentence_index_neg": 0}, {"wtype": "punct", "wf": ".", "off_start": 28, "off_end": 29, "next_word": 5}], "text": "1.12. ručkam pitə̈ren šə̈ndä.", "para_alignment": [{"off_start": 0, "off_end": 29, "para_id": 6283}]}, {"lang": 0, "words": [{"wtype": "punct", "wf": "1.13.", "off_start": 0, "off_end": 5, "next_word": 1}, {"wtype": "word", "wf": "e", "ana": [{"parts": "e", "gloss": "", "gloss_index": "", "lex": "e", "trans_ru": "э", "gloss_ru": "э", "gloss_index_ru": "STEM{e}-", "gr.pos": "interj"}], "off_start": 6, "off_end": 7, "next_word": 2, "sentence_index": 0, "sentence_index_neg": 21}, {"wtype": "punct", "wf": ",", "off_start": 7, "off_end": 8, "next_word": 3, "sentence_index": 1, "sentence_index_neg": 20}, {"wtype": "word", "wf": "moren", "ana": [{"parts": "moren", "gloss": "", "gloss_index": "", "lex": "moren", "trans_ru": "заяц", "gloss_ru": "заяц", "gloss_index_ru": "STEM{moren}-", "gr.pos": "n"}], "off_start": 9, "off_end": 14, "next_word": 4, "sentence_index": 2, "sentence_index_neg": 19}, {"wtype": "punct", "wf": "...", "off_start": 14, "off_end": 17, "next_word": 5, "sentence_index": 3, "sentence_index_neg": 18}, {"wtype": "word", "wf": "e", "ana": [{"parts": "e", "gloss": "", "gloss_index": "", "lex": "e", "trans_ru": "э", "gloss_ru": "э", "gloss_index_ru": "STEM{e}-", "gr.pos": "interj"}], "off_start": 18, "off_end": 19, "next_word": 6, "sentence_index": 4, "sentence_index_neg": 17}, {"wtype": "punct", "wf": ",", "off_start": 19, "off_end": 20, "next_word": 7, "sentence_index": 5, "sentence_index_neg": 16}, {"wtype": "word", "wf": "pirə̈", "ana": [{"parts": "pirə̈", "gloss": "", "gloss_index": "", "lex": "pirə̈", "trans_ru": "волк", "gloss_ru": "волк", "gloss_index_ru": "STEM{pirə̈}-", "gr.pos": "n"}], "off_start": 21, "off_end": 26, "next_word": 8, "sentence_index": 6, "sentence_index_neg": 15}, {"wtype": "punct", "wf": ",", "off_start": 26, "off_end": 27, "next_word": 9, "sentence_index": 7, "sentence_index_neg": 14}, {"wtype": "word", "wf": "značit", "ana": [{"parts": "značit", "gloss": "", "gloss_index": "", "lex": "značit", "trans_ru": "значит", "gloss_ru": "значит", "gloss_index_ru": "STEM{značit}-", "gr.pos": "prt"}], "off_start": 28, "off_end": 34, "next_word": 10, "sentence_index": 8, "sentence_index_neg": 13}, {"wtype": "punct", "wf": ",", "off_start": 34, "off_end": 35, "next_word": 11, "sentence_index": 9, "sentence_index_neg": 12}, {"wtype": "word", "wf": "pačaš", "ana": [{"parts": "pač-aš", "gloss": "", "gloss_index": "", "lex": "pač", "trans_ru": "открывать", "gloss_ru": "открывать-INF", "gloss_index_ru": "STEM{pač}-INF{aš}-", "gr.pos": ["v", "n"]}], "off_start": 36, "off_end": 41, "next_word": 12, "sentence_index": 10, "sentence_index_neg": 11}, {"wtype": "word", "wf": "kredäleš", "ana": [{"parts": "kredäl-eš", "gloss": "", "gloss_index": "", "lex": "kredäl", "trans_ru": "стараться", "gloss_ru": "стараться-NPST.3SG", "gloss_index_ru": "STEM{kredäl}-NPST.3SG{eš}-", "gr.pos": "v"}], "off_start": 42, "off_end": 50, "next_word": 13, "sentence_index": 11, "sentence_index_neg": 10}, {"wtype": "punct", "wf": "-", "off_start": 51, "off_end": 52, "next_word": 14, "sentence_index": 12, "sentence_index_neg": 9}, {"wtype": "word", "wf": "kredäleš", "ana": [{"parts": "kredäl-eš", "gloss": "", "gloss_index": "", "lex": "kredäl", "trans_ru": "стараться", "gloss_ru": "стараться-NPST.3SG", "gloss_index_ru": "STEM{kredäl}-NPST.3SG{eš}-", "gr.pos": "v"}], "off_start": 53, "off_end": 61, "next_word": 15, "sentence_index": 13, "sentence_index_neg": 8}, {"wtype": "punct", "wf": ",", "off_start": 61, "off_end": 62, "next_word": 16, "sentence_index": 14, "sentence_index_neg": 7}, {"wtype": "word", "wf": "pačə̑n", "ana": [{"parts": "pač-ə̑n", "gloss": "", "gloss_index": "", "lex": "pač", "trans_ru": "открывать", "gloss_ru": "открывать-CVB", "gloss_index_ru": "STEM{pač}-CVB{ə̑n}-", "gr.pos": "v"}], "off_start": 63, "off_end": 69, "next_word": 17, "sentence_index": 15, "sentence_index_neg": 6}, {"wtype": "punct", "wf": "šuk", "off_start": 70, "off_end": 73, "next_word": 18, "sentence_index": 16, "sentence_index_neg": 5}, {"wtype": "punct", "wf": "...", "off_start": 73, "off_end": 76, "next_word": 19, "sentence_index": 17, "sentence_index_neg": 4}, {"wtype": "word", "wf": "pačə̑n", "ana": [{"parts": "pač-ə̑n", "gloss": "", "gloss_index": "", "lex": "pač", "trans_ru": "открывать", "gloss_ru": "открывать-CVB", "gloss_index_ru": "STEM{pač}-CVB{ə̑n}-", "gr.pos": "v"}], "off_start": 77, "off_end": 83, "next_word": 20, "sentence_index": 18, "sentence_index_neg": 3}, {"wtype": "word", "wf": "jə̈ležok", "ana": [{"parts": "jə̈le-ž=ok", "gloss": "", "gloss_index": "", "lex": "jə̈le", "trans_ru": "скоро", "gloss_ru": "скоро-POSS.3SG=EMPH", "gloss_index_ru": "STEM{jə̈le}-POSS.3SG{ž}-EMPH{ok}-", "gr.pos": "adv"}], "off_start": 84, "off_end": 92, "next_word": 21, "sentence_index": 19, "sentence_index_neg": 2}, {"wtype": "word", "wf": "ak", "ana": [{"parts": "a-k", "gloss": "", "gloss_index": "", "lex": "a", "trans_ru": "NEG", "gloss_ru": "NEG.NPST-3", "gloss_index_ru": "STEM{a}-3{k}-", "gr.pos": "negp"}], "off_start": 93, "off_end": 95, "next_word": 22, "sentence_index": 20, "sentence_index_neg": 1}, {"wtype": "word", "wf": "kert", "ana": [{"parts": "kert", "gloss": "", "gloss_index": "", "lex": "kert", "trans_ru": "мочь", "gloss_ru": "мочь", "gloss_index_ru": "STEM{kert}-", "gr.pos": "v"}], "off_start": 96, "off_end": 100, "next_word": 23, "sentence_index": 21, "sentence_index_neg": 0}, {"wtype": "punct", "wf": ".", "off_start": 100, "off_end": 101, "next_word": 24}], "text": "1.13. e, moren... e, pirə̈, značit, pačaš kredäleš - kredäleš, pačə̑n šuk... pačə̑n jə̈ležok ak kert.", "para_alignment": [{"off_start": 0, "off_end": 101, "para_id": 6284}]}, {"lang": 0, "words": [{"wtype": "punct", "wf": "1.14.", "off_start": 0, "off_end": 5, "next_word": 1}, {"wtype": "word", "wf": "i", "ana": [{"parts": "i", "gloss": "", "gloss_index": "", "lex": "i", "trans_ru": "и", "gloss_ru": "и", "gloss_index_ru": "STEM{i}-", "gr.pos": "coordconn"}], "off_start": 6, "off_end": 7, "next_word": 2, "sentence_index": 0, "sentence_index_neg": 12}, {"wtype": "word", "wf": "vara", "ana": [{"parts": "vara", "gloss": "", "gloss_index": "", "lex": "vara", "trans_ru": "потом", "gloss_ru": "потом", "gloss_index_ru": "STEM{vara}-", "gr.pos": "adv"}], "off_start": 8, "off_end": 12, "next_word": 3, "sentence_index": 1, "sentence_index_neg": 11}, {"wtype": "word", "wf": "značit", "ana": [{"parts": "značit", "gloss": "", "gloss_index": "", "lex": "značit", "trans_ru": "значит", "gloss_ru": "значит", "gloss_index_ru": "STEM{značit}-", "gr.pos": "prt"}], "off_start": 13, "off_end": 19, "next_word": 4, "sentence_index": 2, "sentence_index_neg": 10}, {"wtype": "word", "wf": "s'igar'etə̈m", "ana": [{"parts": "s'igar'etə̈-m", "gloss": "", "gloss_index": "", "lex": "s'igar'etə̈", "trans_ru": "сигарета", "gloss_ru": "сигарета-ACC", "gloss_index_ru": "STEM{s'igar'etə̈}-ACC{m}-", "gr.pos": "n"}], "off_start": 20, "off_end": 32, "next_word": 5, "sentence_index": 3, "sentence_index_neg": 9}, {"wtype": "word", "wf": "ə̈lə̈žten", "ana": [{"parts": "ə̈lə̈ž-t-en", "gloss": "", "gloss_index": "", "lex": "ə̈lə̈ž", "trans_ru": "зажечься", "gloss_ru": "зажечься-CAUS-PRET", "gloss_index_ru": "STEM{ə̈lə̈ž}-CAUS{t}-PRET{en}-", "gr.pos": "v"}], "off_start": 33, "off_end": 42, "next_word": 6, "sentence_index": 4, "sentence_index_neg": 8}, {"wtype": "punct", "wf": ",", "off_start": 42, "off_end": 43, "next_word": 7, "sentence_index": 5, "sentence_index_neg": 7}, {"wtype": "word", "wf": "s'igar'et", "ana": [{"parts": "s'igar'et", "gloss": "", "gloss_index": "", "lex": "s'igar'et", "trans_ru": "сигарета", "gloss_ru": "сигарета", "gloss_index_ru": "STEM{s'igar'et}-", "gr.pos": "n"}], "off_start": 44, "off_end": 53, "next_word": 8, "sentence_index": 6, "sentence_index_neg": 6}, {"wtype": "word", "wf": "dono", "ana": [{"parts": "dono", "gloss": "", "gloss_index": "", "lex": "dono", "trans_ru": "с", "gloss_ru": "с", "gloss_index_ru": "STEM{dono}-", "gr.pos": "post"}], "off_start": 54, "off_end": 58, "next_word": 9, "sentence_index": 7, "sentence_index_neg": 5}, {"wtype": "punct", "wf": "š", "off_start": 59, "off_end": 60, "next_word": 10, "sentence_index": 8, "sentence_index_neg": 4}, {"wtype": "punct", "wf": "...", "off_start": 60, "off_end": 63, "next_word": 11, "sentence_index": 9, "sentence_index_neg": 3}, {"wtype": "word", "wf": "nu", "ana": [{"parts": "nu", "gloss": "", "gloss_index": "", "lex": "nu", "trans_ru": "ну", "gloss_ru": "ну", "gloss_index_ru": "STEM{nu}-", "gr.pos": "prt"}], "off_start": 64, "off_end": 66, "next_word": 12, "sentence_index": 10, "sentence_index_neg": 2}, {"wtype": "word", "wf": "ə̈rə̈kten", "ana": [{"parts": "ə̈r-ə̈kt-en", "gloss": "", "gloss_index": "", "lex": "ə̈r", "trans_ru": "греться", "gloss_ru": "греться-CAUS.DIST-CVB", "gloss_index_ru": "STEM{ə̈r}-CAUS.DIST{ə̈kt}-CVB{en}-", "gr.pos": "v"}], "off_start": 67, "off_end": 76, "next_word": 13, "sentence_index": 11, "sentence_index_neg": 1}, {"wtype": "word", "wf": "pačeš", "ana": [{"parts": "pač-eš", "gloss": "", "gloss_index": "", "lex": "pač", "trans_ru": "открывать", "gloss_ru": "открывать-NPST.3SG", "gloss_index_ru": "STEM{pač}-NPST.3SG{eš}-", "gr.pos": "v"}], "off_start": 77, "off_end": 82, "next_word": 14, "sentence_index": 12, "sentence_index_neg": 0}, {"wtype": "punct", "wf": ".", "off_start": 82, "off_end": 83, "next_word": 15}], "text": "1.14. i vara značit s'igar'etə̈m ə̈lə̈žten, s'igar'et dono š... nu ə̈rə̈kten pačeš.", "para_alignment": [{"off_start": 0, "off_end": 83, "para_id": 6285}]}, {"lang": 0, "words": [{"wtype": "punct", "wf": "1.15.", "off_start": 0, "off_end": 5, "next_word": 1}, {"wtype": "word", "wf": "amasa", "ana": [{"parts": "amasa", "gloss": "", "gloss_index": "", "lex": "amasa", "trans_ru": "дверь", "gloss_ru": "дверь", "gloss_index_ru": "STEM{amasa}-", "gr.pos": "n"}], "off_start": 6, "off_end": 11, "next_word": 2, "sentence_index": 0, "sentence_index_neg": 13}, {"wtype": "word", "wf": "pačə̑lt", "ana": [{"parts": "pač-ə̑lt-ø", "gloss": "", "gloss_index": "", "lex": "pač", "trans_ru": "открывать", "gloss_ru": "открывать-MED-CVB", "gloss_index_ru": "STEM{pač}-MED{ə̑lt}-CVB{ø}-", "gr.pos": "v"}], "off_start": 12, "off_end": 19, "next_word": 3, "sentence_index": 1, "sentence_index_neg": 12}, {"wtype": "word", "wf": "keä", "ana": [{"parts": "ke-ä", "gloss": "", "gloss_index": "", "lex": "ke", "trans_ru": "идти", "gloss_ru": "идти-NPST.3SG", "gloss_index_ru": "STEM{ke}-NPST.3SG{ä}-", "gr.pos": "v"}], "off_start": 20, "off_end": 23, "next_word": 4, "sentence_index": 2, "sentence_index_neg": 11}, {"wtype": "punct", "wf": ",", "off_start": 23, "off_end": 24, "next_word": 5, "sentence_index": 3, "sentence_index_neg": 10}, {"wtype": "word", "wf": "moren", "ana": [{"parts": "moren", "gloss": "", "gloss_index": "", "lex": "moren", "trans_ru": "заяц", "gloss_ru": "заяц", "gloss_index_ru": "STEM{moren}-", "gr.pos": "n"}], "off_start": 25, "off_end": 30, "next_word": 6, "sentence_index": 4, "sentence_index_neg": 9}, {"wtype": "word", "wf": "kə̑rgə̑ž", "ana": [{"parts": "kə̑rgə̑ž-ø", "gloss": "", "gloss_index": "", "lex": "kə̑rgə̑ž", "trans_ru": "бежать", "gloss_ru": "бежать-CVB", "gloss_index_ru": "STEM{kə̑rgə̑ž}-CVB{ø}-", "gr.pos": "v"}], "off_start": 31, "off_end": 39, "next_word": 7, "sentence_index": 5, "sentence_index_neg": 8}, {"wtype": "word", "wf": "läkteš", "ana": [{"parts": "läkt-eš", "gloss": "", "gloss_index": "", "lex": "läkt", "trans_ru": "выходить", "gloss_ru": "выходить-NPST.3SG", "gloss_index_ru": "STEM{läkt}-NPST.3SG{eš}-", "gr.pos": "v"}], "off_start": 40, "off_end": 46, "next_word": 8, "sentence_index": 6, "sentence_index_neg": 7}, {"wtype": "punct", "wf": ",", "off_start": 46, "off_end": 47, "next_word": 9, "sentence_index": 7, "sentence_index_neg": 6}, {"wtype": "word", "wf": "pirə̈", "ana": [{"parts": "pirə̈", "gloss": "", "gloss_index": "", "lex": "pirə̈", "trans_ru": "волк", "gloss_ru": "волк", "gloss_index_ru": "STEM{pirə̈}-", "gr.pos": "n"}], "off_start": 48, "off_end": 53, "next_word": 10, "sentence_index": 8, "sentence_index_neg": 5}, {"wtype": "word", "wf": "pə̑ra", "ana": [{"parts": "pə̑r-a", "gloss": "", "gloss_index": "", "lex": "pə̑r", "trans_ru": "входить", "gloss_ru": "входить-NPST.3SG", "gloss_index_ru": "STEM{pə̑r}-NPST.3SG{a}-", "gr.pos": "v"}], "off_start": 54, "off_end": 59, "next_word": 11, "sentence_index": 9, "sentence_index_neg": 4}, {"wtype": "punct", "wf": ",", "off_start": 59, "off_end": 60, "next_word": 12, "sentence_index": 10, "sentence_index_neg": 3}, {"wtype": "word", "wf": "t'el'efon", "ana": [{"parts": "t'el'efon", "gloss": "", "gloss_index": "", "lex": "t'el'efon", "trans_ru": "телефон", "gloss_ru": "телефон", "gloss_index_ru": "STEM{t'el'efon}-", "gr.pos": "n"}], "off_start": 61, "off_end": 70, "next_word": 13, "sentence_index": 11, "sentence_index_neg": 2}, {"wtype": "word", "wf": "don", "ana": [{"parts": "don", "gloss": "", "gloss_index": "", "lex": "don", "trans_ru": "с", "gloss_ru": "с", "gloss_index_ru": "STEM{don}-", "gr.pos": "post"}], "off_start": 71, "off_end": 74, "next_word": 14, "sentence_index": 12, "sentence_index_neg": 1}, {"wtype": "word", "wf": "zvon'a", "ana": [{"parts": "zvon'-a", "gloss": "", "gloss_index": "", "lex": "zvon'", "trans_ru": "звонить", "gloss_ru": "звонить-NPST.3SG", "gloss_index_ru": "STEM{zvon'}-NPST.3SG{a}-", "gr.pos": "v"}], "off_start": 75, "off_end": 81, "next_word": 15, "sentence_index": 13, "sentence_index_neg": 0}, {"wtype": "punct", "wf": ".", "off_start": 81, "off_end": 82, "next_word": 16}], "text": "1.15. amasa pačə̑lt keä, moren kə̑rgə̑ž läkteš, pirə̈ pə̑ra, t'el'efon don zvon'a.", "para_alignment": [{"off_start": 0, "off_end": 82, "para_id": 6286}]}, {"lang": 0, "words": [{"wtype": "punct", "wf": "1.16.", "off_start": 0, "off_end": 5, "next_word": 1}, {"wtype": "word", "wf": "i", "ana": [{"parts": "i", "gloss": "", "gloss_index": "", "lex": "i", "trans_ru": "и", "gloss_ru": "и", "gloss_index_ru": "STEM{i}-", "gr.pos": "coordconn"}], "off_start": 6, "off_end": 7, "next_word": 2, "sentence_index": 0, "sentence_index_neg": 12}, {"wtype": "word", "wf": "pirə̈", "ana": [{"parts": "pirə̈", "gloss": "", "gloss_index": "", "lex": "pirə̈", "trans_ru": "волк", "gloss_ru": "волк", "gloss_index_ru": "STEM{pirə̈}-", "gr.pos": "n"}], "off_start": 8, "off_end": 13, "next_word": 3, "sentence_index": 1, "sentence_index_neg": 11}, {"wtype": "punct", "wf": ",", "off_start": 13, "off_end": 14, "next_word": 4, "sentence_index": 2, "sentence_index_neg": 10}, {"wtype": "word", "wf": "e", "ana": [{"parts": "e", "gloss": "", "gloss_index": "", "lex": "e", "trans_ru": "э", "gloss_ru": "э", "gloss_index_ru": "STEM{e}-", "gr.pos": "interj"}], "off_start": 15, "off_end": 16, "next_word": 5, "sentence_index": 3, "sentence_index_neg": 9}, {"wtype": "punct", "wf": ",", "off_start": 16, "off_end": 17, "next_word": 6, "sentence_index": 4, "sentence_index_neg": 8}, {"wtype": "word", "wf": "moren", "ana": [{"parts": "moren", "gloss": "", "gloss_index": "", "lex": "moren", "trans_ru": "заяц", "gloss_ru": "заяц", "gloss_index_ru": "STEM{moren}-", "gr.pos": "n"}], "off_start": 18, "off_end": 23, "next_word": 7, "sentence_index": 5, "sentence_index_neg": 7}, {"wtype": "word", "wf": "otvečäjä", "ana": [{"parts": "otvečäj-ä", "gloss": "", "gloss_index": "", "lex": "otvečäj", "trans_ru": "ответить", "gloss_ru": "ответить-NPST.3SG", "gloss_index_ru": "STEM{otvečäj}-NPST.3SG{ä}-", "gr.pos": "v"}], "off_start": 24, "off_end": 32, "next_word": 8, "sentence_index": 6, "sentence_index_neg": 6}, {"wtype": "punct", "wf": ":", "off_start": 33, "off_end": 34, "next_word": 9, "sentence_index": 7, "sentence_index_neg": 5}, {"wtype": "punct", "wf": "\"", "off_start": 35, "off_end": 36, "next_word": 10, "sentence_index": 8, "sentence_index_neg": 4}, {"wtype": "punct", "wf": "Ну", "off_start": 37, "off_end": 39, "next_word": 11, "sentence_index": 9, "sentence_index_neg": 3}, {"wtype": "punct", "wf": ",", "off_start": 39, "off_end": 40, "next_word": 12, "sentence_index": 10, "sentence_index_neg": 2}, {"wtype": "punct", "wf": "-", "off_start": 41, "off_end": 42, "next_word": 13, "sentence_index": 11, "sentence_index_neg": 1}, {"wtype": "word", "wf": "maneš", "ana": [{"parts": "man-eš", "gloss": "", "gloss_index": "", "lex": "man", "trans_ru": "говорить", "gloss_ru": "говорить-NPST.3SG", "gloss_index_ru": "STEM{man}-NPST.3SG{eš}-", "gr.pos": "v"}], "off_start": 43, "off_end": 48, "next_word": 14, "sentence_index": 12, "sentence_index_neg": 0}, {"wtype": "punct", "wf": ",", "off_start": 48, "off_end": 49, "next_word": 15}, {"wtype": "punct", "wf": "-", "off_start": 50, "off_end": 51, "next_word": 16}, {"wtype": "punct", "wf": "ну", "off_start": 52, "off_end": 54, "next_word": 17}, {"wtype": "punct", "wf": "погоди", "off_start": 55, "off_end": 61, "next_word": 18}, {"wtype": "punct", "wf": ",", "off_start": 61, "off_end": 62, "next_word": 19}, {"wtype": "punct", "wf": "заяц", "off_start": 63, "off_end": 67, "next_word": 20}, {"wtype": "punct", "wf": "!\".", "off_start": 67, "off_end": 70, "next_word": 21}], "text": "1.16. i pirə̈, e, moren otvečäjä : \" Ну, - maneš, - ну погоди, заяц!\".", "para_alignment": [{"off_start": 0, "off_end": 70, "para_id": 6287}]}, {"lang": 0, "words": [{"wtype": "punct", "wf": "1.17.", "off_start": 0, "off_end": 5, "next_word": 1}, {"wtype": "punct", "wf": "Ну", "off_start": 6, "off_end": 8, "next_word": 2}, {"wtype": "punct", "wf": "значит", "off_start": 9, "off_end": 15, "next_word": 3}, {"wtype": "word", "wf": "və̑čalt", "ana": [{"parts": "və̑č-alt-ø", "gloss": "", "gloss_index": "", "lex": "və̑č", "trans_ru": "ждать", "gloss_ru": "ждать-MED-IMP", "gloss_index_ru": "STEM{və̑č}-MED{alt}-IMP{ø}-", "gr.pos": "v"}], "off_start": 16, "off_end": 23, "next_word": 4, "sentence_index": 0}, {"wtype": "punct", "wf": ".", "off_start": 23, "off_end": 24, "next_word": 5}], "text": "1.17. Ну значит və̑čalt.", "para_alignment": [{"off_start": 0, "off_end": 24, "para_id": 6288}]}, {"lang": 0, "words": [{"wtype": "punct", "wf": "1.18.", "off_start": 0, "off_end": 5, "next_word": 1}, {"wtype": "word", "wf": "nu", "ana": [{"parts": "nu", "gloss": "", "gloss_index": "", "lex": "nu", "trans_ru": "ну", "gloss_ru": "ну", "gloss_index_ru": "STEM{nu}-", "gr.pos": "prt"}], "off_start": 6, "off_end": 8, "next_word": 2, "sentence_index": 0, "sentence_index_neg": 3}, {"wtype": "word", "wf": "və̑čal", "ana": [{"parts": "və̑č-al-ø", "gloss": "", "gloss_index": "", "lex": "və̑č", "trans_ru": "ждать", "gloss_ru": "ждать-ATT-IMP", "gloss_index_ru": "STEM{və̑č}-ATT{al}-IMP{ø}-", "gr.pos": "v"}], "off_start": 9, "off_end": 15, "next_word": 3, "sentence_index": 1, "sentence_index_neg": 2}, {"wtype": "word", "wf": "moren", "ana": [{"parts": "moren", "gloss": "", "gloss_index": "", "lex": "moren", "trans_ru": "заяц", "gloss_ru": "заяц", "gloss_index_ru": "STEM{moren}-", "gr.pos": "n"}], "off_start": 16, "off_end": 21, "next_word": 4, "sentence_index": 2, "sentence_index_neg": 1}, {"wtype": "word", "wf": "mə̈n'ə̈m", "ana": [{"parts": "mə̈n'-ə̈m", "gloss": "", "gloss_index": "", "lex": "mə̈n'", "trans_ru": "я", "gloss_ru": "я-ACC", "gloss_index_ru": "STEM{mə̈n'}-ACC{ə̈m}-", "gr.pos": "pro-form"}], "off_start": 22, "off_end": 30, "next_word": 5, "sentence_index": 3, "sentence_index_neg": 0}, {"wtype": "punct", "wf": ".", "off_start": 30, "off_end": 31, "next_word": 6}], "text": "1.18. nu və̑čal moren mə̈n'ə̈m.", "para_alignment": [{"off_start": 0, "off_end": 31, "para_id": 6289}]}, {"lang": 0, "words": [{"wtype": "punct", "wf": "1.19.", "off_start": 0, "off_end": 5, "next_word": 1}, {"wtype": "word", "wf": "i", "ana": [{"parts": "i", "gloss": "", "gloss_index": "", "lex": "i", "trans_ru": "и", "gloss_ru": "и", "gloss_index_ru": "STEM{i}-", "gr.pos": "coordconn"}], "off_start": 6, "off_end": 7, "next_word": 2, "sentence_index": 0, "sentence_index_neg": 3}, {"wtype": "word", "wf": "fs'o", "ana": [{"parts": "fs'o", "gloss": "", "gloss_index": "", "lex": "fs'o", "trans_ru": "всё", "gloss_ru": "всё", "gloss_index_ru": "STEM{fs'o}-", "gr.pos": "pro-form"}], "off_start": 8, "off_end": 12, "next_word": 3, "sentence_index": 1, "sentence_index_neg": 2}, {"wtype": "punct", "wf": ",", "off_start": 12, "off_end": 13, "next_word": 4, "sentence_index": 2, "sentence_index_neg": 1}, {"wtype": "word", "wf": "pə̈tə̈š", "ana": [{"parts": "pə̈t-ə̈š", "gloss": "", "gloss_index": "", "lex": "pə̈t", "trans_ru": "заканчиваться", "gloss_ru": "заканчиваться-AOR", "gloss_index_ru": "STEM{pə̈t}-AOR{ə̈š}-", "gr.pos": "v"}], "off_start": 14, "off_end": 21, "next_word": 5, "sentence_index": 3, "sentence_index_neg": 0}, {"wtype": "punct", "wf": ".", "off_start": 21, "off_end": 22, "next_word": 6}], "text": "1.19. i fs'o, pə̈tə̈š.", "para_alignment": [{"off_start": 0, "off_end": 22, "para_id": 6290}], "last": true}, {"lang": 1, "words": [{"off_start": 0, "wf": "Волк", "wtype": "word", "off_end": 4, "next_word": 1, "sentence_index": 0, "sentence_index_neg": 6}, {"off_start": 5, "wf": "видит", "wtype": "word", "off_end": 10, "next_word": 2, "sentence_index": 1, "sentence_index_neg": 5}, {"off_start": 11, "wf": "птичье", "wtype": "word", "off_end": 17, "next_word": 3, "sentence_index": 2, "sentence_index_neg": 4}, {"off_start": 18, "wf": "гне", "wtype": "word", "off_end": 21, "next_word": 4, "sentence_index": 3, "sentence_index_neg": 3}, {"off_start": 21, "wf": "...", "wtype": "punct", "off_end": 24, "next_word": 5, "sentence_index": 4, "sentence_index_neg": 2}, {"off_start": 25, "wf": "птичий", "wtype": "word", "off_end": 31, "next_word": 6, "sentence_index": 5, "sentence_index_neg": 1}, {"off_start": 32, "wf": "домик", "wtype": "word", "off_end": 37, "next_word": 7, "sentence_index": 6, "sentence_index_neg": 0}, {"off_start": 37, "wf": ".", "wtype": "punct", "off_end": 38, "next_word": 8}], "text": "Волк видит птичье гне... птичий домик.", "para_alignment": [{"off_start": 0, "off_end": 38, "para_id": 6272}]}, {"lang": 1, "words": [{"off_start": 0, "wf": "Заходит", "wtype": "word", "off_end": 7, "next_word": 1, "sentence_index": 0, "sentence_index_neg": 3}, {"off_start": 8, "wf": "за", "wtype": "word", "off_end": 10, "next_word": 2, "sentence_index": 1, "sentence_index_neg": 2}, {"off_start": 11, "wf": "птичий", "wtype": "word", "off_end": 17, "next_word": 3, "sentence_index": 2, "sentence_index_neg": 1}, {"off_start": 18, "wf": "домик", "wtype": "word", "off_end": 23, "next_word": 4, "sentence_index": 3, "sentence_index_neg": 0}, {"off_start": 23, "wf": ".", "wtype": "punct", "off_end": 24, "next_word": 5}], "text": "Заходит за птичий домик.", "para_alignment": [{"off_start": 0, "off_end": 24, "para_id": 6273}]}, {"lang": 1, "words": [{"off_start": 0, "wf": "Птицы", "wtype": "word", "off_end": 5, "next_word": 1, "sentence_index": 0, "sentence_index_neg": 7}, {"off_start": 6, "wf": "улетают", "wtype": "word", "off_end": 13, "next_word": 2, "sentence_index": 1, "sentence_index_neg": 6}, {"off_start": 13, "wf": ",", "wtype": "punct", "off_end": 14, "next_word": 3, "sentence_index": 2, "sentence_index_neg": 5}, {"off_start": 15, "wf": "а", "wtype": "word", "off_end": 16, "next_word": 4, "sentence_index": 3, "sentence_index_neg": 4}, {"off_start": 17, "wf": "сам", "wtype": "word", "off_end": 20, "next_word": 5, "sentence_index": 4, "sentence_index_neg": 3}, {"off_start": 21, "wf": "смотрит", "wtype": "word", "off_end": 28, "next_word": 6, "sentence_index": 5, "sentence_index_neg": 2}, {"off_start": 29, "wf": "в", "wtype": "word", "off_end": 30, "next_word": 7, "sentence_index": 6, "sentence_index_neg": 1}, {"off_start": 31, "wf": "бинокль", "wtype": "word", "off_end": 38, "next_word": 8, "sentence_index": 7, "sentence_index_neg": 0}, {"off_start": 38, "wf": ".", "wtype": "punct", "off_end": 39, "next_word": 9}], "text": "Птицы улетают, а сам смотрит в бинокль.", "para_alignment": [{"off_start": 0, "off_end": 39, "para_id": 6274}]}, {"lang": 1, "words": [{"off_start": 0, "wf": "В", "wtype": "word", "off_end": 1, "next_word": 1, "sentence_index": 0, "sentence_index_neg": 12}, {"off_start": 2, "wf": "это", "wtype": "word", "off_end": 5, "next_word": 2, "sentence_index": 1, "sentence_index_neg": 11}, {"off_start": 6, "wf": "время", "wtype": "word", "off_end": 11, "next_word": 3, "sentence_index": 2, "sentence_index_neg": 10}, {"off_start": 12, "wf": "заяц", "wtype": "word", "off_end": 16, "next_word": 4, "sentence_index": 3, "sentence_index_neg": 9}, {"off_start": 17, "wf": "спускается", "wtype": "word", "off_end": 27, "next_word": 5, "sentence_index": 4, "sentence_index_neg": 8}, {"off_start": 28, "wf": "по", "wtype": "word", "off_end": 30, "next_word": 6, "sentence_index": 5, "sentence_index_neg": 7}, {"off_start": 31, "wf": "подъезду", "wtype": "word", "off_end": 39, "next_word": 7, "sentence_index": 6, "sentence_index_neg": 6}, {"off_start": 39, "wf": ",", "wtype": "punct", "off_end": 40, "next_word": 8, "sentence_index": 7, "sentence_index_neg": 5}, {"off_start": 41, "wf": "выходит", "wtype": "word", "off_end": 48, "next_word": 9, "sentence_index": 8, "sentence_index_neg": 4}, {"off_start": 49, "wf": "из", "wtype": "word", "off_end": 51, "next_word": 10, "sentence_index": 9, "sentence_index_neg": 3}, {"off_start": 52, "wf": "дома", "wtype": "word", "off_end": 56, "next_word": 11, "sentence_index": 10, "sentence_index_neg": 2}, {"off_start": 57, "wf": "по", "wtype": "word", "off_end": 59, "next_word": 12, "sentence_index": 11, "sentence_index_neg": 1}, {"off_start": 60, "wf": "подъезду", "wtype": "word", "off_end": 68, "next_word": 13, "sentence_index": 12, "sentence_index_neg": 0}, {"off_start": 68, "wf": ".", "wtype": "punct", "off_end": 69, "next_word": 14}], "text": "В это время заяц спускается по подъезду, выходит из дома по подъезду.", "para_alignment": [{"off_start": 0, "off_end": 69, "para_id": 6275}]}, {"lang": 1, "words": [{"off_start": 0, "wf": "Волк", "wtype": "word", "off_end": 4, "next_word": 1, "sentence_index": 0, "sentence_index_neg": 8}, {"off_start": 5, "wf": "видит", "wtype": "word", "off_end": 10, "next_word": 2, "sentence_index": 1, "sentence_index_neg": 7}, {"off_start": 11, "wf": "в", "wtype": "word", "off_end": 12, "next_word": 3, "sentence_index": 2, "sentence_index_neg": 6}, {"off_start": 13, "wf": "бинокль", "wtype": "word", "off_end": 20, "next_word": 4, "sentence_index": 3, "sentence_index_neg": 5}, {"off_start": 20, "wf": ",", "wtype": "punct", "off_end": 21, "next_word": 5, "sentence_index": 4, "sentence_index_neg": 4}, {"off_start": 22, "wf": "давай", "wtype": "word", "off_end": 27, "next_word": 6, "sentence_index": 5, "sentence_index_neg": 3}, {"off_start": 28, "wf": "бежит", "wtype": "word", "off_end": 33, "next_word": 7, "sentence_index": 6, "sentence_index_neg": 2}, {"off_start": 34, "wf": "наперерез", "wtype": "word", "off_end": 43, "next_word": 8, "sentence_index": 7, "sentence_index_neg": 1}, {"off_start": 44, "wf": "зайцу", "wtype": "word", "off_end": 49, "next_word": 9, "sentence_index": 8, "sentence_index_neg": 0}, {"off_start": 49, "wf": ".", "wtype": "punct", "off_end": 50, "next_word": 10}], "text": "Волк видит в бинокль, давай бежит наперерез зайцу.", "para_alignment": [{"off_start": 0, "off_end": 50, "para_id": 6276}]}, {"lang": 1, "words": [{"off_start": 0, "wf": "Э-э", "wtype": "word", "off_end": 3, "next_word": 1, "sentence_index": 0, "sentence_index_neg": 16}, {"off_start": 3, "wf": ",", "wtype": "punct", "off_end": 4, "next_word": 2, "sentence_index": 1, "sentence_index_neg": 15}, {"off_start": 5, "wf": "берёт", "wtype": "word", "off_end": 10, "next_word": 3, "sentence_index": 2, "sentence_index_neg": 14}, {"off_start": 11, "wf": "зайца", "wtype": "word", "off_end": 16, "next_word": 4, "sentence_index": 3, "sentence_index_neg": 13}, {"off_start": 17, "wf": "и", "wtype": "word", "off_end": 18, "next_word": 5, "sentence_index": 4, "sentence_index_neg": 12}, {"off_start": 19, "wf": "кладет", "wtype": "word", "off_end": 25, "next_word": 6, "sentence_index": 5, "sentence_index_neg": 11}, {"off_start": 26, "wf": "в", "wtype": "word", "off_end": 27, "next_word": 7, "sentence_index": 6, "sentence_index_neg": 10}, {"off_start": 28, "wf": "мешок", "wtype": "word", "off_end": 33, "next_word": 8, "sentence_index": 7, "sentence_index_neg": 9}, {"off_start": 34, "wf": "(", "wtype": "punct", "off_end": 35, "next_word": 9, "sentence_index": 8, "sentence_index_neg": 8}, {"off_start": 35, "wf": "Прим", "wtype": "word", "off_end": 39, "next_word": 10, "sentence_index": 9, "sentence_index_neg": 7}, {"off_start": 39, "wf": ".:", "wtype": "punct", "off_end": 41, "next_word": 11, "sentence_index": 10, "sentence_index_neg": 6}, {"off_start": 42, "wf": "Слово", "wtype": "word", "off_end": 47, "next_word": 12, "sentence_index": 11, "sentence_index_neg": 5}, {"off_start": 48, "wf": "xovort", "wtype": "word", "off_end": 54, "next_word": 13, "sentence_index": 12, "sentence_index_neg": 4}, {"off_start": 54, "wf": ",", "wtype": "punct", "off_end": 55, "next_word": 14, "sentence_index": 13, "sentence_index_neg": 3}, {"off_start": 56, "wf": "вероятно", "wtype": "word", "off_end": 64, "next_word": 15, "sentence_index": 14, "sentence_index_neg": 2}, {"off_start": 64, "wf": ",", "wtype": "punct", "off_end": 65, "next_word": 16, "sentence_index": 15, "sentence_index_neg": 1}, {"off_start": 66, "wf": "окказионализм", "wtype": "word", "off_end": 79, "next_word": 17, "sentence_index": 16, "sentence_index_neg": 0}, {"off_start": 79, "wf": ").", "wtype": "punct", "off_end": 81, "next_word": 18}], "text": "Э-э, берёт зайца и кладет в мешок (Прим.: Слово xovort, вероятно, окказионализм).", "para_alignment": [{"off_start": 0, "off_end": 81, "para_id": 6277}]}, {"lang": 1, "words": [{"off_start": 0, "wf": "И", "wtype": "word", "off_end": 1, "next_word": 1, "sentence_index": 0, "sentence_index_neg": 18}, {"off_start": 2, "wf": "в", "wtype": "word", "off_end": 3, "next_word": 2, "sentence_index": 1, "sentence_index_neg": 17}, {"off_start": 4, "wf": "это", "wtype": "word", "off_end": 7, "next_word": 3, "sentence_index": 2, "sentence_index_neg": 16}, {"off_start": 8, "wf": "время", "wtype": "word", "off_end": 13, "next_word": 4, "sentence_index": 3, "sentence_index_neg": 15}, {"off_start": 14, "wf": "сам", "wtype": "word", "off_end": 17, "next_word": 5, "sentence_index": 4, "sentence_index_neg": 14}, {"off_start": 17, "wf": "...", "wtype": "punct", "off_end": 20, "next_word": 6, "sentence_index": 5, "sentence_index_neg": 13}, {"off_start": 21, "wf": "заяц", "wtype": "word", "off_end": 25, "next_word": 7, "sentence_index": 6, "sentence_index_neg": 12}, {"off_start": 26, "wf": "был", "wtype": "word", "off_end": 29, "next_word": 8, "sentence_index": 7, "sentence_index_neg": 11}, {"off_start": 30, "wf": "очень", "wtype": "word", "off_end": 35, "next_word": 9, "sentence_index": 8, "sentence_index_neg": 10}, {"off_start": 36, "wf": "радостный", "wtype": "word", "off_end": 45, "next_word": 10, "sentence_index": 9, "sentence_index_neg": 9}, {"off_start": 45, "wf": ",", "wtype": "punct", "off_end": 46, "next_word": 11, "sentence_index": 10, "sentence_index_neg": 8}, {"off_start": 47, "wf": "значит", "wtype": "word", "off_end": 53, "next_word": 12, "sentence_index": 11, "sentence_index_neg": 7}, {"off_start": 53, "wf": ",", "wtype": "punct", "off_end": 54, "next_word": 13, "sentence_index": 12, "sentence_index_neg": 6}, {"off_start": 55, "wf": "ну", "wtype": "word", "off_end": 57, "next_word": 14, "sentence_index": 13, "sentence_index_neg": 5}, {"off_start": 58, "wf": "заяц", "wtype": "word", "off_end": 62, "next_word": 15, "sentence_index": 14, "sentence_index_neg": 4}, {"off_start": 63, "wf": "лежит", "wtype": "word", "off_end": 68, "next_word": 16, "sentence_index": 15, "sentence_index_neg": 3}, {"off_start": 68, "wf": ",", "wtype": "punct", "off_end": 69, "next_word": 17, "sentence_index": 16, "sentence_index_neg": 2}, {"off_start": 70, "wf": "волк", "wtype": "word", "off_end": 74, "next_word": 18, "sentence_index": 17, "sentence_index_neg": 1}, {"off_start": 75, "wf": "несет", "wtype": "word", "off_end": 80, "next_word": 19, "sentence_index": 18, "sentence_index_neg": 0}, {"off_start": 80, "wf": ".", "wtype": "punct", "off_end": 81, "next_word": 20}], "text": "И в это время сам... заяц был очень радостный, значит, ну заяц лежит, волк несет.", "para_alignment": [{"off_start": 0, "off_end": 81, "para_id": 6278}]}, {"lang": 1, "words": [{"off_start": 0, "wf": "И", "wtype": "word", "off_end": 1, "next_word": 1, "sentence_index": 0, "sentence_index_neg": 1}, {"off_start": 2, "wf": "поставил", "wtype": "word", "off_end": 10, "next_word": 2, "sentence_index": 1, "sentence_index_neg": 0}, {"off_start": 10, "wf": ".", "wtype": "punct", "off_end": 11, "next_word": 3}], "text": "И поставил.", "para_alignment": [{"off_start": 0, "off_end": 11, "para_id": 6279}]}, {"lang": 1, "words": [{"off_start": 0, "wf": "Милиц", "wtype": "word", "off_end": 5, "next_word": 1, "sentence_index": 0, "sentence_index_neg": 15}, {"off_start": 5, "wf": "...", "wtype": "punct", "off_end": 8, "next_word": 2, "sentence_index": 1, "sentence_index_neg": 14}, {"off_start": 9, "wf": "милиционеров", "wtype": "word", "off_end": 21, "next_word": 3, "sentence_index": 2, "sentence_index_neg": 13}, {"off_start": 22, "wf": "увидел", "wtype": "word", "off_end": 28, "next_word": 4, "sentence_index": 3, "sentence_index_neg": 12}, {"off_start": 29, "wf": "но", "wtype": "word", "off_end": 31, "next_word": 5, "sentence_index": 4, "sentence_index_neg": 11}, {"off_start": 31, "wf": "...", "wtype": "punct", "off_end": 34, "next_word": 6, "sentence_index": 5, "sentence_index_neg": 10}, {"off_start": 35, "wf": "милицейскую", "wtype": "word", "off_end": 46, "next_word": 7, "sentence_index": 6, "sentence_index_neg": 9}, {"off_start": 47, "wf": "машину", "wtype": "word", "off_end": 53, "next_word": 8, "sentence_index": 7, "sentence_index_neg": 8}, {"off_start": 54, "wf": "увидел", "wtype": "word", "off_end": 60, "next_word": 9, "sentence_index": 8, "sentence_index_neg": 7}, {"off_start": 60, "wf": ",", "wtype": "punct", "off_end": 61, "next_word": 10, "sentence_index": 9, "sentence_index_neg": 6}, {"off_start": 62, "wf": "увидел", "wtype": "word", "off_end": 68, "next_word": 11, "sentence_index": 10, "sentence_index_neg": 5}, {"off_start": 69, "wf": "и", "wtype": "word", "off_end": 70, "next_word": 12, "sentence_index": 11, "sentence_index_neg": 4}, {"off_start": 71, "wf": "мешо", "wtype": "word", "off_end": 75, "next_word": 13, "sentence_index": 12, "sentence_index_neg": 3}, {"off_start": 75, "wf": "...", "wtype": "punct", "off_end": 78, "next_word": 14, "sentence_index": 13, "sentence_index_neg": 2}, {"off_start": 79, "wf": "ставит", "wtype": "word", "off_end": 85, "next_word": 15, "sentence_index": 14, "sentence_index_neg": 1}, {"off_start": 86, "wf": "мешок", "wtype": "word", "off_end": 91, "next_word": 16, "sentence_index": 15, "sentence_index_neg": 0}, {"off_start": 91, "wf": ".", "wtype": "punct", "off_end": 92, "next_word": 17}], "text": "Милиц... милиционеров увидел но... милицейскую машину увидел, увидел и мешо... ставит мешок.", "para_alignment": [{"off_start": 0, "off_end": 92, "para_id": 6280}]}, {"lang": 1, "words": [{"off_start": 0, "wf": "В", "wtype": "word", "off_end": 1, "next_word": 1, "sentence_index": 0, "sentence_index_neg": 9}, {"off_start": 2, "wf": "это", "wtype": "word", "off_end": 5, "next_word": 2, "sentence_index": 1, "sentence_index_neg": 8}, {"off_start": 6, "wf": "время", "wtype": "word", "off_end": 11, "next_word": 3, "sentence_index": 2, "sentence_index_neg": 7}, {"off_start": 12, "wf": "заяц", "wtype": "word", "off_end": 16, "next_word": 4, "sentence_index": 3, "sentence_index_neg": 6}, {"off_start": 17, "wf": "выскакивает", "wtype": "word", "off_end": 28, "next_word": 5, "sentence_index": 4, "sentence_index_neg": 5}, {"off_start": 29, "wf": "и", "wtype": "word", "off_end": 30, "next_word": 6, "sentence_index": 5, "sentence_index_neg": 4}, {"off_start": 31, "wf": "забегает", "wtype": "word", "off_end": 39, "next_word": 7, "sentence_index": 6, "sentence_index_neg": 3}, {"off_start": 40, "wf": "в", "wtype": "word", "off_end": 41, "next_word": 8, "sentence_index": 7, "sentence_index_neg": 2}, {"off_start": 42, "wf": "телефонную", "wtype": "word", "off_end": 52, "next_word": 9, "sentence_index": 8, "sentence_index_neg": 1}, {"off_start": 53, "wf": "будку", "wtype": "word", "off_end": 58, "next_word": 10, "sentence_index": 9, "sentence_index_neg": 0}, {"off_start": 58, "wf": ".", "wtype": "punct", "off_end": 59, "next_word": 11}], "text": "В это время заяц выскакивает и забегает в телефонную будку.", "para_alignment": [{"off_start": 0, "off_end": 59, "para_id": 6281}]}, {"lang": 1, "words": [{"off_start": 0, "wf": "В", "wtype": "word", "off_end": 1, "next_word": 1, "sentence_index": 0, "sentence_index_neg": 25}, {"off_start": 2, "wf": "телефонной", "wtype": "word", "off_end": 12, "next_word": 2, "sentence_index": 1, "sentence_index_neg": 24}, {"off_start": 13, "wf": "будке", "wtype": "word", "off_end": 18, "next_word": 3, "sentence_index": 2, "sentence_index_neg": 23}, {"off_start": 19, "wf": "бадминтон", "wtype": "word", "off_end": 28, "next_word": 4, "sentence_index": 3, "sentence_index_neg": 22}, {"off_start": 28, "wf": "...", "wtype": "punct", "off_end": 31, "next_word": 5, "sentence_index": 4, "sentence_index_neg": 21}, {"off_start": 32, "wf": "ручка", "wtype": "word", "off_end": 37, "next_word": 6, "sentence_index": 5, "sentence_index_neg": 20}, {"off_start": 37, "wf": "...", "wtype": "punct", "off_end": 40, "next_word": 7, "sentence_index": 6, "sentence_index_neg": 19}, {"off_start": 41, "wf": "бадминтон", "wtype": "word", "off_end": 50, "next_word": 8, "sentence_index": 7, "sentence_index_neg": 18}, {"off_start": 50, "wf": "...", "wtype": "punct", "off_end": 53, "next_word": 9, "sentence_index": 8, "sentence_index_neg": 17}, {"off_start": 54, "wf": "ну", "wtype": "word", "off_end": 56, "next_word": 10, "sentence_index": 9, "sentence_index_neg": 16}, {"off_start": 57, "wf": "в", "wtype": "word", "off_end": 58, "next_word": 11, "sentence_index": 10, "sentence_index_neg": 15}, {"off_start": 59, "wf": "бадминтон", "wtype": "word", "off_end": 68, "next_word": 12, "sentence_index": 11, "sentence_index_neg": 14}, {"off_start": 68, "wf": "...", "wtype": "punct", "off_end": 71, "next_word": 13, "sentence_index": 12, "sentence_index_neg": 13}, {"off_start": 72, "wf": "это", "wtype": "word", "off_end": 75, "next_word": 14, "sentence_index": 13, "sentence_index_neg": 12}, {"off_start": 75, "wf": "...", "wtype": "punct", "off_end": 78, "next_word": 15, "sentence_index": 14, "sentence_index_neg": 11}, {"off_start": 79, "wf": "играть", "wtype": "word", "off_end": 85, "next_word": 16, "sentence_index": 15, "sentence_index_neg": 10}, {"off_start": 85, "wf": "...", "wtype": "punct", "off_end": 88, "next_word": 17, "sentence_index": 16, "sentence_index_neg": 9}, {"off_start": 89, "wf": "ракеткой", "wtype": "word", "off_end": 97, "next_word": 18, "sentence_index": 17, "sentence_index_neg": 8}, {"off_start": 97, "wf": ",", "wtype": "punct", "off_end": 98, "next_word": 19, "sentence_index": 18, "sentence_index_neg": 7}, {"off_start": 99, "wf": "которой", "wtype": "word", "off_end": 106, "next_word": 20, "sentence_index": 19, "sentence_index_neg": 6}, {"off_start": 107, "wf": "играют", "wtype": "word", "off_end": 113, "next_word": 21, "sentence_index": 20, "sentence_index_neg": 5}, {"off_start": 114, "wf": "в", "wtype": "word", "off_end": 115, "next_word": 22, "sentence_index": 21, "sentence_index_neg": 4}, {"off_start": 116, "wf": "бадминтон", "wtype": "word", "off_end": 125, "next_word": 23, "sentence_index": 22, "sentence_index_neg": 3}, {"off_start": 125, "wf": ",", "wtype": "punct", "off_end": 126, "next_word": 24, "sentence_index": 23, "sentence_index_neg": 2}, {"off_start": 127, "wf": "запирает", "wtype": "word", "off_end": 135, "next_word": 25, "sentence_index": 24, "sentence_index_neg": 1}, {"off_start": 136, "wf": "ручку", "wtype": "word", "off_end": 141, "next_word": 26, "sentence_index": 25, "sentence_index_neg": 0}, {"off_start": 141, "wf": ".", "wtype": "punct", "off_end": 142, "next_word": 27}], "text": "В телефонной будке бадминтон... ручка... бадминтон... ну в бадминтон... это... играть... ракеткой, которой играют в бадминтон, запирает ручку.", "para_alignment": [{"off_start": 0, "off_end": 142, "para_id": 6282}]}, {"lang": 1, "words": [{"off_start": 0, "wf": "Запирает", "wtype": "word", "off_end": 8, "next_word": 1, "sentence_index": 0, "sentence_index_neg": 1}, {"off_start": 9, "wf": "ручку", "wtype": "word", "off_end": 14, "next_word": 2, "sentence_index": 1, "sentence_index_neg": 0}, {"off_start": 14, "wf": ".", "wtype": "punct", "off_end": 15, "next_word": 3}], "text": "Запирает ручку.", "para_alignment": [{"off_start": 0, "off_end": 15, "para_id": 6283}]}, {"lang": 1, "words": [{"off_start": 0, "wf": "Э", "wtype": "word", "off_end": 1, "next_word": 1, "sentence_index": 0, "sentence_index_neg": 19}, {"off_start": 1, "wf": ",", "wtype": "punct", "off_end": 2, "next_word": 2, "sentence_index": 1, "sentence_index_neg": 18}, {"off_start": 3, "wf": "заяц", "wtype": "word", "off_end": 7, "next_word": 3, "sentence_index": 2, "sentence_index_neg": 17}, {"off_start": 7, "wf": "...", "wtype": "punct", "off_end": 10, "next_word": 4, "sentence_index": 3, "sentence_index_neg": 16}, {"off_start": 11, "wf": "э", "wtype": "word", "off_end": 12, "next_word": 5, "sentence_index": 4, "sentence_index_neg": 15}, {"off_start": 12, "wf": ",", "wtype": "punct", "off_end": 13, "next_word": 6, "sentence_index": 5, "sentence_index_neg": 14}, {"off_start": 14, "wf": "волк", "wtype": "word", "off_end": 18, "next_word": 7, "sentence_index": 6, "sentence_index_neg": 13}, {"off_start": 18, "wf": ",", "wtype": "punct", "off_end": 19, "next_word": 8, "sentence_index": 7, "sentence_index_neg": 12}, {"off_start": 20, "wf": "значит", "wtype": "word", "off_end": 26, "next_word": 9, "sentence_index": 8, "sentence_index_neg": 11}, {"off_start": 26, "wf": ",", "wtype": "punct", "off_end": 27, "next_word": 10, "sentence_index": 9, "sentence_index_neg": 10}, {"off_start": 28, "wf": "старается-старается", "wtype": "word", "off_end": 47, "next_word": 11, "sentence_index": 10, "sentence_index_neg": 9}, {"off_start": 48, "wf": "открыть", "wtype": "word", "off_end": 55, "next_word": 12, "sentence_index": 11, "sentence_index_neg": 8}, {"off_start": 55, "wf": ",", "wtype": "punct", "off_end": 56, "next_word": 13, "sentence_index": 12, "sentence_index_neg": 7}, {"off_start": 57, "wf": "открыть", "wtype": "word", "off_end": 64, "next_word": 14, "sentence_index": 13, "sentence_index_neg": 6}, {"off_start": 65, "wf": "мног", "wtype": "word", "off_end": 69, "next_word": 15, "sentence_index": 14, "sentence_index_neg": 5}, {"off_start": 69, "wf": "...", "wtype": "punct", "off_end": 72, "next_word": 16, "sentence_index": 15, "sentence_index_neg": 4}, {"off_start": 73, "wf": "быстро", "wtype": "word", "off_end": 79, "next_word": 17, "sentence_index": 16, "sentence_index_neg": 3}, {"off_start": 80, "wf": "не", "wtype": "word", "off_end": 82, "next_word": 18, "sentence_index": 17, "sentence_index_neg": 2}, {"off_start": 83, "wf": "может", "wtype": "word", "off_end": 88, "next_word": 19, "sentence_index": 18, "sentence_index_neg": 1}, {"off_start": 89, "wf": "открыть", "wtype": "word", "off_end": 96, "next_word": 20, "sentence_index": 19, "sentence_index_neg": 0}, {"off_start": 96, "wf": ".", "wtype": "punct", "off_end": 97, "next_word": 21}], "text": "Э, заяц... э, волк, значит, старается-старается открыть, открыть мног... быстро не может открыть.", "para_alignment": [{"off_start": 0, "off_end": 97, "para_id": 6284}]}, {"lang": 1, "words": [{"off_start": 0, "wf": "И", "wtype": "word", "off_end": 1, "next_word": 1, "sentence_index": 0, "sentence_index_neg": 15}, {"off_start": 2, "wf": "потом", "wtype": "word", "off_end": 7, "next_word": 2, "sentence_index": 1, "sentence_index_neg": 14}, {"off_start": 7, "wf": ",", "wtype": "punct", "off_end": 8, "next_word": 3, "sentence_index": 2, "sentence_index_neg": 13}, {"off_start": 9, "wf": "значит", "wtype": "word", "off_end": 15, "next_word": 4, "sentence_index": 3, "sentence_index_neg": 12}, {"off_start": 15, "wf": ",", "wtype": "punct", "off_end": 16, "next_word": 5, "sentence_index": 4, "sentence_index_neg": 11}, {"off_start": 17, "wf": "зажег", "wtype": "word", "off_end": 22, "next_word": 6, "sentence_index": 5, "sentence_index_neg": 10}, {"off_start": 23, "wf": "сигарету", "wtype": "word", "off_end": 31, "next_word": 7, "sentence_index": 6, "sentence_index_neg": 9}, {"off_start": 31, "wf": ",", "wtype": "punct", "off_end": 32, "next_word": 8, "sentence_index": 7, "sentence_index_neg": 8}, {"off_start": 33, "wf": "с", "wtype": "word", "off_end": 34, "next_word": 9, "sentence_index": 8, "sentence_index_neg": 7}, {"off_start": 35, "wf": "сигаретой", "wtype": "word", "off_end": 44, "next_word": 10, "sentence_index": 9, "sentence_index_neg": 6}, {"off_start": 44, "wf": "...", "wtype": "punct", "off_end": 47, "next_word": 11, "sentence_index": 10, "sentence_index_neg": 5}, {"off_start": 48, "wf": "ну", "wtype": "word", "off_end": 50, "next_word": 12, "sentence_index": 11, "sentence_index_neg": 4}, {"off_start": 50, "wf": ",", "wtype": "punct", "off_end": 51, "next_word": 13, "sentence_index": 12, "sentence_index_neg": 3}, {"off_start": 52, "wf": "нагрев", "wtype": "word", "off_end": 58, "next_word": 14, "sentence_index": 13, "sentence_index_neg": 2}, {"off_start": 58, "wf": ",", "wtype": "punct", "off_end": 59, "next_word": 15, "sentence_index": 14, "sentence_index_neg": 1}, {"off_start": 60, "wf": "открывает", "wtype": "word", "off_end": 69, "next_word": 16, "sentence_index": 15, "sentence_index_neg": 0}, {"off_start": 69, "wf": ".", "wtype": "punct", "off_end": 70, "next_word": 17}], "text": "И потом, значит, зажег сигарету, с сигаретой... ну, нагрев, открывает.", "para_alignment": [{"off_start": 0, "off_end": 70, "para_id": 6285}]}, {"lang": 1, "words": [{"off_start": 0, "wf": "Дверь", "wtype": "word", "off_end": 5, "next_word": 1, "sentence_index": 0, "sentence_index_neg": 11}, {"off_start": 6, "wf": "открывается", "wtype": "word", "off_end": 17, "next_word": 2, "sentence_index": 1, "sentence_index_neg": 10}, {"off_start": 17, "wf": ",", "wtype": "punct", "off_end": 18, "next_word": 3, "sentence_index": 2, "sentence_index_neg": 9}, {"off_start": 19, "wf": "заяц", "wtype": "word", "off_end": 23, "next_word": 4, "sentence_index": 3, "sentence_index_neg": 8}, {"off_start": 24, "wf": "выбегает", "wtype": "word", "off_end": 32, "next_word": 5, "sentence_index": 4, "sentence_index_neg": 7}, {"off_start": 32, "wf": ",", "wtype": "punct", "off_end": 33, "next_word": 6, "sentence_index": 5, "sentence_index_neg": 6}, {"off_start": 34, "wf": "волк", "wtype": "word", "off_end": 38, "next_word": 7, "sentence_index": 6, "sentence_index_neg": 5}, {"off_start": 39, "wf": "заходит", "wtype": "word", "off_end": 46, "next_word": 8, "sentence_index": 7, "sentence_index_neg": 4}, {"off_start": 47, "wf": "и", "wtype": "word", "off_end": 48, "next_word": 9, "sentence_index": 8, "sentence_index_neg": 3}, {"off_start": 49, "wf": "звонит", "wtype": "word", "off_end": 55, "next_word": 10, "sentence_index": 9, "sentence_index_neg": 2}, {"off_start": 56, "wf": "по", "wtype": "word", "off_end": 58, "next_word": 11, "sentence_index": 10, "sentence_index_neg": 1}, {"off_start": 59, "wf": "телефону", "wtype": "word", "off_end": 67, "next_word": 12, "sentence_index": 11, "sentence_index_neg": 0}, {"off_start": 67, "wf": ".", "wtype": "punct", "off_end": 68, "next_word": 13}], "text": "Дверь открывается, заяц выбегает, волк заходит и звонит по телефону.", "para_alignment": [{"off_start": 0, "off_end": 68, "para_id": 6286}]}, {"lang": 1, "words": [{"off_start": 0, "wf": "И", "wtype": "word", "off_end": 1, "next_word": 1, "sentence_index": 0, "sentence_index_neg": 18}, {"off_start": 2, "wf": "волк", "wtype": "word", "off_end": 6, "next_word": 2, "sentence_index": 1, "sentence_index_neg": 17}, {"off_start": 6, "wf": ",", "wtype": "punct", "off_end": 7, "next_word": 3, "sentence_index": 2, "sentence_index_neg": 16}, {"off_start": 8, "wf": "э", "wtype": "word", "off_end": 9, "next_word": 4, "sentence_index": 3, "sentence_index_neg": 15}, {"off_start": 9, "wf": ",", "wtype": "punct", "off_end": 10, "next_word": 5, "sentence_index": 4, "sentence_index_neg": 14}, {"off_start": 11, "wf": "заяц", "wtype": "word", "off_end": 15, "next_word": 6, "sentence_index": 5, "sentence_index_neg": 13}, {"off_start": 16, "wf": "отвечает", "wtype": "word", "off_end": 24, "next_word": 7, "sentence_index": 6, "sentence_index_neg": 12}, {"off_start": 24, "wf": ":", "wtype": "punct", "off_end": 25, "next_word": 8, "sentence_index": 7, "sentence_index_neg": 11}, {"off_start": 26, "wf": "«", "wtype": "punct", "off_end": 27, "next_word": 9, "sentence_index": 8, "sentence_index_neg": 10}, {"off_start": 27, "wf": "Ну", "wtype": "word", "off_end": 29, "next_word": 10, "sentence_index": 9, "sentence_index_neg": 9}, {"off_start": 29, "wf": ",", "wtype": "punct", "off_end": 30, "next_word": 11, "sentence_index": 10, "sentence_index_neg": 8}, {"off_start": 31, "wf": "-", "wtype": "punct", "off_end": 32, "next_word": 12, "sentence_index": 11, "sentence_index_neg": 7}, {"off_start": 33, "wf": "говорит", "wtype": "word", "off_end": 40, "next_word": 13, "sentence_index": 12, "sentence_index_neg": 6}, {"off_start": 40, "wf": ",", "wtype": "punct", "off_end": 41, "next_word": 14, "sentence_index": 13, "sentence_index_neg": 5}, {"off_start": 42, "wf": "-", "wtype": "punct", "off_end": 43, "next_word": 15, "sentence_index": 14, "sentence_index_neg": 4}, {"off_start": 44, "wf": "ну", "wtype": "word", "off_end": 46, "next_word": 16, "sentence_index": 15, "sentence_index_neg": 3}, {"off_start": 47, "wf": "погоди", "wtype": "word", "off_end": 53, "next_word": 17, "sentence_index": 16, "sentence_index_neg": 2}, {"off_start": 53, "wf": ",", "wtype": "punct", "off_end": 54, "next_word": 18, "sentence_index": 17, "sentence_index_neg": 1}, {"off_start": 55, "wf": "заяц", "wtype": "word", "off_end": 59, "next_word": 19, "sentence_index": 18, "sentence_index_neg": 0}, {"off_start": 59, "wf": "!\"", "wtype": "punct", "off_end": 61, "next_word": 20}], "text": "И волк, э, заяц отвечает: «Ну, - говорит, - ну погоди, заяц!\"", "para_alignment": [{"off_start": 0, "off_end": 61, "para_id": 6287}]}, {"lang": 1, "words": [{"off_start": 0, "wf": "Ну", "wtype": "word", "off_end": 2, "next_word": 1, "sentence_index": 0, "sentence_index_neg": 3}, {"off_start": 3, "wf": "значит", "wtype": "word", "off_end": 9, "next_word": 2, "sentence_index": 1, "sentence_index_neg": 2}, {"off_start": 10, "wf": "«", "wtype": "punct", "off_end": 11, "next_word": 3, "sentence_index": 2, "sentence_index_neg": 1}, {"off_start": 11, "wf": "подожди", "wtype": "word", "off_end": 18, "next_word": 4, "sentence_index": 3, "sentence_index_neg": 0}, {"off_start": 18, "wf": "».", "wtype": "punct", "off_end": 20, "next_word": 5}], "text": "Ну значит «подожди».", "para_alignment": [{"off_start": 0, "off_end": 20, "para_id": 6288}]}, {"lang": 1, "words": [{"off_start": 0, "wf": "Ну", "wtype": "word", "off_end": 2, "next_word": 1, "sentence_index": 0, "sentence_index_neg": 4}, {"off_start": 3, "wf": "подожди", "wtype": "word", "off_end": 10, "next_word": 2, "sentence_index": 1, "sentence_index_neg": 3}, {"off_start": 11, "wf": "меня", "wtype": "word", "off_end": 15, "next_word": 3, "sentence_index": 2, "sentence_index_neg": 2}, {"off_start": 15, "wf": ",", "wtype": "punct", "off_end": 16, "next_word": 4, "sentence_index": 3, "sentence_index_neg": 1}, {"off_start": 17, "wf": "заяц", "wtype": "word", "off_end": 21, "next_word": 5, "sentence_index": 4, "sentence_index_neg": 0}, {"off_start": 21, "wf": ".", "wtype": "punct", "off_end": 22, "next_word": 6}], "text": "Ну подожди меня, заяц.", "para_alignment": [{"off_start": 0, "off_end": 22, "para_id": 6289}]}, {"lang": 1, "words": [{"off_start": 0, "wf": "И", "wtype": "word", "off_end": 1, "next_word": 1, "sentence_index": 0, "sentence_index_neg": 3}, {"off_start": 2, "wf": "всё", "wtype": "word", "off_end": 5, "next_word": 2, "sentence_index": 1, "sentence_index_neg": 2}, {"off_start": 5, "wf": ",", "wtype": "punct", "off_end": 6, "next_word": 3, "sentence_index": 2, "sentence_index_neg": 1}, {"off_start": 7, "wf": "закончилось", "wtype": "word", "off_end": 18, "next_word": 4, "sentence_index": 3, "sentence_index_neg": 0}, {"off_start": 18, "wf": ".", "wtype": "punct", "off_end": 19, "next_word": 5}], "text": "И всё, закончилось.", "para_alignment": [{"off_start": 0, "off_end": 19, "para_id": 6290}]}]}