{"meta": {"title": "О шапке", "filename": "corpus\\xml\\hill.xml"}, "sentences": [{"lang": 0, "words": [{"wtype": "punct", "wf": "1.1.", "off_start": 0, "off_end": 4, "next_word": 1}, {"wtype": "word", "wf": "sämə̈rə̈kem", "ana": [{"parts": "sämə̈rə̈k-em", "gloss": "", "gloss_index": "", "lex": "sämə̈rə̈k", "trans_ru": "молодой", "gloss_ru": "молодой-POSS.1SG", "gloss_index_ru": "STEM{sämə̈rə̈k}-POSS.1SG{em}-", "gr.pos": "adj"}], "off_start": 5, "off_end": 16, "next_word": 2, "sentence_index": 0, "sentence_index_neg": 11}, {"wtype": "word", "wf": "godə̑m", "ana": [{"parts": "god-ə̑m", "gloss": "", "gloss_index": "", "lex": "god", "trans_ru": "время", "gloss_ru": "время-ACC", "gloss_index_ru": "STEM{god}-ACC{ə̑m}-", "gr.pos": "post"}], "off_start": 17, "off_end": 23, "next_word": 3, "sentence_index": 1, "sentence_index_neg": 10}, {"wtype": "punct", "wf": ",", "off_start": 23, "off_end": 24, "next_word": 4, "sentence_index": 2, "sentence_index_neg": 9}, {"wtype": "word", "wf": "pə̈täriš", "ana": [{"parts": "pə̈täri-š", "gloss": "", "gloss_index": "", "lex": "pə̈täri", "trans_ru": "сначала", "gloss_ru": "сначала-ATTR", "gloss_index_ru": "STEM{pə̈täri}-ATTR{š}-", "gr.pos": ["adv", "adj"]}], "off_start": 25, "off_end": 33, "next_word": 5, "sentence_index": 3, "sentence_index_neg": 8}, {"wtype": "word", "wf": "in", "ana": [{"parts": "i-n", "gloss": "", "gloss_index": "", "lex": "i", "trans_ru": "год", "gloss_ru": "год-GEN", "gloss_index_ru": "STEM{i}-GEN{n}-", "gr.pos": "n"}], "off_start": 34, "off_end": 36, "next_word": 6, "sentence_index": 4, "sentence_index_neg": 7}, {"wtype": "word", "wf": "päšäläš", "ana": [{"parts": "päšä-l-äš", "gloss": "", "gloss_index": "", "lex": "päšä", "trans_ru": "работа", "gloss_ru": "работа-DENOM-INF", "gloss_index_ru": "STEM{päšä}-DENOM{l}-INF{äš}-", "gr.pos": "n"}], "off_start": 37, "off_end": 44, "next_word": 7, "sentence_index": 5, "sentence_index_neg": 6}, {"wtype": "word", "wf": "kemə̈kem", "ana": [{"parts": "ke-mə̈k-em", "gloss": "", "gloss_index": "", "lex": "ke", "trans_ru": "идти", "gloss_ru": "идти-CVB.ANT-POSS.1SG", "gloss_index_ru": "STEM{ke}-CVB.ANT{mə̈k}-POSS.1SG{em}-", "gr.pos": ["v", "n"]}], "off_start": 45, "off_end": 53, "next_word": 8, "sentence_index": 6, "sentence_index_neg": 5}, {"wtype": "punct", "wf": ",", "off_start": 53, "off_end": 54, "next_word": 9, "sentence_index": 7, "sentence_index_neg": 4}, {"wtype": "word", "wf": "alə̑k", "ana": [{"parts": "alə̑k", "gloss": "", "gloss_index": "", "lex": "alə̑k", "trans_ru": "луг", "gloss_ru": "луг", "gloss_index_ru": "STEM{alə̑k}-", "gr.pos": "n"}], "off_start": 55, "off_end": 60, "next_word": 10, "sentence_index": 8, "sentence_index_neg": 3}, {"wtype": "word", "wf": "marə̑vlä", "ana": [{"parts": "marə̑-vlä", "gloss": "", "gloss_index": "", "lex": "marə̑", "trans_ru": "мари", "gloss_ru": "мари-PL", "gloss_index_ru": "STEM{marə̑}-PL{vlä}-", "gr.pos": "n"}], "off_start": 61, "off_end": 69, "next_word": 11, "sentence_index": 9, "sentence_index_neg": 2}, {"wtype": "word", "wf": "loštə̑", "ana": [{"parts": "lo-štə̑", "gloss": "", "gloss_index": "", "lex": "lo", "trans_ru": "середина", "gloss_ru": "середина-POSS.3PL", "gloss_index_ru": "STEM{lo}-POSS.3PL{štə̑}-", "gr.pos": "post"}], "off_start": 70, "off_end": 76, "next_word": 12, "sentence_index": 10, "sentence_index_neg": 1}, {"wtype": "word", "wf": "päšälenäm", "ana": [{"parts": "päšä-l-en-äm", "gloss": "", "gloss_index": "", "lex": "päšä", "trans_ru": "работа", "gloss_ru": "работа-DENOM-PRET-1SG", "gloss_index_ru": "STEM{päšä}-DENOM{l}-PRET{en}-1SG{äm}-", "gr.pos": "n"}], "off_start": 77, "off_end": 86, "next_word": 13, "sentence_index": 11, "sentence_index_neg": 0}, {"wtype": "punct", "wf": ".", "off_start": 86, "off_end": 87, "next_word": 14}], "text": "1.1. sämə̈rə̈kem godə̑m, pə̈täriš in päšäläš kemə̈kem, alə̑k marə̑vlä loštə̑ päšälenäm.", "para_alignment": [{"off_start": 0, "off_end": 87, "para_id": 5446}]}, {"lang": 0, "words": [{"wtype": "punct", "wf": "1.2.", "off_start": 0, "off_end": 4, "next_word": 1}, {"wtype": "word", "wf": "ik", "ana": [{"parts": "ik", "gloss": "", "gloss_index": "", "lex": "ik", "trans_ru": "один", "gloss_ru": "один", "gloss_index_ru": "STEM{ik}-", "gr.pos": "cardnum"}], "off_start": 5, "off_end": 7, "next_word": 2, "sentence_index": 0, "sentence_index_neg": 6}, {"wtype": "word", "wf": "gänä", "ana": [{"parts": "gänä", "gloss": "", "gloss_index": "", "lex": "gänä", "trans_ru": "раз", "gloss_ru": "раз", "gloss_index_ru": "STEM{gänä}-", "gr.pos": "n"}], "off_start": 8, "off_end": 12, "next_word": 3, "sentence_index": 1, "sentence_index_neg": 5}, {"wtype": "word", "wf": "lapkaš", "ana": [{"parts": "lapka-š", "gloss": "", "gloss_index": "", "lex": "lapka", "trans_ru": "магазин", "gloss_ru": "магазин-ILL", "gloss_index_ru": "STEM{lapka}-ILL{š}-", "gr.pos": "n"}], "off_start": 13, "off_end": 19, "next_word": 4, "sentence_index": 2, "sentence_index_neg": 4}, {"wtype": "word", "wf": "kemə̈kem", "ana": [{"parts": "ke-mə̈k-em", "gloss": "", "gloss_index": "", "lex": "ke", "trans_ru": "идти", "gloss_ru": "идти-CVB.ANT-POSS.1SG", "gloss_index_ru": "STEM{ke}-CVB.ANT{mə̈k}-POSS.1SG{em}-", "gr.pos": ["v", "n"]}], "off_start": 20, "off_end": 28, "next_word": 5, "sentence_index": 3, "sentence_index_neg": 3}, {"wtype": "punct", "wf": ",", "off_start": 28, "off_end": 29, "next_word": 6, "sentence_index": 4, "sentence_index_neg": 2}, {"wtype": "word", "wf": "kalpakə̑m", "ana": [{"parts": "kalpak-ə̑m", "gloss": "", "gloss_index": "", "lex": "kalpak", "trans_ru": "шапка", "gloss_ru": "шапка-ACC", "gloss_index_ru": "STEM{kalpak}-ACC{ə̑m}-", "gr.pos": "n"}], "off_start": 30, "off_end": 39, "next_word": 7, "sentence_index": 5, "sentence_index_neg": 1}, {"wtype": "word", "wf": "užə̑nam", "ana": [{"parts": "už-ə̑n-am", "gloss": "", "gloss_index": "", "lex": "už", "trans_ru": "видеть", "gloss_ru": "видеть-PRET-1SG", "gloss_index_ru": "STEM{už}-PRET{ə̑n}-1SG{am}-", "gr.pos": "v"}], "off_start": 40, "off_end": 47, "next_word": 8, "sentence_index": 6, "sentence_index_neg": 0}, {"wtype": "punct", "wf": ".", "off_start": 47, "off_end": 48, "next_word": 9}], "text": "1.2. ik gänä lapkaš kemə̈kem, kalpakə̑m užə̑nam.", "para_alignment": [{"off_start": 0, "off_end": 48, "para_id": 5447}]}, {"lang": 0, "words": [{"wtype": "punct", "wf": "1.3.", "off_start": 0, "off_end": 4, "next_word": 1}, {"wtype": "word", "wf": "kalpakšə̑", "ana": [{"parts": "kalpak-šə̑", "gloss": "", "gloss_index": "", "lex": "kalpak", "trans_ru": "шапка", "gloss_ru": "шапка-POSS.3SG", "gloss_index_ru": "STEM{kalpak}-POSS.3SG{šə̑}-", "gr.pos": "n"}], "off_start": 5, "off_end": 14, "next_word": 2, "sentence_index": 0, "sentence_index_neg": 3}, {"wtype": "word", "wf": "ludə̑", "ana": [{"parts": "ludə̑", "gloss": "", "gloss_index": "", "lex": "ludə̑", "trans_ru": "серый", "gloss_ru": "серый", "gloss_index_ru": "STEM{ludə̑}-", "gr.pos": "adj"}], "off_start": 15, "off_end": 20, "next_word": 3, "sentence_index": 1, "sentence_index_neg": 2}, {"wtype": "word", "wf": "cə̈reän", "ana": [{"parts": "cə̈re-än", "gloss": "", "gloss_index": "", "lex": "cə̈re", "trans_ru": "цвет", "gloss_ru": "цвет-PROP", "gloss_index_ru": "STEM{cə̈re}-PROP{än}-", "gr.pos": "n"}], "off_start": 21, "off_end": 28, "next_word": 4, "sentence_index": 2, "sentence_index_neg": 1}, {"wtype": "word", "wf": "ə̑l'ə̑", "ana": [{"parts": "ə̑l'-ə̑", "gloss": "", "gloss_index": "", "lex": "ə̑l'", "trans_ru": "быть", "gloss_ru": "быть-AOR.3SG", "gloss_index_ru": "STEM{ə̑l'}-AOR.3SG{ə̑}-", "gr.pos": ["v", "prt"]}], "off_start": 29, "off_end": 35, "next_word": 5, "sentence_index": 3, "sentence_index_neg": 0}, {"wtype": "punct", "wf": ".", "off_start": 35, "off_end": 36, "next_word": 6}], "text": "1.3. kalpakšə̑ ludə̑ cə̈reän ə̑l'ə̑.", "para_alignment": [{"off_start": 0, "off_end": 36, "para_id": 5448}]}, {"lang": 0, "words": [{"wtype": "punct", "wf": "1.4.", "off_start": 0, "off_end": 4, "next_word": 1}, {"wtype": "word", "wf": "mə̈n'", "ana": [{"parts": "mə̈n'", "gloss": "", "gloss_index": "", "lex": "mə̈n'", "trans_ru": "я", "gloss_ru": "я", "gloss_index_ru": "STEM{mə̈n'}-", "gr.pos": ["pro-form", "pro"]}], "off_start": 5, "off_end": 10, "next_word": 2, "sentence_index": 0, "sentence_index_neg": 2}, {"wtype": "word", "wf": "tengeok", "ana": [{"parts": "tenge=ok", "gloss": "", "gloss_index": "", "lex": "tenge", "trans_ru": "так", "gloss_ru": "так=EMPH", "gloss_index_ru": "STEM{tenge}-EMPH{ok}-", "gr.pos": "pro-form"}], "off_start": 11, "off_end": 18, "next_word": 3, "sentence_index": 1, "sentence_index_neg": 1}, {"wtype": "word", "wf": "jadam", "ana": [{"parts": "jad-am", "gloss": "", "gloss_index": "", "lex": "jad", "trans_ru": "просить", "gloss_ru": "просить-NPST.1SG", "gloss_index_ru": "STEM{jad}-NPST.1SG{am}-", "gr.pos": "v"}], "off_start": 19, "off_end": 24, "next_word": 4, "sentence_index": 2, "sentence_index_neg": 0}, {"wtype": "punct", "wf": ".", "off_start": 24, "off_end": 25, "next_word": 5}], "text": "1.4. mə̈n' tengeok jadam.", "para_alignment": [{"off_start": 0, "off_end": 25, "para_id": 5449}]}, {"lang": 0, "words": [{"wtype": "punct", "wf": "1.5.", "off_start": 0, "off_end": 4, "next_word": 1}, {"wtype": "punct", "wf": "\"", "off_start": 5, "off_end": 6, "next_word": 2}, {"wtype": "word", "wf": "ludə̑", "ana": [{"parts": "ludə̑", "gloss": "", "gloss_index": "", "lex": "ludə̑", "trans_ru": "серый", "gloss_ru": "серый", "gloss_index_ru": "STEM{ludə̑}-", "gr.pos": "adj"}], "off_start": 7, "off_end": 12, "next_word": 3, "sentence_index": 0, "sentence_index_neg": 5}, {"wtype": "word", "wf": "kalpakə̑m", "ana": [{"parts": "kalpak-ə̑m", "gloss": "", "gloss_index": "", "lex": "kalpak", "trans_ru": "шапка", "gloss_ru": "шапка-ACC", "gloss_index_ru": "STEM{kalpak}-ACC{ə̑m}-", "gr.pos": "n"}], "off_start": 13, "off_end": 22, "next_word": 4, "sentence_index": 1, "sentence_index_neg": 4}, {"wtype": "word", "wf": "pudaj", "ana": [{"parts": "pu-da=j", "gloss": "", "gloss_index": "", "lex": "pu", "trans_ru": "давать", "gloss_ru": "давать-IMP.2PL=POL1", "gloss_index_ru": "STEM{pu}-IMP.2PL{da}-POL1{j}-", "gr.pos": "v"}], "off_start": 23, "off_end": 28, "next_word": 5, "sentence_index": 2, "sentence_index_neg": 3}, {"wtype": "punct", "wf": "\",", "off_start": 29, "off_end": 31, "next_word": 6, "sentence_index": 3, "sentence_index_neg": 2}, {"wtype": "punct", "wf": "-", "off_start": 32, "off_end": 33, "next_word": 7, "sentence_index": 4, "sentence_index_neg": 1}, {"wtype": "word", "wf": "manam", "ana": [{"parts": "man-am", "gloss": "", "gloss_index": "", "lex": "man", "trans_ru": "говорить", "gloss_ru": "говорить-NPST.1SG", "gloss_index_ru": "STEM{man}-NPST.1SG{am}-", "gr.pos": "v"}], "off_start": 34, "off_end": 39, "next_word": 8, "sentence_index": 5, "sentence_index_neg": 0}, {"wtype": "punct", "wf": ".", "off_start": 39, "off_end": 40, "next_word": 9}], "text": "1.5. \" ludə̑ kalpakə̑m pudaj \", - manam.", "para_alignment": [{"off_start": 0, "off_end": 40, "para_id": 5450}]}, {"lang": 0, "words": [{"wtype": "punct", "wf": "1.6.", "off_start": 0, "off_end": 4, "next_word": 1}, {"wtype": "word", "wf": "prodafš'ica", "ana": [{"parts": "prodafš'ica", "gloss": "", "gloss_index": "", "lex": "prodafš'ica", "trans_ru": "продавщица", "gloss_ru": "продавщица", "gloss_index_ru": "STEM{prodafš'ica}-", "gr.pos": "n"}], "off_start": 5, "off_end": 16, "next_word": 2, "sentence_index": 0, "sentence_index_neg": 4}, {"wtype": "word", "wf": "piš", "ana": [{"parts": "piš", "gloss": "", "gloss_index": "", "lex": "piš", "trans_ru": "очень", "gloss_ru": "очень", "gloss_index_ru": "STEM{piš}-", "gr.pos": "adv"}], "off_start": 17, "off_end": 20, "next_word": 3, "sentence_index": 1, "sentence_index_neg": 3}, {"wtype": "word", "wf": "kogon", "ana": [{"parts": "kogo-n", "gloss": "", "gloss_index": "", "lex": "kogo", "trans_ru": "большой", "gloss_ru": "большой-ADV", "gloss_index_ru": "STEM{kogo}-ADV{n}-", "gr.pos": "adj"}], "off_start": 21, "off_end": 26, "next_word": 4, "sentence_index": 2, "sentence_index_neg": 2}, {"wtype": "word", "wf": "vaštə̑laš", "ana": [{"parts": "vaštə̑l-aš", "gloss": "", "gloss_index": "", "lex": "vaštə̑l", "trans_ru": "смеяться", "gloss_ru": "смеяться-INF", "gloss_index_ru": "STEM{vaštə̑l}-INF{aš}-", "gr.pos": "v"}], "off_start": 27, "off_end": 36, "next_word": 5, "sentence_index": 3, "sentence_index_neg": 1}, {"wtype": "word", "wf": "tə̈ngäl'ə̈", "ana": [{"parts": "tə̈ngäl'-ə̈", "gloss": "", "gloss_index": "", "lex": "tə̈ngäl'", "trans_ru": "начинать", "gloss_ru": "начинать-AOR.3SG", "gloss_index_ru": "STEM{tə̈ngäl'}-AOR.3SG{ə̈}-", "gr.pos": "v"}], "off_start": 37, "off_end": 47, "next_word": 6, "sentence_index": 4, "sentence_index_neg": 0}, {"wtype": "punct", "wf": ".", "off_start": 47, "off_end": 48, "next_word": 7}], "text": "1.6. prodafš'ica piš kogon vaštə̑laš tə̈ngäl'ə̈.", "para_alignment": [{"off_start": 0, "off_end": 48, "para_id": 5451}]}, {"lang": 0, "words": [{"wtype": "punct", "wf": "1.7.", "off_start": 0, "off_end": 4, "next_word": 1}, {"wtype": "punct", "wf": "\"", "off_start": 5, "off_end": 6, "next_word": 2}, {"wtype": "word", "wf": "am", "ana": [{"parts": "a-m", "gloss": "", "gloss_index": "", "lex": "a", "trans_ru": "NEG", "gloss_ru": "NEG.NPST-1SG", "gloss_index_ru": "STEM{a}-1SG{m}-", "gr.pos": "negp"}], "off_start": 7, "off_end": 9, "next_word": 3, "sentence_index": 0, "sentence_index_neg": 4}, {"wtype": "word", "wf": "pälə̈", "ana": [{"parts": "pälə̈", "gloss": "", "gloss_index": "", "lex": "pälə̈", "trans_ru": "знать", "gloss_ru": "знать", "gloss_index_ru": "STEM{pälə̈}-", "gr.pos": "v"}], "off_start": 10, "off_end": 15, "next_word": 4, "sentence_index": 1, "sentence_index_neg": 3}, {"wtype": "punct", "wf": "\",", "off_start": 16, "off_end": 18, "next_word": 5, "sentence_index": 2, "sentence_index_neg": 2}, {"wtype": "punct", "wf": "-", "off_start": 19, "off_end": 20, "next_word": 6, "sentence_index": 3, "sentence_index_neg": 1}, {"wtype": "word", "wf": "manam", "ana": [{"parts": "man-am", "gloss": "", "gloss_index": "", "lex": "man", "trans_ru": "говорить", "gloss_ru": "говорить-NPST.1SG", "gloss_index_ru": "STEM{man}-NPST.1SG{am}-", "gr.pos": "v"}], "off_start": 21, "off_end": 26, "next_word": 7, "sentence_index": 4, "sentence_index_neg": 0}, {"wtype": "punct", "wf": ".", "off_start": 26, "off_end": 27, "next_word": 8}], "text": "1.7. \" am pälə̈ \", - manam.", "para_alignment": [{"off_start": 0, "off_end": 27, "para_id": 5452}]}, {"lang": 0, "words": [{"wtype": "punct", "wf": "1.8.", "off_start": 0, "off_end": 4, "next_word": 1}, {"wtype": "punct", "wf": "\"", "off_start": 5, "off_end": 6, "next_word": 2}, {"wtype": "word", "wf": "kə̑ce", "ana": [{"parts": "kə̑ce", "gloss": "", "gloss_index": "", "lex": "kə̑ce", "trans_ru": "как", "gloss_ru": "как", "gloss_index_ru": "STEM{kə̑ce}-", "gr.pos": ["pro-form", "adv"]}], "off_start": 7, "off_end": 12, "next_word": 3, "sentence_index": 0, "sentence_index_neg": 12}, {"wtype": "word", "wf": "ludə̑", "ana": [{"parts": "ludə̑", "gloss": "", "gloss_index": "", "lex": "ludə̑", "trans_ru": "серый", "gloss_ru": "серый", "gloss_index_ru": "STEM{ludə̑}-", "gr.pos": "adj"}], "off_start": 13, "off_end": 18, "next_word": 4, "sentence_index": 1, "sentence_index_neg": 11}, {"wtype": "word", "wf": "kalpak", "ana": [{"parts": "kalpak", "gloss": "", "gloss_index": "", "lex": "kalpak", "trans_ru": "шапка", "gloss_ru": "шапка", "gloss_index_ru": "STEM{kalpak}-", "gr.pos": "n"}], "off_start": 19, "off_end": 25, "next_word": 5, "sentence_index": 2, "sentence_index_neg": 10}, {"wtype": "word", "wf": "lin", "ana": [{"parts": "li-n", "gloss": "", "gloss_index": "", "lex": "li", "trans_ru": "становиться", "gloss_ru": "становиться-CVB", "gloss_index_ru": "STEM{li}-CVB{n}-", "gr.pos": "v"}], "off_start": 26, "off_end": 29, "next_word": 6, "sentence_index": 3, "sentence_index_neg": 9}, {"wtype": "word", "wf": "kerdeš", "ana": [{"parts": "kerd-eš", "gloss": "", "gloss_index": "", "lex": "kerd", "trans_ru": "мочь", "gloss_ru": "мочь-NPST.3SG", "gloss_index_ru": "STEM{kerd}-NPST.3SG{eš}-", "gr.pos": "v"}], "off_start": 30, "off_end": 36, "next_word": 7, "sentence_index": 4, "sentence_index_neg": 8}, {"wtype": "punct", "wf": "\",", "off_start": 37, "off_end": 39, "next_word": 8, "sentence_index": 5, "sentence_index_neg": 7}, {"wtype": "punct", "wf": "-", "off_start": 40, "off_end": 41, "next_word": 9, "sentence_index": 6, "sentence_index_neg": 6}, {"wtype": "word", "wf": "maneš", "ana": [{"parts": "man-eš", "gloss": "", "gloss_index": "", "lex": "man", "trans_ru": "говорить", "gloss_ru": "говорить-NPST.3SG", "gloss_index_ru": "STEM{man}-NPST.3SG{eš}-", "gr.pos": "v"}], "off_start": 42, "off_end": 47, "next_word": 10, "sentence_index": 7, "sentence_index_neg": 5}, {"wtype": "punct", "wf": ",", "off_start": 47, "off_end": 48, "next_word": 11, "sentence_index": 8, "sentence_index_neg": 4}, {"wtype": "word", "wf": "eče", "ana": [{"parts": "eče", "gloss": "", "gloss_index": "", "lex": "eče", "trans_ru": "еще", "gloss_ru": "еще", "gloss_index_ru": "STEM{eče}-", "gr.pos": "adv"}], "off_start": 49, "off_end": 52, "next_word": 12, "sentence_index": 9, "sentence_index_neg": 3}, {"wtype": "word", "wf": "mə̈n'", "ana": [{"parts": "mə̈n'", "gloss": "", "gloss_index": "", "lex": "mə̈n'", "trans_ru": "я", "gloss_ru": "я", "gloss_index_ru": "STEM{mə̈n'}-", "gr.pos": ["pro-form", "pro"]}], "off_start": 53, "off_end": 58, "next_word": 13, "sentence_index": 10, "sentence_index_neg": 2}, {"wtype": "word", "wf": "gə̈cem", "ana": [{"parts": "gə̈c-em", "gloss": "", "gloss_index": "", "lex": "gə̈c", "trans_ru": "EL", "gloss_ru": "EL-POSS.1SG", "gloss_index_ru": "STEM{gə̈c}-POSS.1SG{em}-", "gr.pos": "post"}], "off_start": 59, "off_end": 65, "next_word": 14, "sentence_index": 11, "sentence_index_neg": 1}, {"wtype": "word", "wf": "jadeš", "ana": [{"parts": "jad-eš", "gloss": "", "gloss_index": "", "lex": "jad", "trans_ru": "просить", "gloss_ru": "просить-NPST.3SG", "gloss_index_ru": "STEM{jad}-NPST.3SG{eš}-", "gr.pos": "v"}], "off_start": 66, "off_end": 71, "next_word": 15, "sentence_index": 12, "sentence_index_neg": 0}, {"wtype": "punct", "wf": ".", "off_start": 71, "off_end": 72, "next_word": 16}], "text": "1.8. \" kə̑ce ludə̑ kalpak lin kerdeš \", - maneš, eče mə̈n' gə̈cem jadeš.", "para_alignment": [{"off_start": 0, "off_end": 72, "para_id": 5453}]}, {"lang": 0, "words": [{"wtype": "punct", "wf": "1.9.", "off_start": 0, "off_end": 4, "next_word": 1}, {"wtype": "punct", "wf": "\"", "off_start": 5, "off_end": 6, "next_word": 2}, {"wtype": "word", "wf": "teveš", "ana": [{"parts": "teve=š", "gloss": "", "gloss_index": "", "lex": "teve", "trans_ru": "вот", "gloss_ru": "вот=PTCL", "gloss_index_ru": "STEM{teve}-PTCL{š}-", "gr.pos": "prt"}], "off_start": 7, "off_end": 12, "next_word": 3, "sentence_index": 0, "sentence_index_neg": 11}, {"wtype": "punct", "wf": ",", "off_start": 12, "off_end": 13, "next_word": 4, "sentence_index": 1, "sentence_index_neg": 10}, {"wtype": "punct", "wf": "-", "off_start": 14, "off_end": 15, "next_word": 5, "sentence_index": 2, "sentence_index_neg": 9}, {"wtype": "word", "wf": "manam", "ana": [{"parts": "man-am", "gloss": "", "gloss_index": "", "lex": "man", "trans_ru": "говорить", "gloss_ru": "говорить-NPST.1SG", "gloss_index_ru": "STEM{man}-NPST.1SG{am}-", "gr.pos": "v"}], "off_start": 16, "off_end": 21, "next_word": 6, "sentence_index": 3, "sentence_index_neg": 8}, {"wtype": "punct", "wf": ",", "off_start": 21, "off_end": 22, "next_word": 7, "sentence_index": 4, "sentence_index_neg": 7}, {"wtype": "punct", "wf": "-", "off_start": 23, "off_end": 24, "next_word": 8, "sentence_index": 5, "sentence_index_neg": 6}, {"wtype": "word", "wf": "ludə̑", "ana": [{"parts": "ludə̑", "gloss": "", "gloss_index": "", "lex": "ludə̑", "trans_ru": "серый", "gloss_ru": "серый", "gloss_index_ru": "STEM{ludə̑}-", "gr.pos": "adj"}], "off_start": 25, "off_end": 30, "next_word": 9, "sentence_index": 6, "sentence_index_neg": 5}, {"wtype": "word", "wf": "kalpak", "ana": [{"parts": "kalpak", "gloss": "", "gloss_index": "", "lex": "kalpak", "trans_ru": "шапка", "gloss_ru": "шапка", "gloss_index_ru": "STEM{kalpak}-", "gr.pos": "n"}], "off_start": 31, "off_end": 37, "next_word": 10, "sentence_index": 7, "sentence_index_neg": 4}, {"wtype": "word", "wf": "kiä", "ana": [{"parts": "ki-ä", "gloss": "", "gloss_index": "", "lex": "ki", "trans_ru": "лежать", "gloss_ru": "лежать-NPST.3SG", "gloss_index_ru": "STEM{ki}-NPST.3SG{ä}-", "gr.pos": "v"}], "off_start": 38, "off_end": 41, "next_word": 11, "sentence_index": 8, "sentence_index_neg": 3}, {"wtype": "punct", "wf": "\",", "off_start": 42, "off_end": 44, "next_word": 12, "sentence_index": 9, "sentence_index_neg": 2}, {"wtype": "punct", "wf": "-", "off_start": 45, "off_end": 46, "next_word": 13, "sentence_index": 10, "sentence_index_neg": 1}, {"wtype": "word", "wf": "manam", "ana": [{"parts": "man-am", "gloss": "", "gloss_index": "", "lex": "man", "trans_ru": "говорить", "gloss_ru": "говорить-NPST.1SG", "gloss_index_ru": "STEM{man}-NPST.1SG{am}-", "gr.pos": "v"}], "off_start": 47, "off_end": 52, "next_word": 14, "sentence_index": 11, "sentence_index_neg": 0}, {"wtype": "punct", "wf": ".", "off_start": 52, "off_end": 53, "next_word": 15}], "text": "1.9. \" teveš, - manam, - ludə̑ kalpak kiä \", - manam.", "para_alignment": [{"off_start": 0, "off_end": 53, "para_id": 5454}]}, {"lang": 0, "words": [{"wtype": "punct", "wf": "1.10.", "off_start": 0, "off_end": 5, "next_word": 1}, {"wtype": "punct", "wf": "\"", "off_start": 6, "off_end": 7, "next_word": 2}, {"wtype": "word", "wf": "a", "ana": [{"parts": "a", "gloss": "", "gloss_index": "", "lex": "a", "trans_ru": "а", "gloss_ru": "а", "gloss_index_ru": "STEM{a}-", "gr.pos": ["coordconn", "negp"]}], "off_start": 8, "off_end": 9, "next_word": 3, "sentence_index": 0, "sentence_index_neg": 12}, {"wtype": "word", "wf": "tidə̈", "ana": [{"parts": "tidə̈", "gloss": "", "gloss_index": "", "lex": "tidə̈", "trans_ru": "этот", "gloss_ru": "этот", "gloss_index_ru": "STEM{tidə̈}-", "gr.pos": ["pro-form", "pro"]}], "off_start": 10, "off_end": 15, "next_word": 4, "sentence_index": 1, "sentence_index_neg": 11}, {"wtype": "punct", "wf": ",", "off_start": 15, "off_end": 16, "next_word": 5, "sentence_index": 2, "sentence_index_neg": 10}, {"wtype": "punct", "wf": "-", "off_start": 17, "off_end": 18, "next_word": 6, "sentence_index": 3, "sentence_index_neg": 9}, {"wtype": "word", "wf": "maneš", "ana": [{"parts": "man-eš", "gloss": "", "gloss_index": "", "lex": "man", "trans_ru": "говорить", "gloss_ru": "говорить-NPST.3SG", "gloss_index_ru": "STEM{man}-NPST.3SG{eš}-", "gr.pos": "v"}], "off_start": 19, "off_end": 24, "next_word": 7, "sentence_index": 4, "sentence_index_neg": 8}, {"wtype": "punct", "wf": ",", "off_start": 24, "off_end": 25, "next_word": 8, "sentence_index": 5, "sentence_index_neg": 7}, {"wtype": "punct", "wf": "-", "off_start": 26, "off_end": 27, "next_word": 9, "sentence_index": 6, "sentence_index_neg": 6}, {"wtype": "word", "wf": "ludə̑", "ana": [{"parts": "ludə̑", "gloss": "", "gloss_index": "", "lex": "ludə̑", "trans_ru": "серый", "gloss_ru": "серый", "gloss_index_ru": "STEM{ludə̑}-", "gr.pos": "adj"}], "off_start": 28, "off_end": 33, "next_word": 10, "sentence_index": 7, "sentence_index_neg": 5}, {"wtype": "word", "wf": "kalpak", "ana": [{"parts": "kalpak", "gloss": "", "gloss_index": "", "lex": "kalpak", "trans_ru": "шапка", "gloss_ru": "шапка", "gloss_index_ru": "STEM{kalpak}-", "gr.pos": "n"}], "off_start": 34, "off_end": 40, "next_word": 11, "sentence_index": 8, "sentence_index_neg": 4}, {"wtype": "word", "wf": "agə̑l", "ana": [{"parts": "agə̑l", "gloss": "", "gloss_index": "", "lex": "agə̑l", "trans_ru": "NEG", "gloss_ru": "NEG", "gloss_index_ru": "STEM{agə̑l}-", "gr.pos": "prt"}], "off_start": 41, "off_end": 46, "next_word": 12, "sentence_index": 9, "sentence_index_neg": 3}, {"wtype": "punct", "wf": "\",", "off_start": 47, "off_end": 49, "next_word": 13, "sentence_index": 10, "sentence_index_neg": 2}, {"wtype": "punct", "wf": "-", "off_start": 50, "off_end": 51, "next_word": 14, "sentence_index": 11, "sentence_index_neg": 1}, {"wtype": "word", "wf": "maneš", "ana": [{"parts": "man-eš", "gloss": "", "gloss_index": "", "lex": "man", "trans_ru": "говорить", "gloss_ru": "говорить-NPST.3SG", "gloss_index_ru": "STEM{man}-NPST.3SG{eš}-", "gr.pos": "v"}], "off_start": 52, "off_end": 57, "next_word": 15, "sentence_index": 12, "sentence_index_neg": 0}, {"wtype": "punct", "wf": ".", "off_start": 57, "off_end": 58, "next_word": 16}], "text": "1.10. \" a tidə̈, - maneš, - ludə̑ kalpak agə̑l \", - maneš.", "para_alignment": [{"off_start": 0, "off_end": 58, "para_id": 5455}]}, {"lang": 0, "words": [{"wtype": "punct", "wf": "1.11.", "off_start": 0, "off_end": 5, "next_word": 1}, {"wtype": "punct", "wf": "\"", "off_start": 6, "off_end": 7, "next_word": 2}, {"wtype": "word", "wf": "am", "ana": [{"parts": "a-m", "gloss": "", "gloss_index": "", "lex": "a", "trans_ru": "NEG", "gloss_ru": "NEG.NPST-1SG", "gloss_index_ru": "STEM{a}-1SG{m}-", "gr.pos": "negp"}], "off_start": 8, "off_end": 10, "next_word": 3, "sentence_index": 0, "sentence_index_neg": 10}, {"wtype": "word", "wf": "pälə̈", "ana": [{"parts": "pälə̈", "gloss": "", "gloss_index": "", "lex": "pälə̈", "trans_ru": "знать", "gloss_ru": "знать", "gloss_index_ru": "STEM{pälə̈}-", "gr.pos": "v"}], "off_start": 11, "off_end": 16, "next_word": 4, "sentence_index": 1, "sentence_index_neg": 9}, {"wtype": "punct", "wf": "...", "off_start": 16, "off_end": 19, "next_word": 5, "sentence_index": 2, "sentence_index_neg": 8}, {"wtype": "word", "wf": "mə̈n'", "ana": [{"parts": "mə̈n'", "gloss": "", "gloss_index": "", "lex": "mə̈n'", "trans_ru": "я", "gloss_ru": "я", "gloss_index_ru": "STEM{mə̈n'}-", "gr.pos": ["pro-form", "pro"]}], "off_start": 20, "off_end": 25, "next_word": 6, "sentence_index": 3, "sentence_index_neg": 7}, {"wtype": "punct", "wf": "...", "off_start": 25, "off_end": 28, "next_word": 7, "sentence_index": 4, "sentence_index_neg": 6}, {"wtype": "word", "wf": "tidə̈žə̈", "ana": [{"parts": "tidə̈-žə̈", "gloss": "", "gloss_index": "", "lex": "tidə̈", "trans_ru": "этот", "gloss_ru": "этот-POSS.3SG", "gloss_index_ru": "STEM{tidə̈}-POSS.3SG{žə̈}-", "gr.pos": "pro-form"}], "off_start": 29, "off_end": 37, "next_word": 8, "sentence_index": 5, "sentence_index_neg": 5}, {"wtype": "word", "wf": "ludə̑", "ana": [{"parts": "ludə̑", "gloss": "", "gloss_index": "", "lex": "ludə̑", "trans_ru": "серый", "gloss_ru": "серый", "gloss_index_ru": "STEM{ludə̑}-", "gr.pos": "adj"}], "off_start": 38, "off_end": 43, "next_word": 9, "sentence_index": 6, "sentence_index_neg": 4}, {"wtype": "word", "wf": "kalpakə̑š", "ana": [{"parts": "kalpak=ə̑š", "gloss": "", "gloss_index": "", "lex": "kalpak", "trans_ru": "шапка", "gloss_ru": "шапка=PTCL", "gloss_index_ru": "STEM{kalpak}-PTCL{ə̑š}-", "gr.pos": "n"}], "off_start": 44, "off_end": 53, "next_word": 10, "sentence_index": 7, "sentence_index_neg": 3}, {"wtype": "punct", "wf": "\",", "off_start": 54, "off_end": 56, "next_word": 11, "sentence_index": 8, "sentence_index_neg": 2}, {"wtype": "punct", "wf": "-", "off_start": 57, "off_end": 58, "next_word": 12, "sentence_index": 9, "sentence_index_neg": 1}, {"wtype": "word", "wf": "manam", "ana": [{"parts": "man-am", "gloss": "", "gloss_index": "", "lex": "man", "trans_ru": "говорить", "gloss_ru": "говорить-NPST.1SG", "gloss_index_ru": "STEM{man}-NPST.1SG{am}-", "gr.pos": "v"}], "off_start": 59, "off_end": 64, "next_word": 13, "sentence_index": 10, "sentence_index_neg": 0}, {"wtype": "punct", "wf": ".", "off_start": 64, "off_end": 65, "next_word": 14}], "text": "1.11. \" am pälə̈... mə̈n'... tidə̈žə̈ ludə̑ kalpakə̑š \", - manam.", "para_alignment": [{"off_start": 0, "off_end": 65, "para_id": 5456}]}, {"lang": 0, "words": [{"wtype": "punct", "wf": "1.12.", "off_start": 0, "off_end": 5, "next_word": 1}, {"wtype": "word", "wf": "uže", "ana": [{"parts": "uže", "gloss": "", "gloss_index": "", "lex": "uže", "trans_ru": "уже", "gloss_ru": "уже", "gloss_index_ru": "STEM{uže}-", "gr.pos": "adv"}], "off_start": 6, "off_end": 9, "next_word": 2, "sentence_index": 0, "sentence_index_neg": 2}, {"wtype": "word", "wf": "sporenä", "ana": [{"parts": "spor-enä", "gloss": "", "gloss_index": "", "lex": "spor", "trans_ru": "спорить", "gloss_ru": "спорить-NPST.1PL", "gloss_index_ru": "STEM{spor}-NPST.1PL{enä}-", "gr.pos": "v"}], "off_start": 10, "off_end": 17, "next_word": 3, "sentence_index": 1, "sentence_index_neg": 1}, {"wtype": "word", "wf": "mäžə̈", "ana": [{"parts": "mä-žə̈", "gloss": "", "gloss_index": "", "lex": "mä", "trans_ru": "мы", "gloss_ru": "мы-POSS.3SG", "gloss_index_ru": "STEM{mä}-POSS.3SG{žə̈}-", "gr.pos": "pro-form"}], "off_start": 18, "off_end": 23, "next_word": 4, "sentence_index": 2, "sentence_index_neg": 0}, {"wtype": "punct", "wf": ".", "off_start": 23, "off_end": 24, "next_word": 5}], "text": "1.12. uže sporenä mäžə̈.", "para_alignment": [{"off_start": 0, "off_end": 24, "para_id": 5457}]}, {"lang": 0, "words": [{"wtype": "punct", "wf": "1.13.", "off_start": 0, "off_end": 5, "next_word": 1}, {"wtype": "punct", "wf": "\"", "off_start": 6, "off_end": 7, "next_word": 2}, {"wtype": "word", "wf": "tidə̈žə̈", "ana": [{"parts": "tidə̈-žə̈", "gloss": "", "gloss_index": "", "lex": "tidə̈", "trans_ru": "этот", "gloss_ru": "этот-POSS.3SG", "gloss_index_ru": "STEM{tidə̈}-POSS.3SG{žə̈}-", "gr.pos": "pro-form"}], "off_start": 8, "off_end": 16, "next_word": 3, "sentence_index": 0, "sentence_index_neg": 5}, {"wtype": "punct", "wf": "sur", "off_start": 17, "off_end": 20, "next_word": 4, "sentence_index": 1, "sentence_index_neg": 4}, {"wtype": "word", "wf": "kalpak", "ana": [{"parts": "kalpak", "gloss": "", "gloss_index": "", "lex": "kalpak", "trans_ru": "шапка", "gloss_ru": "шапка", "gloss_index_ru": "STEM{kalpak}-", "gr.pos": "n"}], "off_start": 21, "off_end": 27, "next_word": 5, "sentence_index": 2, "sentence_index_neg": 3}, {"wtype": "punct", "wf": "\",", "off_start": 28, "off_end": 30, "next_word": 6, "sentence_index": 3, "sentence_index_neg": 2}, {"wtype": "punct", "wf": "-", "off_start": 31, "off_end": 32, "next_word": 7, "sentence_index": 4, "sentence_index_neg": 1}, {"wtype": "word", "wf": "maneš", "ana": [{"parts": "man-eš", "gloss": "", "gloss_index": "", "lex": "man", "trans_ru": "говорить", "gloss_ru": "говорить-NPST.3SG", "gloss_index_ru": "STEM{man}-NPST.3SG{eš}-", "gr.pos": "v"}], "off_start": 33, "off_end": 38, "next_word": 8, "sentence_index": 5, "sentence_index_neg": 0}, {"wtype": "punct", "wf": ".", "off_start": 38, "off_end": 39, "next_word": 9}], "text": "1.13. \" tidə̈žə̈ sur kalpak \", - maneš.", "para_alignment": [{"off_start": 0, "off_end": 39, "para_id": 5458}]}, {"lang": 0, "words": [{"wtype": "punct", "wf": "1.14.", "off_start": 0, "off_end": 5, "next_word": 1}, {"wtype": "punct", "wf": "\"", "off_start": 6, "off_end": 7, "next_word": 2}, {"wtype": "word", "wf": "ludə̑", "ana": [{"parts": "ludə̑", "gloss": "", "gloss_index": "", "lex": "ludə̑", "trans_ru": "серый", "gloss_ru": "серый", "gloss_index_ru": "STEM{ludə̑}-", "gr.pos": "adj"}], "off_start": 8, "off_end": 13, "next_word": 3, "sentence_index": 0, "sentence_index_neg": 7}, {"wtype": "word", "wf": "kalpak", "ana": [{"parts": "kalpak", "gloss": "", "gloss_index": "", "lex": "kalpak", "trans_ru": "шапка", "gloss_ru": "шапка", "gloss_index_ru": "STEM{kalpak}-", "gr.pos": "n"}], "off_start": 14, "off_end": 20, "next_word": 4, "sentence_index": 1, "sentence_index_neg": 6}, {"wtype": "word", "wf": "lin", "ana": [{"parts": "li-n", "gloss": "", "gloss_index": "", "lex": "li", "trans_ru": "становиться", "gloss_ru": "становиться-CVB", "gloss_index_ru": "STEM{li}-CVB{n}-", "gr.pos": "v"}], "off_start": 21, "off_end": 24, "next_word": 5, "sentence_index": 2, "sentence_index_neg": 5}, {"wtype": "word", "wf": "ak", "ana": [{"parts": "a-k", "gloss": "", "gloss_index": "", "lex": "a", "trans_ru": "NEG", "gloss_ru": "NEG.NPST-3", "gloss_index_ru": "STEM{a}-3{k}-", "gr.pos": "negp"}], "off_start": 25, "off_end": 27, "next_word": 6, "sentence_index": 3, "sentence_index_neg": 4}, {"wtype": "word", "wf": "kerd", "ana": [{"parts": "kerd", "gloss": "", "gloss_index": "", "lex": "kerd", "trans_ru": "мочь", "gloss_ru": "мочь", "gloss_index_ru": "STEM{kerd}-", "gr.pos": "v"}], "off_start": 28, "off_end": 32, "next_word": 7, "sentence_index": 4, "sentence_index_neg": 3}, {"wtype": "punct", "wf": "\",", "off_start": 33, "off_end": 35, "next_word": 8, "sentence_index": 5, "sentence_index_neg": 2}, {"wtype": "punct", "wf": "-", "off_start": 36, "off_end": 37, "next_word": 9, "sentence_index": 6, "sentence_index_neg": 1}, {"wtype": "word", "wf": "maneš", "ana": [{"parts": "man-eš", "gloss": "", "gloss_index": "", "lex": "man", "trans_ru": "говорить", "gloss_ru": "говорить-NPST.3SG", "gloss_index_ru": "STEM{man}-NPST.3SG{eš}-", "gr.pos": "v"}], "off_start": 38, "off_end": 43, "next_word": 10, "sentence_index": 7, "sentence_index_neg": 0}, {"wtype": "punct", "wf": ".", "off_start": 43, "off_end": 44, "next_word": 11}], "text": "1.14. \" ludə̑ kalpak lin ak kerd \", - maneš.", "para_alignment": [{"off_start": 0, "off_end": 44, "para_id": 5459}]}, {"lang": 0, "words": [{"wtype": "punct", "wf": "1.15.", "off_start": 0, "off_end": 5, "next_word": 1}, {"wtype": "punct", "wf": "\"", "off_start": 6, "off_end": 7, "next_word": 2}, {"wtype": "word", "wf": "ludə̑", "ana": [{"parts": "ludə̑", "gloss": "", "gloss_index": "", "lex": "ludə̑", "trans_ru": "серый", "gloss_ru": "серый", "gloss_index_ru": "STEM{ludə̑}-", "gr.pos": "adj"}], "off_start": 8, "off_end": 13, "next_word": 3, "sentence_index": 0, "sentence_index_neg": 13}, {"wtype": "punct", "wf": "-", "off_start": 14, "off_end": 15, "next_word": 4, "sentence_index": 1, "sentence_index_neg": 12}, {"wtype": "word", "wf": "tidə̈", "ana": [{"parts": "tidə̈", "gloss": "", "gloss_index": "", "lex": "tidə̈", "trans_ru": "этот", "gloss_ru": "этот", "gloss_index_ru": "STEM{tidə̈}-", "gr.pos": ["pro-form", "pro"]}], "off_start": 16, "off_end": 21, "next_word": 5, "sentence_index": 2, "sentence_index_neg": 11}, {"wtype": "word", "wf": "lə̑də̑", "ana": [{"parts": "lə̑də̑", "gloss": "", "gloss_index": "", "lex": "lə̑də̑", "trans_ru": "утка", "gloss_ru": "утка", "gloss_index_ru": "STEM{lə̑də̑}-", "gr.pos": "n"}], "off_start": 22, "off_end": 28, "next_word": 6, "sentence_index": 3, "sentence_index_neg": 10}, {"wtype": "punct", "wf": ",", "off_start": 28, "off_end": 29, "next_word": 7, "sentence_index": 4, "sentence_index_neg": 9}, {"wtype": "punct", "wf": "утка", "off_start": 30, "off_end": 34, "next_word": 8, "sentence_index": 5, "sentence_index_neg": 8}, {"wtype": "punct", "wf": "\",", "off_start": 35, "off_end": 37, "next_word": 9, "sentence_index": 6, "sentence_index_neg": 7}, {"wtype": "punct", "wf": "-", "off_start": 38, "off_end": 39, "next_word": 10, "sentence_index": 7, "sentence_index_neg": 6}, {"wtype": "word", "wf": "maneš", "ana": [{"parts": "man-eš", "gloss": "", "gloss_index": "", "lex": "man", "trans_ru": "говорить", "gloss_ru": "говорить-NPST.3SG", "gloss_index_ru": "STEM{man}-NPST.3SG{eš}-", "gr.pos": "v"}], "off_start": 40, "off_end": 45, "next_word": 11, "sentence_index": 8, "sentence_index_neg": 5}, {"wtype": "punct", "wf": ",", "off_start": 45, "off_end": 46, "next_word": 12, "sentence_index": 9, "sentence_index_neg": 4}, {"wtype": "punct", "wf": "-", "off_start": 47, "off_end": 48, "next_word": 13, "sentence_index": 10, "sentence_index_neg": 3}, {"wtype": "punct", "wf": "\"", "off_start": 49, "off_end": 50, "next_word": 14, "sentence_index": 11, "sentence_index_neg": 2}, {"wtype": "word", "wf": "tengelä", "ana": [{"parts": "tenge-lä", "gloss": "", "gloss_index": "", "lex": "tenge", "trans_ru": "так", "gloss_ru": "так-SIM", "gloss_index_ru": "STEM{tenge}-SIM{lä}-", "gr.pos": "pro-form"}], "off_start": 51, "off_end": 58, "next_word": 15, "sentence_index": 12, "sentence_index_neg": 1}, {"wtype": "word", "wf": "perevojen", "ana": [{"parts": "perevoj-en", "gloss": "", "gloss_index": "", "lex": "perevoj", "trans_ru": "переводить", "gloss_ru": "переводить-PRET", "gloss_index_ru": "STEM{perevoj}-PRET{en}-", "gr.pos": "v"}], "off_start": 59, "off_end": 68, "next_word": 16, "sentence_index": 13, "sentence_index_neg": 0}, {"wtype": "punct", "wf": "\".", "off_start": 69, "off_end": 71, "next_word": 17}], "text": "1.15. \" ludə̑ - tidə̈ lə̑də̑, утка \", - maneš, - \" tengelä perevojen \".", "para_alignment": [{"off_start": 0, "off_end": 71, "para_id": 5460}]}, {"lang": 0, "words": [{"wtype": "punct", "wf": "1.16.", "off_start": 0, "off_end": 5, "next_word": 1}, {"wtype": "punct", "wf": "Всё", "off_start": 6, "off_end": 9, "next_word": 2}, {"wtype": "punct", "wf": ".", "off_start": 9, "off_end": 10, "next_word": 3}], "text": "1.16. Всё.", "para_alignment": [{"off_start": 0, "off_end": 10, "para_id": 5461}], "last": true}, {"lang": 1, "words": [{"off_start": 0, "wf": "В", "wtype": "word", "off_end": 1, "next_word": 1, "sentence_index": 0, "sentence_index_neg": 14}, {"off_start": 2, "wf": "молодости", "wtype": "word", "off_end": 11, "next_word": 2, "sentence_index": 1, "sentence_index_neg": 13}, {"off_start": 11, "wf": ",", "wtype": "punct", "off_end": 12, "next_word": 3, "sentence_index": 2, "sentence_index_neg": 12}, {"off_start": 13, "wf": "в", "wtype": "word", "off_end": 14, "next_word": 4, "sentence_index": 3, "sentence_index_neg": 11}, {"off_start": 15, "wf": "первый", "wtype": "word", "off_end": 21, "next_word": 5, "sentence_index": 4, "sentence_index_neg": 10}, {"off_start": 22, "wf": "год", "wtype": "word", "off_end": 25, "next_word": 6, "sentence_index": 5, "sentence_index_neg": 9}, {"off_start": 25, "wf": ",", "wtype": "punct", "off_end": 26, "next_word": 7, "sentence_index": 6, "sentence_index_neg": 8}, {"off_start": 27, "wf": "когда", "wtype": "word", "off_end": 32, "next_word": 8, "sentence_index": 7, "sentence_index_neg": 7}, {"off_start": 33, "wf": "начал", "wtype": "word", "off_end": 38, "next_word": 9, "sentence_index": 8, "sentence_index_neg": 6}, {"off_start": 39, "wf": "работать", "wtype": "word", "off_end": 47, "next_word": 10, "sentence_index": 9, "sentence_index_neg": 5}, {"off_start": 47, "wf": ",", "wtype": "punct", "off_end": 48, "next_word": 11, "sentence_index": 10, "sentence_index_neg": 4}, {"off_start": 49, "wf": "работал", "wtype": "word", "off_end": 56, "next_word": 12, "sentence_index": 11, "sentence_index_neg": 3}, {"off_start": 57, "wf": "среди", "wtype": "word", "off_end": 62, "next_word": 13, "sentence_index": 12, "sentence_index_neg": 2}, {"off_start": 63, "wf": "луговых", "wtype": "word", "off_end": 70, "next_word": 14, "sentence_index": 13, "sentence_index_neg": 1}, {"off_start": 71, "wf": "марийцев", "wtype": "word", "off_end": 79, "next_word": 15, "sentence_index": 14, "sentence_index_neg": 0}, {"off_start": 79, "wf": ".", "wtype": "punct", "off_end": 80, "next_word": 16}], "text": "В молодости, в первый год, когда начал работать, работал среди луговых марийцев.", "para_alignment": [{"off_start": 0, "off_end": 80, "para_id": 5446}]}, {"lang": 1, "words": [{"off_start": 0, "wf": "Один", "wtype": "word", "off_end": 4, "next_word": 1, "sentence_index": 0, "sentence_index_neg": 9}, {"off_start": 5, "wf": "раз", "wtype": "word", "off_end": 8, "next_word": 2, "sentence_index": 1, "sentence_index_neg": 8}, {"off_start": 8, "wf": ",", "wtype": "punct", "off_end": 9, "next_word": 3, "sentence_index": 2, "sentence_index_neg": 7}, {"off_start": 10, "wf": "когда", "wtype": "word", "off_end": 15, "next_word": 4, "sentence_index": 3, "sentence_index_neg": 6}, {"off_start": 16, "wf": "пошел", "wtype": "word", "off_end": 21, "next_word": 5, "sentence_index": 4, "sentence_index_neg": 5}, {"off_start": 22, "wf": "в", "wtype": "word", "off_end": 23, "next_word": 6, "sentence_index": 5, "sentence_index_neg": 4}, {"off_start": 24, "wf": "магазин", "wtype": "word", "off_end": 31, "next_word": 7, "sentence_index": 6, "sentence_index_neg": 3}, {"off_start": 31, "wf": ",", "wtype": "punct", "off_end": 32, "next_word": 8, "sentence_index": 7, "sentence_index_neg": 2}, {"off_start": 33, "wf": "увидел", "wtype": "word", "off_end": 39, "next_word": 9, "sentence_index": 8, "sentence_index_neg": 1}, {"off_start": 40, "wf": "шапку", "wtype": "word", "off_end": 45, "next_word": 10, "sentence_index": 9, "sentence_index_neg": 0}, {"off_start": 45, "wf": ".", "wtype": "punct", "off_end": 46, "next_word": 11}], "text": "Один раз, когда пошел в магазин, увидел шапку.", "para_alignment": [{"off_start": 0, "off_end": 46, "para_id": 5447}]}, {"lang": 1, "words": [{"off_start": 0, "wf": "Эта", "wtype": "word", "off_end": 3, "next_word": 1, "sentence_index": 0, "sentence_index_neg": 4}, {"off_start": 4, "wf": "шапка", "wtype": "word", "off_end": 9, "next_word": 2, "sentence_index": 1, "sentence_index_neg": 3}, {"off_start": 10, "wf": "была", "wtype": "word", "off_end": 14, "next_word": 3, "sentence_index": 2, "sentence_index_neg": 2}, {"off_start": 15, "wf": "серого", "wtype": "word", "off_end": 21, "next_word": 4, "sentence_index": 3, "sentence_index_neg": 1}, {"off_start": 22, "wf": "цвета", "wtype": "word", "off_end": 27, "next_word": 5, "sentence_index": 4, "sentence_index_neg": 0}], "text": "Эта шапка была серого цвета", "para_alignment": [{"off_start": 0, "off_end": 27, "para_id": 5448}]}, {"lang": 1, "words": [{"off_start": 0, "wf": "Я", "wtype": "word", "off_end": 1, "next_word": 1, "sentence_index": 0, "sentence_index_neg": 3}, {"off_start": 2, "wf": "так", "wtype": "word", "off_end": 5, "next_word": 2, "sentence_index": 1, "sentence_index_neg": 2}, {"off_start": 6, "wf": "и", "wtype": "word", "off_end": 7, "next_word": 3, "sentence_index": 2, "sentence_index_neg": 1}, {"off_start": 8, "wf": "спросил", "wtype": "word", "off_end": 15, "next_word": 4, "sentence_index": 3, "sentence_index_neg": 0}, {"off_start": 15, "wf": ".", "wtype": "punct", "off_end": 16, "next_word": 5}], "text": "Я так и спросил.", "para_alignment": [{"off_start": 0, "off_end": 16, "para_id": 5449}]}, {"lang": 1, "words": [{"off_start": 0, "wf": "\"", "wtype": "punct", "off_end": 1, "next_word": 1}, {"off_start": 1, "wf": "Подайте", "wtype": "word", "off_end": 8, "next_word": 2, "sentence_index": 0, "sentence_index_neg": 6}, {"off_start": 9, "wf": "мне", "wtype": "word", "off_end": 12, "next_word": 3, "sentence_index": 1, "sentence_index_neg": 5}, {"off_start": 13, "wf": "серую", "wtype": "word", "off_end": 18, "next_word": 4, "sentence_index": 2, "sentence_index_neg": 4}, {"off_start": 19, "wf": "шапку", "wtype": "word", "off_end": 24, "next_word": 5, "sentence_index": 3, "sentence_index_neg": 3}, {"off_start": 24, "wf": "»,", "wtype": "punct", "off_end": 26, "next_word": 6, "sentence_index": 4, "sentence_index_neg": 2}, {"off_start": 27, "wf": "-", "wtype": "punct", "off_end": 28, "next_word": 7, "sentence_index": 5, "sentence_index_neg": 1}, {"off_start": 29, "wf": "говорю", "wtype": "word", "off_end": 35, "next_word": 8, "sentence_index": 6, "sentence_index_neg": 0}, {"off_start": 35, "wf": ".", "wtype": "punct", "off_end": 36, "next_word": 9}], "text": "\"Подайте мне серую шапку», - говорю.", "para_alignment": [{"off_start": 0, "off_end": 36, "para_id": 5450}]}, {"lang": 1, "words": [{"off_start": 0, "wf": "Продавщица", "wtype": "word", "off_end": 10, "next_word": 1, "sentence_index": 0, "sentence_index_neg": 3}, {"off_start": 11, "wf": "очень", "wtype": "word", "off_end": 16, "next_word": 2, "sentence_index": 1, "sentence_index_neg": 2}, {"off_start": 17, "wf": "громко", "wtype": "word", "off_end": 23, "next_word": 3, "sentence_index": 2, "sentence_index_neg": 1}, {"off_start": 24, "wf": "засмеялась", "wtype": "word", "off_end": 34, "next_word": 4, "sentence_index": 3, "sentence_index_neg": 0}, {"off_start": 34, "wf": ".", "wtype": "punct", "off_end": 35, "next_word": 5}], "text": "Продавщица очень громко засмеялась.", "para_alignment": [{"off_start": 0, "off_end": 35, "para_id": 5451}]}, {"lang": 1, "words": [{"off_start": 0, "wf": "\"", "wtype": "punct", "off_end": 1, "next_word": 1}, {"off_start": 1, "wf": "Не", "wtype": "word", "off_end": 3, "next_word": 2, "sentence_index": 0, "sentence_index_neg": 4}, {"off_start": 4, "wf": "знаю", "wtype": "word", "off_end": 8, "next_word": 3, "sentence_index": 1, "sentence_index_neg": 3}, {"off_start": 8, "wf": "»,", "wtype": "punct", "off_end": 10, "next_word": 4, "sentence_index": 2, "sentence_index_neg": 2}, {"off_start": 11, "wf": "-", "wtype": "punct", "off_end": 12, "next_word": 5, "sentence_index": 3, "sentence_index_neg": 1}, {"off_start": 13, "wf": "говорю", "wtype": "word", "off_end": 19, "next_word": 6, "sentence_index": 4, "sentence_index_neg": 0}, {"off_start": 19, "wf": ".", "wtype": "punct", "off_end": 20, "next_word": 7}], "text": "\"Не знаю», - говорю.", "para_alignment": [{"off_start": 0, "off_end": 20, "para_id": 5452}]}, {"lang": 1, "words": [{"off_start": 0, "wf": "Как", "wtype": "word", "off_end": 3, "next_word": 1, "sentence_index": 0, "sentence_index_neg": 12}, {"off_start": 4, "wf": "может", "wtype": "word", "off_end": 9, "next_word": 2, "sentence_index": 1, "sentence_index_neg": 11}, {"off_start": 10, "wf": "быть", "wtype": "word", "off_end": 14, "next_word": 3, "sentence_index": 2, "sentence_index_neg": 10}, {"off_start": 15, "wf": "ludə", "wtype": "word", "off_end": 19, "next_word": 4, "sentence_index": 3, "sentence_index_neg": 9}, {"off_start": 19, "wf": "̑", "wtype": "punct", "off_end": 20, "next_word": 5, "sentence_index": 4, "sentence_index_neg": 8}, {"off_start": 21, "wf": "шапка", "wtype": "word", "off_end": 26, "next_word": 6, "sentence_index": 5, "sentence_index_neg": 7}, {"off_start": 26, "wf": "?»", "wtype": "punct", "off_end": 28, "next_word": 7, "sentence_index": 6, "sentence_index_neg": 6}, {"off_start": 29, "wf": "—", "wtype": "punct", "off_end": 30, "next_word": 8, "sentence_index": 7, "sentence_index_neg": 5}, {"off_start": 31, "wf": "еще", "wtype": "word", "off_end": 34, "next_word": 9, "sentence_index": 8, "sentence_index_neg": 4}, {"off_start": 35, "wf": "раз", "wtype": "word", "off_end": 38, "next_word": 10, "sentence_index": 9, "sentence_index_neg": 3}, {"off_start": 39, "wf": "у", "wtype": "word", "off_end": 40, "next_word": 11, "sentence_index": 10, "sentence_index_neg": 2}, {"off_start": 41, "wf": "меня", "wtype": "word", "off_end": 45, "next_word": 12, "sentence_index": 11, "sentence_index_neg": 1}, {"off_start": 46, "wf": "спрашивает", "wtype": "word", "off_end": 56, "next_word": 13, "sentence_index": 12, "sentence_index_neg": 0}, {"off_start": 56, "wf": ".", "wtype": "punct", "off_end": 57, "next_word": 14}], "text": "Как может быть ludə̑ шапка?» — еще раз у меня спрашивает.", "para_alignment": [{"off_start": 0, "off_end": 57, "para_id": 5453}]}, {"lang": 1, "words": [{"off_start": 0, "wf": "\"", "wtype": "punct", "off_end": 1, "next_word": 1}, {"off_start": 1, "wf": "Вон", "wtype": "word", "off_end": 4, "next_word": 2, "sentence_index": 0, "sentence_index_neg": 12}, {"off_start": 5, "wf": "же", "wtype": "word", "off_end": 7, "next_word": 3, "sentence_index": 1, "sentence_index_neg": 11}, {"off_start": 7, "wf": ",", "wtype": "punct", "off_end": 8, "next_word": 4, "sentence_index": 2, "sentence_index_neg": 10}, {"off_start": 9, "wf": "-", "wtype": "punct", "off_end": 10, "next_word": 5, "sentence_index": 3, "sentence_index_neg": 9}, {"off_start": 11, "wf": "говорю", "wtype": "word", "off_end": 17, "next_word": 6, "sentence_index": 4, "sentence_index_neg": 8}, {"off_start": 17, "wf": ",", "wtype": "punct", "off_end": 18, "next_word": 7, "sentence_index": 5, "sentence_index_neg": 7}, {"off_start": 19, "wf": "-", "wtype": "punct", "off_end": 20, "next_word": 8, "sentence_index": 6, "sentence_index_neg": 6}, {"off_start": 21, "wf": "серая", "wtype": "word", "off_end": 26, "next_word": 9, "sentence_index": 7, "sentence_index_neg": 5}, {"off_start": 27, "wf": "шапка", "wtype": "word", "off_end": 32, "next_word": 10, "sentence_index": 8, "sentence_index_neg": 4}, {"off_start": 33, "wf": "лежит", "wtype": "word", "off_end": 38, "next_word": 11, "sentence_index": 9, "sentence_index_neg": 3}, {"off_start": 38, "wf": "»,", "wtype": "punct", "off_end": 40, "next_word": 12, "sentence_index": 10, "sentence_index_neg": 2}, {"off_start": 41, "wf": "-", "wtype": "punct", "off_end": 42, "next_word": 13, "sentence_index": 11, "sentence_index_neg": 1}, {"off_start": 43, "wf": "говорю", "wtype": "word", "off_end": 49, "next_word": 14, "sentence_index": 12, "sentence_index_neg": 0}, {"off_start": 49, "wf": ".", "wtype": "punct", "off_end": 50, "next_word": 15}], "text": "\"Вон же, - говорю, - серая шапка лежит», - говорю.", "para_alignment": [{"off_start": 0, "off_end": 50, "para_id": 5454}]}, {"lang": 1, "words": [{"off_start": 0, "wf": "А", "wtype": "word", "off_end": 1, "next_word": 1, "sentence_index": 0, "sentence_index_neg": 8}, {"off_start": 2, "wf": "это", "wtype": "word", "off_end": 5, "next_word": 2, "sentence_index": 1, "sentence_index_neg": 7}, {"off_start": 5, "wf": ",", "wtype": "punct", "off_end": 6, "next_word": 3, "sentence_index": 2, "sentence_index_neg": 6}, {"off_start": 7, "wf": "говорит", "wtype": "word", "off_end": 14, "next_word": 4, "sentence_index": 3, "sentence_index_neg": 5}, {"off_start": 14, "wf": ",", "wtype": "punct", "off_end": 15, "next_word": 5, "sentence_index": 4, "sentence_index_neg": 4}, {"off_start": 16, "wf": "не", "wtype": "word", "off_end": 18, "next_word": 6, "sentence_index": 5, "sentence_index_neg": 3}, {"off_start": 19, "wf": "ludə", "wtype": "word", "off_end": 23, "next_word": 7, "sentence_index": 6, "sentence_index_neg": 2}, {"off_start": 23, "wf": "̑", "wtype": "punct", "off_end": 24, "next_word": 8, "sentence_index": 7, "sentence_index_neg": 1}, {"off_start": 25, "wf": "шапка", "wtype": "word", "off_end": 30, "next_word": 9, "sentence_index": 8, "sentence_index_neg": 0}, {"off_start": 30, "wf": ".", "wtype": "punct", "off_end": 31, "next_word": 10}], "text": "А это, говорит, не ludə̑ шапка.", "para_alignment": [{"off_start": 0, "off_end": 31, "para_id": 5455}]}, {"lang": 1, "words": [{"off_start": 0, "wf": "\"", "wtype": "punct", "off_end": 1, "next_word": 1}, {"off_start": 1, "wf": "Не", "wtype": "word", "off_end": 3, "next_word": 2, "sentence_index": 0, "sentence_index_neg": 11}, {"off_start": 4, "wf": "знаю", "wtype": "word", "off_end": 8, "next_word": 3, "sentence_index": 1, "sentence_index_neg": 10}, {"off_start": 8, "wf": "...", "wtype": "punct", "off_end": 11, "next_word": 4, "sentence_index": 2, "sentence_index_neg": 9}, {"off_start": 12, "wf": "я", "wtype": "word", "off_end": 13, "next_word": 5, "sentence_index": 3, "sentence_index_neg": 8}, {"off_start": 13, "wf": "...", "wtype": "punct", "off_end": 16, "next_word": 6, "sentence_index": 4, "sentence_index_neg": 7}, {"off_start": 17, "wf": "Это", "wtype": "word", "off_end": 20, "next_word": 7, "sentence_index": 5, "sentence_index_neg": 6}, {"off_start": 21, "wf": "же", "wtype": "word", "off_end": 23, "next_word": 8, "sentence_index": 6, "sentence_index_neg": 5}, {"off_start": 24, "wf": "серая", "wtype": "word", "off_end": 29, "next_word": 9, "sentence_index": 7, "sentence_index_neg": 4}, {"off_start": 30, "wf": "шапка", "wtype": "word", "off_end": 35, "next_word": 10, "sentence_index": 8, "sentence_index_neg": 3}, {"off_start": 35, "wf": "»,", "wtype": "punct", "off_end": 37, "next_word": 11, "sentence_index": 9, "sentence_index_neg": 2}, {"off_start": 38, "wf": "-", "wtype": "punct", "off_end": 39, "next_word": 12, "sentence_index": 10, "sentence_index_neg": 1}, {"off_start": 40, "wf": "говорю", "wtype": "word", "off_end": 46, "next_word": 13, "sentence_index": 11, "sentence_index_neg": 0}, {"off_start": 46, "wf": ".", "wtype": "punct", "off_end": 47, "next_word": 14}], "text": "\"Не знаю... я... Это же серая шапка», - говорю.", "para_alignment": [{"off_start": 0, "off_end": 47, "para_id": 5456}]}, {"lang": 1, "words": [{"off_start": 0, "wf": "Уже", "wtype": "word", "off_end": 3, "next_word": 1, "sentence_index": 0, "sentence_index_neg": 2}, {"off_start": 4, "wf": "мы", "wtype": "word", "off_end": 6, "next_word": 2, "sentence_index": 1, "sentence_index_neg": 1}, {"off_start": 7, "wf": "спорим", "wtype": "word", "off_end": 13, "next_word": 3, "sentence_index": 2, "sentence_index_neg": 0}, {"off_start": 13, "wf": ".", "wtype": "punct", "off_end": 14, "next_word": 4}], "text": "Уже мы спорим.", "para_alignment": [{"off_start": 0, "off_end": 14, "para_id": 5457}]}, {"lang": 1, "words": [{"off_start": 0, "wf": "\"", "wtype": "punct", "off_end": 1, "next_word": 1}, {"off_start": 1, "wf": "Это", "wtype": "word", "off_end": 4, "next_word": 2, "sentence_index": 0, "sentence_index_neg": 6}, {"off_start": 5, "wf": "же", "wtype": "word", "off_end": 7, "next_word": 3, "sentence_index": 1, "sentence_index_neg": 5}, {"off_start": 8, "wf": "sur", "wtype": "word", "off_end": 11, "next_word": 4, "sentence_index": 2, "sentence_index_neg": 4}, {"off_start": 12, "wf": "шапка", "wtype": "word", "off_end": 17, "next_word": 5, "sentence_index": 3, "sentence_index_neg": 3}, {"off_start": 17, "wf": "»,", "wtype": "punct", "off_end": 19, "next_word": 6, "sentence_index": 4, "sentence_index_neg": 2}, {"off_start": 20, "wf": "-", "wtype": "punct", "off_end": 21, "next_word": 7, "sentence_index": 5, "sentence_index_neg": 1}, {"off_start": 22, "wf": "говорит", "wtype": "word", "off_end": 29, "next_word": 8, "sentence_index": 6, "sentence_index_neg": 0}, {"off_start": 29, "wf": ".", "wtype": "punct", "off_end": 30, "next_word": 9}], "text": "\"Это же sur шапка», - говорит.", "para_alignment": [{"off_start": 0, "off_end": 30, "para_id": 5458}]}, {"lang": 1, "words": [{"off_start": 0, "wf": "\"", "wtype": "punct", "off_end": 1, "next_word": 1}, {"off_start": 1, "wf": "ludə", "wtype": "word", "off_end": 5, "next_word": 2, "sentence_index": 0, "sentence_index_neg": 8}, {"off_start": 5, "wf": "̑", "wtype": "punct", "off_end": 6, "next_word": 3, "sentence_index": 1, "sentence_index_neg": 7}, {"off_start": 7, "wf": "шапка", "wtype": "word", "off_end": 12, "next_word": 4, "sentence_index": 2, "sentence_index_neg": 6}, {"off_start": 13, "wf": "не", "wtype": "word", "off_end": 15, "next_word": 5, "sentence_index": 3, "sentence_index_neg": 5}, {"off_start": 16, "wf": "может", "wtype": "word", "off_end": 21, "next_word": 6, "sentence_index": 4, "sentence_index_neg": 4}, {"off_start": 22, "wf": "быть", "wtype": "word", "off_end": 26, "next_word": 7, "sentence_index": 5, "sentence_index_neg": 3}, {"off_start": 26, "wf": "»,", "wtype": "punct", "off_end": 28, "next_word": 8, "sentence_index": 6, "sentence_index_neg": 2}, {"off_start": 29, "wf": "-", "wtype": "punct", "off_end": 30, "next_word": 9, "sentence_index": 7, "sentence_index_neg": 1}, {"off_start": 31, "wf": "говорит", "wtype": "word", "off_end": 38, "next_word": 10, "sentence_index": 8, "sentence_index_neg": 0}, {"off_start": 38, "wf": ".", "wtype": "punct", "off_end": 39, "next_word": 11}], "text": "\"ludə̑ шапка не может быть», - говорит.", "para_alignment": [{"off_start": 0, "off_end": 39, "para_id": 5459}]}, {"lang": 1, "words": [{"off_start": 0, "wf": "Ludə", "wtype": "word", "off_end": 4, "next_word": 1, "sentence_index": 0, "sentence_index_neg": 9}, {"off_start": 4, "wf": "̑", "wtype": "punct", "off_end": 5, "next_word": 2, "sentence_index": 1, "sentence_index_neg": 8}, {"off_start": 6, "wf": "-", "wtype": "punct", "off_end": 7, "next_word": 3, "sentence_index": 2, "sentence_index_neg": 7}, {"off_start": 8, "wf": "это", "wtype": "word", "off_end": 11, "next_word": 4, "sentence_index": 3, "sentence_index_neg": 6}, {"off_start": 12, "wf": "утка", "wtype": "word", "off_end": 16, "next_word": 5, "sentence_index": 4, "sentence_index_neg": 5}, {"off_start": 16, "wf": ",", "wtype": "punct", "off_end": 17, "next_word": 6, "sentence_index": 5, "sentence_index_neg": 4}, {"off_start": 18, "wf": "говорит", "wtype": "word", "off_end": 25, "next_word": 7, "sentence_index": 6, "sentence_index_neg": 3}, {"off_start": 25, "wf": ",", "wtype": "punct", "off_end": 26, "next_word": 8, "sentence_index": 7, "sentence_index_neg": 2}, {"off_start": 27, "wf": "если", "wtype": "word", "off_end": 31, "next_word": 9, "sentence_index": 8, "sentence_index_neg": 1}, {"off_start": 32, "wf": "перевести", "wtype": "word", "off_end": 41, "next_word": 10, "sentence_index": 9, "sentence_index_neg": 0}, {"off_start": 41, "wf": ".", "wtype": "punct", "off_end": 42, "next_word": 11}], "text": "Ludə̑ - это утка, говорит, если перевести.", "para_alignment": [{"off_start": 0, "off_end": 42, "para_id": 5460}]}, {"lang": 1, "words": [], "text": "", "para_alignment": [{"off_start": 0, "off_end": 0, "para_id": 5461}]}]}