{"meta": {"title": "Мариец Сяр", "filename": "corpus\\xml\\hill.xml"}, "sentences": [{"lang": 0, "words": [{"wtype": "punct", "wf": "1.1.", "off_start": 0, "off_end": 4, "next_word": 1}, {"wtype": "word", "wf": "marə̑n", "ana": [{"parts": "marə̑-n", "gloss": "", "gloss_index": "", "lex": "marə̑", "trans_ru": "мари", "gloss_ru": "мари-GEN", "gloss_index_ru": "STEM{marə̑}-GEN{n}-", "gr.pos": "n"}], "off_start": 5, "off_end": 11, "next_word": 2, "sentence_index": 0, "sentence_index_neg": 1}, {"wtype": "word", "wf": "sär", "ana": [{"parts": "sär", "gloss": "", "gloss_index": "", "lex": "sär", "trans_ru": "Сяр", "gloss_ru": "Сяр", "gloss_index_ru": "STEM{sär}-", "gr.pos": "n"}], "off_start": 12, "off_end": 15, "next_word": 3, "sentence_index": 1, "sentence_index_neg": 0}, {"wtype": "punct", "wf": ".", "off_start": 15, "off_end": 16, "next_word": 4}], "text": "1.1. marə̑n sär.", "para_alignment": [{"off_start": 0, "off_end": 16, "para_id": 4516}]}, {"lang": 0, "words": [{"wtype": "punct", "wf": "1.2.", "off_start": 0, "off_end": 4, "next_word": 1}, {"wtype": "word", "wf": "marə̑vlä", "ana": [{"parts": "marə̑-vlä", "gloss": "", "gloss_index": "", "lex": "marə̑", "trans_ru": "мари", "gloss_ru": "мари-PL", "gloss_index_ru": "STEM{marə̑}-PL{vlä}-", "gr.pos": "n"}], "off_start": 5, "off_end": 13, "next_word": 2, "sentence_index": 0, "sentence_index_neg": 2}, {"wtype": "word", "wf": "nälə̈nə̈t", "ana": [{"parts": "näl-ə̈n-ə̈t", "gloss": "", "gloss_index": "", "lex": "näl", "trans_ru": "брать", "gloss_ru": "брать-PRET-3PL", "gloss_index_ru": "STEM{näl}-PRET{ə̈n}-3PL{ə̈t}-", "gr.pos": "v"}], "off_start": 14, "off_end": 23, "next_word": 3, "sentence_index": 1, "sentence_index_neg": 1}, {"wtype": "word", "wf": "kazan'ə̑m", "ana": [{"parts": "kazan'-ə̑m", "gloss": "", "gloss_index": "", "lex": "kazan'", "trans_ru": "Казань", "gloss_ru": "Казань-ACC", "gloss_index_ru": "STEM{kazan'}-ACC{ə̑m}-", "gr.pos": "n"}], "off_start": 24, "off_end": 33, "next_word": 4, "sentence_index": 2, "sentence_index_neg": 0}, {"wtype": "punct", "wf": ".", "off_start": 33, "off_end": 34, "next_word": 5}], "text": "1.2. marə̑vlä nälə̈nə̈t kazan'ə̑m.", "para_alignment": [{"off_start": 0, "off_end": 34, "para_id": 4517}]}, {"lang": 0, "words": [{"wtype": "punct", "wf": "1.3.", "off_start": 0, "off_end": 4, "next_word": 1}, {"wtype": "word", "wf": "kärš", "ana": [{"parts": "kärš", "gloss": "", "gloss_index": "", "lex": "kärš", "trans_ru": "гусли", "gloss_ru": "гусли", "gloss_index_ru": "STEM{kärš}-", "gr.pos": "n"}], "off_start": 5, "off_end": 9, "next_word": 2, "sentence_index": 0, "sentence_index_neg": 3}, {"wtype": "word", "wf": "dono", "ana": [{"parts": "dono", "gloss": "", "gloss_index": "", "lex": "dono", "trans_ru": "с", "gloss_ru": "с", "gloss_index_ru": "STEM{dono}-", "gr.pos": "post"}], "off_start": 10, "off_end": 14, "next_word": 3, "sentence_index": 1, "sentence_index_neg": 2}, {"wtype": "word", "wf": "ašked", "ana": [{"parts": "ašked-ø", "gloss": "", "gloss_index": "", "lex": "ašked", "trans_ru": "шагать", "gloss_ru": "шагать-CVB", "gloss_index_ru": "STEM{ašked}-CVB{ø}-", "gr.pos": "v"}], "off_start": 15, "off_end": 20, "next_word": 4, "sentence_index": 2, "sentence_index_neg": 1}, {"wtype": "word", "wf": "kenə̈t", "ana": [{"parts": "ke-n-ə̈t", "gloss": "", "gloss_index": "", "lex": "ke", "trans_ru": "идти", "gloss_ru": "идти-PRET-3PL", "gloss_index_ru": "STEM{ke}-PRET{n}-3PL{ə̈t}-", "gr.pos": "v"}], "off_start": 21, "off_end": 27, "next_word": 5, "sentence_index": 3, "sentence_index_neg": 0}, {"wtype": "punct", "wf": ".", "off_start": 27, "off_end": 28, "next_word": 6}], "text": "1.3. kärš dono ašked kenə̈t.", "para_alignment": [{"off_start": 0, "off_end": 28, "para_id": 4518}]}, {"lang": 0, "words": [{"wtype": "punct", "wf": "1.4.", "off_start": 0, "off_end": 4, "next_word": 1}, {"wtype": "word", "wf": "nə̈nə̈", "ana": [{"parts": "nə̈nə̈", "gloss": "", "gloss_index": "", "lex": "nə̈nə̈", "trans_ru": "те", "gloss_ru": "те", "gloss_index_ru": "STEM{nə̈nə̈}-", "gr.pos": ["pro-form", "pro"]}], "off_start": 5, "off_end": 11, "next_word": 2, "sentence_index": 0, "sentence_index_neg": 9}, {"wtype": "word", "wf": "valenə̈t", "ana": [{"parts": "val-en-ə̈t", "gloss": "", "gloss_index": "", "lex": "val", "trans_ru": "спускаться", "gloss_ru": "спускаться-PRET-3PL", "gloss_index_ru": "STEM{val}-PRET{en}-3PL{ə̈t}-", "gr.pos": "v"}], "off_start": 12, "off_end": 20, "next_word": 3, "sentence_index": 1, "sentence_index_neg": 8}, {"wtype": "word", "wf": "jə̑lə̑n", "ana": [{"parts": "jə̑l-ə̑n", "gloss": "", "gloss_index": "", "lex": "jə̑l", "trans_ru": "Волга", "gloss_ru": "Волга-GEN", "gloss_index_ru": "STEM{jə̑l}-GEN{ə̑n}-", "gr.pos": "n"}], "off_start": 21, "off_end": 28, "next_word": 4, "sentence_index": 2, "sentence_index_neg": 7}, {"wtype": "word", "wf": "alə̑k", "ana": [{"parts": "alə̑k", "gloss": "", "gloss_index": "", "lex": "alə̑k", "trans_ru": "луг", "gloss_ru": "луг", "gloss_index_ru": "STEM{alə̑k}-", "gr.pos": "n"}], "off_start": 29, "off_end": 34, "next_word": 5, "sentence_index": 3, "sentence_index_neg": 6}, {"wtype": "word", "wf": "sir", "ana": [{"parts": "sir", "gloss": "", "gloss_index": "", "lex": "sir", "trans_ru": "берег", "gloss_ru": "берег", "gloss_index_ru": "STEM{sir}-", "gr.pos": "n"}], "off_start": 35, "off_end": 38, "next_word": 6, "sentence_index": 4, "sentence_index_neg": 5}, {"wtype": "word", "wf": "dono", "ana": [{"parts": "dono", "gloss": "", "gloss_index": "", "lex": "dono", "trans_ru": "с", "gloss_ru": "с", "gloss_index_ru": "STEM{dono}-", "gr.pos": "post"}], "off_start": 39, "off_end": 43, "next_word": 7, "sentence_index": 5, "sentence_index_neg": 4}, {"wtype": "word", "wf": "gor'k'ij", "ana": [{"parts": "gor'k'ij", "gloss": "", "gloss_index": "", "lex": "gor'k'ij", "trans_ru": "Горький", "gloss_ru": "Горький", "gloss_index_ru": "STEM{gor'k'ij}-", "gr.pos": "n"}], "off_start": 44, "off_end": 52, "next_word": 8, "sentence_index": 6, "sentence_index_neg": 3}, {"wtype": "word", "wf": "dorc", "ana": [{"parts": "dor-c", "gloss": "", "gloss_index": "", "lex": "dor", "trans_ru": "у", "gloss_ru": "у-EL", "gloss_index_ru": "STEM{dor}-EL{c}-", "gr.pos": "post"}], "off_start": 53, "off_end": 57, "next_word": 9, "sentence_index": 7, "sentence_index_neg": 2}, {"wtype": "word", "wf": "kazan'", "ana": [{"parts": "kazan'", "gloss": "", "gloss_index": "", "lex": "kazan'", "trans_ru": "Казань", "gloss_ru": "Казань", "gloss_index_ru": "STEM{kazan'}-", "gr.pos": "n"}], "off_start": 58, "off_end": 64, "next_word": 10, "sentence_index": 8, "sentence_index_neg": 1}, {"wtype": "word", "wf": "jakte", "ana": [{"parts": "jakte", "gloss": "", "gloss_index": "", "lex": "jakte", "trans_ru": "до", "gloss_ru": "до", "gloss_index_ru": "STEM{jakte}-", "gr.pos": "post"}], "off_start": 65, "off_end": 70, "next_word": 11, "sentence_index": 9, "sentence_index_neg": 0}, {"wtype": "punct", "wf": ".", "off_start": 70, "off_end": 71, "next_word": 12}], "text": "1.4. nə̈nə̈ valenə̈t jə̑lə̑n alə̑k sir dono gor'k'ij dorc kazan' jakte.", "para_alignment": [{"off_start": 0, "off_end": 71, "para_id": 4519}]}, {"lang": 0, "words": [{"wtype": "punct", "wf": "1.5.", "off_start": 0, "off_end": 4, "next_word": 1}, {"wtype": "word", "wf": "kornə̑štə̑", "ana": [{"parts": "kornə̑-štə̑", "gloss": "", "gloss_index": "", "lex": "kornə̑", "trans_ru": "дорога", "gloss_ru": "дорога-IN", "gloss_index_ru": "STEM{kornə̑}-IN{štə̑}-", "gr.pos": "n"}], "off_start": 5, "off_end": 15, "next_word": 2, "sentence_index": 0, "sentence_index_neg": 8}, {"wtype": "word", "wf": "jə̑lə̑mbal", "ana": [{"parts": "jə̑lə̑mbal", "gloss": "", "gloss_index": "", "lex": "jə̑lə̑mbal", "trans_ru": "Заволжье", "gloss_ru": "Заволжье", "gloss_index_ru": "STEM{jə̑lə̑mbal}-", "gr.pos": "n"}], "off_start": 16, "off_end": 26, "next_word": 3, "sentence_index": 1, "sentence_index_neg": 7}, {"wtype": "word", "wf": "sirə̈štə̈š", "ana": [{"parts": "sir-ə̈štə̈-š", "gloss": "", "gloss_index": "", "lex": "sir", "trans_ru": "берег", "gloss_ru": "берег-IN-ATTR", "gloss_index_ru": "STEM{sir}-IN{ə̈štə̈}-ATTR{š}-", "gr.pos": ["n", "v"]}], "off_start": 27, "off_end": 37, "next_word": 4, "sentence_index": 2, "sentence_index_neg": 6}, {"wtype": "word", "wf": "kud", "ana": [{"parts": "kud", "gloss": "", "gloss_index": "", "lex": "kud", "trans_ru": "шесть", "gloss_ru": "шесть", "gloss_index_ru": "STEM{kud}-", "gr.pos": "cardnum"}], "off_start": 38, "off_end": 41, "next_word": 5, "sentence_index": 3, "sentence_index_neg": 5}, {"wtype": "word", "wf": "lu", "ana": [{"parts": "lu", "gloss": "", "gloss_index": "", "lex": "lu", "trans_ru": "десять", "gloss_ru": "десять", "gloss_index_ru": "STEM{lu}-", "gr.pos": "cardnum"}], "off_start": 42, "off_end": 44, "next_word": 6, "sentence_index": 4, "sentence_index_neg": 4}, {"wtype": "word", "wf": "vätə̈n", "ana": [{"parts": "vätə̈-n", "gloss": "", "gloss_index": "", "lex": "vätə̈", "trans_ru": "жена", "gloss_ru": "жена-GEN", "gloss_index_ru": "STEM{vätə̈}-GEN{n}-", "gr.pos": "n"}], "off_start": 45, "off_end": 51, "next_word": 7, "sentence_index": 5, "sentence_index_neg": 3}, {"wtype": "word", "wf": "karem", "ana": [{"parts": "karem", "gloss": "", "gloss_index": "", "lex": "karem", "trans_ru": "овраг", "gloss_ru": "овраг", "gloss_index_ru": "STEM{karem}-", "gr.pos": "n"}], "off_start": 52, "off_end": 57, "next_word": 8, "sentence_index": 6, "sentence_index_neg": 2}, {"wtype": "word", "wf": "dorc", "ana": [{"parts": "dor-c", "gloss": "", "gloss_index": "", "lex": "dor", "trans_ru": "у", "gloss_ru": "у-EL", "gloss_index_ru": "STEM{dor}-EL{c}-", "gr.pos": "post"}], "off_start": 58, "off_end": 62, "next_word": 9, "sentence_index": 7, "sentence_index_neg": 1}, {"wtype": "word", "wf": "erten", "ana": [{"parts": "ert-en", "gloss": "", "gloss_index": "", "lex": "ert", "trans_ru": "проходить", "gloss_ru": "проходить-PRET", "gloss_index_ru": "STEM{ert}-PRET{en}-", "gr.pos": "v"}], "off_start": 63, "off_end": 68, "next_word": 10, "sentence_index": 8, "sentence_index_neg": 0}, {"wtype": "punct", "wf": ".", "off_start": 68, "off_end": 69, "next_word": 11}], "text": "1.5. kornə̑štə̑ jə̑lə̑mbal sirə̈štə̈š kud lu vätə̈n karem dorc erten.", "para_alignment": [{"off_start": 0, "off_end": 69, "para_id": 4520}]}, {"lang": 0, "words": [{"wtype": "punct", "wf": "1.6.", "off_start": 0, "off_end": 4, "next_word": 1}, {"wtype": "word", "wf": "marə̑vlä", "ana": [{"parts": "marə̑-vlä", "gloss": "", "gloss_index": "", "lex": "marə̑", "trans_ru": "мари", "gloss_ru": "мари-PL", "gloss_index_ru": "STEM{marə̑}-PL{vlä}-", "gr.pos": "n"}], "off_start": 5, "off_end": 13, "next_word": 2, "sentence_index": 0, "sentence_index_neg": 4}, {"wtype": "word", "wf": "dono", "ana": [{"parts": "dono", "gloss": "", "gloss_index": "", "lex": "dono", "trans_ru": "с", "gloss_ru": "с", "gloss_index_ru": "STEM{dono}-", "gr.pos": "post"}], "off_start": 14, "off_end": 18, "next_word": 3, "sentence_index": 1, "sentence_index_neg": 3}, {"wtype": "word", "wf": "ik", "ana": [{"parts": "ik", "gloss": "", "gloss_index": "", "lex": "ik", "trans_ru": "один", "gloss_ru": "один", "gloss_index_ru": "STEM{ik}-", "gr.pos": "cardnum"}], "off_start": 19, "off_end": 21, "next_word": 4, "sentence_index": 2, "sentence_index_neg": 2}, {"wtype": "word", "wf": "edem", "ana": [{"parts": "edem", "gloss": "", "gloss_index": "", "lex": "edem", "trans_ru": "человек", "gloss_ru": "человек", "gloss_index_ru": "STEM{edem}-", "gr.pos": "n"}], "off_start": 22, "off_end": 26, "next_word": 5, "sentence_index": 3, "sentence_index_neg": 1}, {"wtype": "word", "wf": "vujlalten", "ana": [{"parts": "vuj-l-alt-en", "gloss": "", "gloss_index": "", "lex": "vuj", "trans_ru": "голова", "gloss_ru": "голова-DENOM-MED-PRET", "gloss_index_ru": "STEM{vuj}-DENOM{l}-MED{alt}-PRET{en}-", "gr.pos": ["n", "v"]}], "off_start": 27, "off_end": 36, "next_word": 6, "sentence_index": 4, "sentence_index_neg": 0}, {"wtype": "punct", "wf": ".", "off_start": 36, "off_end": 37, "next_word": 7}], "text": "1.6. marə̑vlä dono ik edem vujlalten.", "para_alignment": [{"off_start": 0, "off_end": 37, "para_id": 4521}]}, {"lang": 0, "words": [{"wtype": "punct", "wf": "1.7.", "off_start": 0, "off_end": 4, "next_word": 1}, {"wtype": "word", "wf": "tə̈", "ana": [{"parts": "tə̈", "gloss": "", "gloss_index": "", "lex": "tə̈", "trans_ru": "тот", "gloss_ru": "тот", "gloss_index_ru": "STEM{tə̈}-", "gr.pos": ["pro-form", "pro"]}], "off_start": 5, "off_end": 8, "next_word": 2, "sentence_index": 0, "sentence_index_neg": 4}, {"wtype": "word", "wf": "marə̑n", "ana": [{"parts": "marə̑-n", "gloss": "", "gloss_index": "", "lex": "marə̑", "trans_ru": "мари", "gloss_ru": "мари-GEN", "gloss_index_ru": "STEM{marə̑}-GEN{n}-", "gr.pos": "n"}], "off_start": 9, "off_end": 15, "next_word": 3, "sentence_index": 1, "sentence_index_neg": 3}, {"wtype": "word", "wf": "lə̈mžə̈", "ana": [{"parts": "lə̈m-žə̈", "gloss": "", "gloss_index": "", "lex": "lə̈m", "trans_ru": "имя", "gloss_ru": "имя-POSS.3SG", "gloss_index_ru": "STEM{lə̈m}-POSS.3SG{žə̈}-", "gr.pos": "n"}], "off_start": 16, "off_end": 23, "next_word": 4, "sentence_index": 2, "sentence_index_neg": 2}, {"wtype": "word", "wf": "ə̑lə̑n", "ana": [{"parts": "ə̑l-ə̑n", "gloss": "", "gloss_index": "", "lex": "ə̑l", "trans_ru": "быть", "gloss_ru": "быть-PRET", "gloss_index_ru": "STEM{ə̑l}-PRET{ə̑n}-", "gr.pos": ["v", "prt"]}], "off_start": 24, "off_end": 30, "next_word": 5, "sentence_index": 3, "sentence_index_neg": 1}, {"wtype": "word", "wf": "sär", "ana": [{"parts": "sär", "gloss": "", "gloss_index": "", "lex": "sär", "trans_ru": "Сяр", "gloss_ru": "Сяр", "gloss_index_ru": "STEM{sär}-", "gr.pos": "n"}], "off_start": 31, "off_end": 34, "next_word": 6, "sentence_index": 4, "sentence_index_neg": 0}, {"wtype": "punct", "wf": ".", "off_start": 34, "off_end": 35, "next_word": 7}], "text": "1.7. tə̈ marə̑n lə̈mžə̈ ə̑lə̑n sär.", "para_alignment": [{"off_start": 0, "off_end": 35, "para_id": 4522}]}, {"lang": 0, "words": [{"wtype": "punct", "wf": "1.8.", "off_start": 0, "off_end": 4, "next_word": 1}, {"wtype": "word", "wf": "sär", "ana": [{"parts": "sär", "gloss": "", "gloss_index": "", "lex": "sär", "trans_ru": "Сяр", "gloss_ru": "Сяр", "gloss_index_ru": "STEM{sär}-", "gr.pos": "n"}], "off_start": 5, "off_end": 8, "next_word": 2, "sentence_index": 0, "sentence_index_neg": 6}, {"wtype": "word", "wf": "tə̈", "ana": [{"parts": "tə̈", "gloss": "", "gloss_index": "", "lex": "tə̈", "trans_ru": "тот", "gloss_ru": "тот", "gloss_index_ru": "STEM{tə̈}-", "gr.pos": ["pro-form", "pro"]}], "off_start": 9, "off_end": 12, "next_word": 3, "sentence_index": 1, "sentence_index_neg": 5}, {"wtype": "word", "wf": "sir", "ana": [{"parts": "sir", "gloss": "", "gloss_index": "", "lex": "sir", "trans_ru": "берег", "gloss_ru": "берег", "gloss_index_ru": "STEM{sir}-", "gr.pos": "n"}], "off_start": 13, "off_end": 16, "next_word": 4, "sentence_index": 2, "sentence_index_neg": 4}, {"wtype": "word", "wf": "dono", "ana": [{"parts": "dono", "gloss": "", "gloss_index": "", "lex": "dono", "trans_ru": "с", "gloss_ru": "с", "gloss_index_ru": "STEM{dono}-", "gr.pos": "post"}], "off_start": 17, "off_end": 21, "next_word": 5, "sentence_index": 3, "sentence_index_neg": 3}, {"wtype": "word", "wf": "jə̑l", "ana": [{"parts": "jə̑l", "gloss": "", "gloss_index": "", "lex": "jə̑l", "trans_ru": "Волга", "gloss_ru": "Волга", "gloss_index_ru": "STEM{jə̑l}-", "gr.pos": ["n", "v"]}], "off_start": 22, "off_end": 26, "next_word": 6, "sentence_index": 4, "sentence_index_neg": 2}, {"wtype": "word", "wf": "mə̑čkə̑", "ana": [{"parts": "mə̑č-kə̑", "gloss": "", "gloss_index": "", "lex": "mə̑č", "trans_ru": "конец", "gloss_ru": "конец-ILL2", "gloss_index_ru": "STEM{mə̑č}-ILL2{kə̑}-", "gr.pos": "post"}], "off_start": 27, "off_end": 34, "next_word": 7, "sentence_index": 5, "sentence_index_neg": 1}, {"wtype": "word", "wf": "valen", "ana": [{"parts": "val-en", "gloss": "", "gloss_index": "", "lex": "val", "trans_ru": "спускаться", "gloss_ru": "спускаться-PRET", "gloss_index_ru": "STEM{val}-PRET{en}-", "gr.pos": "v"}], "off_start": 35, "off_end": 40, "next_word": 8, "sentence_index": 6, "sentence_index_neg": 0}, {"wtype": "punct", "wf": ".", "off_start": 40, "off_end": 41, "next_word": 9}], "text": "1.8. sär tə̈ sir dono jə̑l mə̑čkə̑ valen.", "para_alignment": [{"off_start": 0, "off_end": 41, "para_id": 4523}]}, {"lang": 0, "words": [{"wtype": "punct", "wf": "1.9.", "off_start": 0, "off_end": 4, "next_word": 1}, {"wtype": "word", "wf": "marə̑n", "ana": [{"parts": "marə̑-n", "gloss": "", "gloss_index": "", "lex": "marə̑", "trans_ru": "мари", "gloss_ru": "мари-GEN", "gloss_index_ru": "STEM{marə̑}-GEN{n}-", "gr.pos": "n"}], "off_start": 5, "off_end": 11, "next_word": 2, "sentence_index": 0, "sentence_index_neg": 4}, {"wtype": "word", "wf": "tə̈", "ana": [{"parts": "tə̈", "gloss": "", "gloss_index": "", "lex": "tə̈", "trans_ru": "тот", "gloss_ru": "тот", "gloss_index_ru": "STEM{tə̈}-", "gr.pos": ["pro-form", "pro"]}], "off_start": 12, "off_end": 15, "next_word": 3, "sentence_index": 1, "sentence_index_neg": 3}, {"wtype": "word", "wf": "žepə̈n", "ana": [{"parts": "žep-ə̈n", "gloss": "", "gloss_index": "", "lex": "žep", "trans_ru": "время", "gloss_ru": "время-GEN", "gloss_index_ru": "STEM{žep}-GEN{ə̈n}-", "gr.pos": "n"}], "off_start": 16, "off_end": 22, "next_word": 4, "sentence_index": 2, "sentence_index_neg": 2}, {"wtype": "word", "wf": "kugižä", "ana": [{"parts": "kugižä", "gloss": "", "gloss_index": "", "lex": "kugižä", "trans_ru": "царь", "gloss_ru": "царь", "gloss_index_ru": "STEM{kugižä}-", "gr.pos": "n"}], "off_start": 23, "off_end": 29, "next_word": 5, "sentence_index": 3, "sentence_index_neg": 1}, {"wtype": "word", "wf": "lide", "ana": [{"parts": "li-de", "gloss": "", "gloss_index": "", "lex": "li", "trans_ru": "становиться", "gloss_ru": "становиться-NEG.PRET", "gloss_index_ru": "STEM{li}-NEG.PRET{de}-", "gr.pos": "v"}], "off_start": 30, "off_end": 34, "next_word": 6, "sentence_index": 4, "sentence_index_neg": 0}, {"wtype": "punct", "wf": ".", "off_start": 34, "off_end": 35, "next_word": 7}], "text": "1.9. marə̑n tə̈ žepə̈n kugižä lide.", "para_alignment": [{"off_start": 0, "off_end": 35, "para_id": 4524}]}, {"lang": 0, "words": [{"wtype": "punct", "wf": "1.10.", "off_start": 0, "off_end": 5, "next_word": 1}, {"wtype": "word", "wf": "marə̑", "ana": [{"parts": "marə̑", "gloss": "", "gloss_index": "", "lex": "marə̑", "trans_ru": "мари", "gloss_ru": "мари", "gloss_index_ru": "STEM{marə̑}-", "gr.pos": "n"}], "off_start": 6, "off_end": 11, "next_word": 2, "sentence_index": 0, "sentence_index_neg": 5}, {"wtype": "word", "wf": "tə̈", "ana": [{"parts": "tə̈", "gloss": "", "gloss_index": "", "lex": "tə̈", "trans_ru": "тот", "gloss_ru": "тот", "gloss_index_ru": "STEM{tə̈}-", "gr.pos": ["pro-form", "pro"]}], "off_start": 12, "off_end": 15, "next_word": 3, "sentence_index": 1, "sentence_index_neg": 4}, {"wtype": "word", "wf": "žepə̈n", "ana": [{"parts": "žep-ə̈n", "gloss": "", "gloss_index": "", "lex": "žep", "trans_ru": "время", "gloss_ru": "время-GEN", "gloss_index_ru": "STEM{žep}-GEN{ə̈n}-", "gr.pos": "n"}], "off_start": 16, "off_end": 22, "next_word": 4, "sentence_index": 2, "sentence_index_neg": 3}, {"wtype": "word", "wf": "tadarvlä", "ana": [{"parts": "tadar-vlä", "gloss": "", "gloss_index": "", "lex": "tadar", "trans_ru": "татарин", "gloss_ru": "татарин-PL", "gloss_index_ru": "STEM{tadar}-PL{vlä}-", "gr.pos": "n"}], "off_start": 23, "off_end": 31, "next_word": 5, "sentence_index": 3, "sentence_index_neg": 2}, {"wtype": "word", "wf": "dono", "ana": [{"parts": "dono", "gloss": "", "gloss_index": "", "lex": "dono", "trans_ru": "с", "gloss_ru": "с", "gloss_index_ru": "STEM{dono}-", "gr.pos": "post"}], "off_start": 32, "off_end": 36, "next_word": 6, "sentence_index": 4, "sentence_index_neg": 1}, {"wtype": "word", "wf": "kredälə̈n", "ana": [{"parts": "kredäl-ə̈n", "gloss": "", "gloss_index": "", "lex": "kredäl", "trans_ru": "драться", "gloss_ru": "драться-PRET", "gloss_index_ru": "STEM{kredäl}-PRET{ə̈n}-", "gr.pos": "v"}], "off_start": 37, "off_end": 46, "next_word": 7, "sentence_index": 5, "sentence_index_neg": 0}, {"wtype": "punct", "wf": ".", "off_start": 46, "off_end": 47, "next_word": 8}], "text": "1.10. marə̑ tə̈ žepə̈n tadarvlä dono kredälə̈n.", "para_alignment": [{"off_start": 0, "off_end": 47, "para_id": 4525}]}, {"lang": 0, "words": [{"wtype": "punct", "wf": "1.11.", "off_start": 0, "off_end": 5, "next_word": 1}, {"wtype": "word", "wf": "kurə̑m", "ana": [{"parts": "kurə̑m", "gloss": "", "gloss_index": "", "lex": "kurə̑m", "trans_ru": "век", "gloss_ru": "век", "gloss_index_ru": "STEM{kurə̑m}-", "gr.pos": "n"}], "off_start": 6, "off_end": 12, "next_word": 2, "sentence_index": 0, "sentence_index_neg": 2}, {"wtype": "word", "wf": "marə̑", "ana": [{"parts": "marə̑", "gloss": "", "gloss_index": "", "lex": "marə̑", "trans_ru": "мари", "gloss_ru": "мари", "gloss_index_ru": "STEM{marə̑}-", "gr.pos": "n"}], "off_start": 13, "off_end": 18, "next_word": 3, "sentence_index": 1, "sentence_index_neg": 1}, {"wtype": "word", "wf": "kredälə̈n", "ana": [{"parts": "kredäl-ə̈n", "gloss": "", "gloss_index": "", "lex": "kredäl", "trans_ru": "драться", "gloss_ru": "драться-PRET", "gloss_index_ru": "STEM{kredäl}-PRET{ə̈n}-", "gr.pos": "v"}], "off_start": 19, "off_end": 28, "next_word": 4, "sentence_index": 2, "sentence_index_neg": 0}, {"wtype": "punct", "wf": ".", "off_start": 28, "off_end": 29, "next_word": 5}], "text": "1.11. kurə̑m marə̑ kredälə̈n.", "para_alignment": [{"off_start": 0, "off_end": 29, "para_id": 4526}]}, {"lang": 0, "words": [{"wtype": "punct", "wf": "1.12.", "off_start": 0, "off_end": 5, "next_word": 1}, {"wtype": "word", "wf": "tə̈", "ana": [{"parts": "tə̈", "gloss": "", "gloss_index": "", "lex": "tə̈", "trans_ru": "тот", "gloss_ru": "тот", "gloss_index_ru": "STEM{tə̈}-", "gr.pos": ["pro-form", "pro"]}], "off_start": 6, "off_end": 9, "next_word": 2, "sentence_index": 0, "sentence_index_neg": 7}, {"wtype": "word", "wf": "žepə̈n", "ana": [{"parts": "žep-ə̈n", "gloss": "", "gloss_index": "", "lex": "žep", "trans_ru": "время", "gloss_ru": "время-GEN", "gloss_index_ru": "STEM{žep}-GEN{ə̈n}-", "gr.pos": "n"}], "off_start": 10, "off_end": 16, "next_word": 3, "sentence_index": 1, "sentence_index_neg": 6}, {"wtype": "word", "wf": "mämnän", "ana": [{"parts": "mäm-nä-n", "gloss": "", "gloss_index": "", "lex": "mäm", "trans_ru": "мы", "gloss_ru": "мы-POSS.1PL-GEN", "gloss_index_ru": "STEM{mäm}-POSS.1PL{nä}-GEN{n}-", "gr.pos": "pro-form"}], "off_start": 17, "off_end": 23, "next_word": 4, "sentence_index": 2, "sentence_index_neg": 5}, {"wtype": "word", "wf": "marə̑", "ana": [{"parts": "marə̑", "gloss": "", "gloss_index": "", "lex": "marə̑", "trans_ru": "мари", "gloss_ru": "мари", "gloss_index_ru": "STEM{marə̑}-", "gr.pos": "n"}], "off_start": 24, "off_end": 29, "next_word": 5, "sentence_index": 3, "sentence_index_neg": 4}, {"wtype": "word", "wf": "tištə̈", "ana": [{"parts": "ti-štə̈", "gloss": "", "gloss_index": "", "lex": "ti", "trans_ru": "этот", "gloss_ru": "этот-IN", "gloss_index_ru": "STEM{ti}-IN{štə̈}-", "gr.pos": "pro-form"}], "off_start": 30, "off_end": 36, "next_word": 6, "sentence_index": 4, "sentence_index_neg": 3}, {"wtype": "word", "wf": "agə̑l", "ana": [{"parts": "agə̑l", "gloss": "", "gloss_index": "", "lex": "agə̑l", "trans_ru": "NEG", "gloss_ru": "NEG", "gloss_index_ru": "STEM{agə̑l}-", "gr.pos": "prt"}], "off_start": 37, "off_end": 42, "next_word": 7, "sentence_index": 5, "sentence_index_neg": 2}, {"wtype": "word", "wf": "ə̈lä", "ana": [{"parts": "ə̈l-ä", "gloss": "", "gloss_index": "", "lex": "ə̈l", "trans_ru": "жить", "gloss_ru": "жить-NPST.3SG", "gloss_index_ru": "STEM{ə̈l}-NPST.3SG{ä}-", "gr.pos": "v"}], "off_start": 43, "off_end": 47, "next_word": 8, "sentence_index": 6, "sentence_index_neg": 1}, {"wtype": "word", "wf": "ə̑lə̑n", "ana": [{"parts": "ə̑lə̑n", "gloss": "", "gloss_index": "", "gloss_ru": "RETR2", "gloss_index_ru": "RETR2{ə̑lə̑n}-"}], "off_start": 48, "off_end": 54, "next_word": 9, "sentence_index": 7, "sentence_index_neg": 0}, {"wtype": "punct", "wf": ".", "off_start": 54, "off_end": 55, "next_word": 10}], "text": "1.12. tə̈ žepə̈n mämnän marə̑ tištə̈ agə̑l ə̈lä ə̑lə̑n.", "para_alignment": [{"off_start": 0, "off_end": 55, "para_id": 4527}]}, {"lang": 0, "words": [{"wtype": "punct", "wf": "1.13.", "off_start": 0, "off_end": 5, "next_word": 1}, {"wtype": "word", "wf": "kud", "ana": [{"parts": "kud", "gloss": "", "gloss_index": "", "lex": "kud", "trans_ru": "шесть", "gloss_ru": "шесть", "gloss_index_ru": "STEM{kud}-", "gr.pos": "cardnum"}], "off_start": 6, "off_end": 9, "next_word": 2, "sentence_index": 0, "sentence_index_neg": 11}, {"wtype": "word", "wf": "lu", "ana": [{"parts": "lu", "gloss": "", "gloss_index": "", "lex": "lu", "trans_ru": "десять", "gloss_ru": "десять", "gloss_index_ru": "STEM{lu}-", "gr.pos": "cardnum"}], "off_start": 10, "off_end": 12, "next_word": 3, "sentence_index": 1, "sentence_index_neg": 10}, {"wtype": "word", "wf": "vätə̈", "ana": [{"parts": "vätə̈", "gloss": "", "gloss_index": "", "lex": "vätə̈", "trans_ru": "жена", "gloss_ru": "жена", "gloss_index_ru": "STEM{vätə̈}-", "gr.pos": "n"}], "off_start": 13, "off_end": 18, "next_word": 4, "sentence_index": 2, "sentence_index_neg": 9}, {"wtype": "word", "wf": "karemə̈štə̈žə̈", "ana": [{"parts": "karem-ə̈štə̈-žə̈", "gloss": "", "gloss_index": "", "lex": "karem", "trans_ru": "овраг", "gloss_ru": "овраг-IN-POSS.3SG", "gloss_index_ru": "STEM{karem}-IN{ə̈štə̈}-POSS.3SG{žə̈}-", "gr.pos": "n"}], "off_start": 19, "off_end": 33, "next_word": 5, "sentence_index": 3, "sentence_index_neg": 8}, {"wtype": "word", "wf": "kud", "ana": [{"parts": "kud", "gloss": "", "gloss_index": "", "lex": "kud", "trans_ru": "шесть", "gloss_ru": "шесть", "gloss_index_ru": "STEM{kud}-", "gr.pos": "cardnum"}], "off_start": 34, "off_end": 37, "next_word": 6, "sentence_index": 4, "sentence_index_neg": 7}, {"wtype": "word", "wf": "lu", "ana": [{"parts": "lu", "gloss": "", "gloss_index": "", "lex": "lu", "trans_ru": "десять", "gloss_ru": "десять", "gloss_index_ru": "STEM{lu}-", "gr.pos": "cardnum"}], "off_start": 38, "off_end": 40, "next_word": 7, "sentence_index": 5, "sentence_index_neg": 6}, {"wtype": "word", "wf": "vätə̈m", "ana": [{"parts": "vätə̈-m", "gloss": "", "gloss_index": "", "lex": "vätə̈", "trans_ru": "жена", "gloss_ru": "жена-ACC", "gloss_index_ru": "STEM{vätə̈}-ACC{m}-", "gr.pos": "n"}], "off_start": 41, "off_end": 47, "next_word": 8, "sentence_index": 6, "sentence_index_neg": 5}, {"wtype": "word", "wf": "puštə̑nə̑t", "ana": [{"parts": "pušt-ə̑n-ə̑t", "gloss": "", "gloss_index": "", "lex": "pušt", "trans_ru": "убивать", "gloss_ru": "убивать-PRET-3PL", "gloss_index_ru": "STEM{pušt}-PRET{ə̑n}-3PL{ə̑t}-", "gr.pos": ["v", "ordnum"]}], "off_start": 48, "off_end": 58, "next_word": 9, "sentence_index": 7, "sentence_index_neg": 4}, {"wtype": "word", "wf": "ə̑lə̑n", "ana": [{"parts": "ə̑lə̑n", "gloss": "", "gloss_index": "", "gloss_ru": "RETR2", "gloss_index_ru": "RETR2{ə̑lə̑n}-"}], "off_start": 59, "off_end": 65, "next_word": 10, "sentence_index": 8, "sentence_index_neg": 3}, {"wtype": "word", "wf": "dä", "ana": [{"parts": "dä", "gloss": "", "gloss_index": "", "lex": "dä", "trans_ru": "и", "gloss_ru": "и", "gloss_index_ru": "STEM{dä}-", "gr.pos": "coordconn"}], "off_start": 66, "off_end": 68, "next_word": 11, "sentence_index": 9, "sentence_index_neg": 2}, {"wtype": "word", "wf": "tə̈šäk", "ana": [{"parts": "tə̈-šäk", "gloss": "", "gloss_index": "", "lex": "tə̈", "trans_ru": "тот", "gloss_ru": "тот-LAT", "gloss_index_ru": "STEM{tə̈}-LAT{šäk}-", "gr.pos": "pro-form"}], "off_start": 69, "off_end": 75, "next_word": 12, "sentence_index": 10, "sentence_index_neg": 1}, {"wtype": "word", "wf": "tajenə̈t", "ana": [{"parts": "taj-en-ə̈t", "gloss": "", "gloss_index": "", "lex": "taj", "trans_ru": "прятать", "gloss_ru": "прятать-PRET-3PL", "gloss_index_ru": "STEM{taj}-PRET{en}-3PL{ə̈t}-", "gr.pos": "v"}], "off_start": 76, "off_end": 84, "next_word": 13, "sentence_index": 11, "sentence_index_neg": 0}, {"wtype": "punct", "wf": ".", "off_start": 84, "off_end": 85, "next_word": 14}], "text": "1.13. kud lu vätə̈ karemə̈štə̈žə̈ kud lu vätə̈m puštə̑nə̑t ə̑lə̑n dä tə̈šäk tajenə̈t.", "para_alignment": [{"off_start": 0, "off_end": 85, "para_id": 4528}]}, {"lang": 0, "words": [{"wtype": "punct", "wf": "1.14.", "off_start": 0, "off_end": 5, "next_word": 1}, {"wtype": "word", "wf": "ti", "ana": [{"parts": "ti", "gloss": "", "gloss_index": "", "lex": "ti", "trans_ru": "этот", "gloss_ru": "этот", "gloss_index_ru": "STEM{ti}-", "gr.pos": ["pro-form", "pro"]}], "off_start": 6, "off_end": 8, "next_word": 2, "sentence_index": 0, "sentence_index_neg": 11}, {"wtype": "word", "wf": "karem", "ana": [{"parts": "karem", "gloss": "", "gloss_index": "", "lex": "karem", "trans_ru": "овраг", "gloss_ru": "овраг", "gloss_index_ru": "STEM{karem}-", "gr.pos": "n"}], "off_start": 9, "off_end": 14, "next_word": 3, "sentence_index": 1, "sentence_index_neg": 10}, {"wtype": "word", "wf": "alatajk'ino", "ana": [{"parts": "alatajk'ino", "gloss": "", "gloss_index": "", "lex": "alatajk'ino", "trans_ru": "Алатайкино", "gloss_ru": "Алатайкино", "gloss_index_ru": "STEM{alatajk'ino}-", "gr.pos": "n"}], "off_start": 15, "off_end": 26, "next_word": 4, "sentence_index": 2, "sentence_index_neg": 9}, {"wtype": "word", "wf": "donə̑", "ana": [{"parts": "do-nə̑", "gloss": "", "gloss_index": "", "lex": "do", "trans_ru": "у", "gloss_ru": "у-IN2", "gloss_index_ru": "STEM{do}-IN2{nə̑}-", "gr.pos": "post"}], "off_start": 27, "off_end": 32, "next_word": 5, "sentence_index": 3, "sentence_index_neg": 8}, {"wtype": "word", "wf": "täkärä", "ana": [{"parts": "täkärä", "gloss": "", "gloss_index": "", "lex": "täkärä", "trans_ru": "Токари", "gloss_ru": "Токари", "gloss_index_ru": "STEM{täkärä}-", "gr.pos": "n"}], "off_start": 33, "off_end": 39, "next_word": 6, "sentence_index": 4, "sentence_index_neg": 7}, {"wtype": "word", "wf": "gə̈c", "ana": [{"parts": "gə̈c", "gloss": "", "gloss_index": "", "lex": "gə̈c", "trans_ru": "EL", "gloss_ru": "EL", "gloss_index_ru": "STEM{gə̈c}-", "gr.pos": "post"}], "off_start": 40, "off_end": 44, "next_word": 7, "sentence_index": 5, "sentence_index_neg": 6}, {"wtype": "word", "wf": "luat", "ana": [{"parts": "lu=at", "gloss": "", "gloss_index": "", "lex": "lu", "trans_ru": "десять", "gloss_ru": "десять=ADD", "gloss_index_ru": "STEM{lu}-ADD{at}-", "gr.pos": "cardnum"}], "off_start": 45, "off_end": 49, "next_word": 8, "sentence_index": 6, "sentence_index_neg": 5}, {"wtype": "word", "wf": "kok", "ana": [{"parts": "kok", "gloss": "", "gloss_index": "", "lex": "kok", "trans_ru": "два", "gloss_ru": "два", "gloss_index_ru": "STEM{kok}-", "gr.pos": "cardnum"}], "off_start": 50, "off_end": 53, "next_word": 9, "sentence_index": 7, "sentence_index_neg": 4}, {"wtype": "word", "wf": "luat", "ana": [{"parts": "lu=at", "gloss": "", "gloss_index": "", "lex": "lu", "trans_ru": "десять", "gloss_ru": "десять=ADD", "gloss_index_ru": "STEM{lu}-ADD{at}-", "gr.pos": "cardnum"}], "off_start": 54, "off_end": 58, "next_word": 10, "sentence_index": 8, "sentence_index_neg": 3}, {"wtype": "word", "wf": "və̈c", "ana": [{"parts": "və̈c", "gloss": "", "gloss_index": "", "lex": "və̈c", "trans_ru": "пять", "gloss_ru": "пять", "gloss_index_ru": "STEM{və̈c}-", "gr.pos": "cardnum"}], "off_start": 59, "off_end": 63, "next_word": 11, "sentence_index": 9, "sentence_index_neg": 2}, {"wtype": "word", "wf": "uštə̑š", "ana": [{"parts": "uštə̑š", "gloss": "", "gloss_index": "", "lex": "uštə̑š", "trans_ru": "верста", "gloss_ru": "верста", "gloss_index_ru": "STEM{uštə̑š}-", "gr.pos": "n"}], "off_start": 64, "off_end": 70, "next_word": 12, "sentence_index": 10, "sentence_index_neg": 1}, {"wtype": "word", "wf": "lieš", "ana": [{"parts": "li-eš", "gloss": "", "gloss_index": "", "lex": "li", "trans_ru": "становиться", "gloss_ru": "становиться-NPST.3SG", "gloss_index_ru": "STEM{li}-NPST.3SG{eš}-", "gr.pos": "v"}], "off_start": 71, "off_end": 75, "next_word": 13, "sentence_index": 11, "sentence_index_neg": 0}, {"wtype": "punct", "wf": ".", "off_start": 75, "off_end": 76, "next_word": 14}], "text": "1.14. ti karem alatajk'ino donə̑ täkärä gə̈c luat kok luat və̈c uštə̑š lieš.", "para_alignment": [{"off_start": 0, "off_end": 76, "para_id": 4529}]}, {"lang": 0, "words": [{"wtype": "punct", "wf": "1.15.", "off_start": 0, "off_end": 5, "next_word": 1}, {"wtype": "word", "wf": "tə̈", "ana": [{"parts": "tə̈", "gloss": "", "gloss_index": "", "lex": "tə̈", "trans_ru": "тот", "gloss_ru": "тот", "gloss_index_ru": "STEM{tə̈}-", "gr.pos": ["pro-form", "pro"]}], "off_start": 6, "off_end": 9, "next_word": 2, "sentence_index": 0, "sentence_index_neg": 4}, {"wtype": "word", "wf": "mə̑čket", "ana": [{"parts": "mə̑č-k-et", "gloss": "", "gloss_index": "", "lex": "mə̑č", "trans_ru": "конец", "gloss_ru": "конец-ILL2-POSS.2SG", "gloss_index_ru": "STEM{mə̑č}-ILL2{k}-POSS.2SG{et}-", "gr.pos": "post"}], "off_start": 10, "off_end": 17, "next_word": 3, "sentence_index": 1, "sentence_index_neg": 3}, {"wtype": "word", "wf": "sär", "ana": [{"parts": "sär", "gloss": "", "gloss_index": "", "lex": "sär", "trans_ru": "Сяр", "gloss_ru": "Сяр", "gloss_index_ru": "STEM{sär}-", "gr.pos": "n"}], "off_start": 18, "off_end": 21, "next_word": 4, "sentence_index": 2, "sentence_index_neg": 2}, {"wtype": "word", "wf": "ken", "ana": [{"parts": "ke-n", "gloss": "", "gloss_index": "", "lex": "ke", "trans_ru": "идти", "gloss_ru": "идти-PRET", "gloss_index_ru": "STEM{ke}-PRET{n}-", "gr.pos": "v"}], "off_start": 22, "off_end": 25, "next_word": 5, "sentence_index": 3, "sentence_index_neg": 1}, {"wtype": "word", "wf": "kazan'ə̑š", "ana": [{"parts": "kazan'-ə̑š", "gloss": "", "gloss_index": "", "lex": "kazan'", "trans_ru": "Казань", "gloss_ru": "Казань-ILL", "gloss_index_ru": "STEM{kazan'}-ILL{ə̑š}-", "gr.pos": "n"}], "off_start": 26, "off_end": 35, "next_word": 6, "sentence_index": 4, "sentence_index_neg": 0}, {"wtype": "punct", "wf": ".", "off_start": 35, "off_end": 36, "next_word": 7}], "text": "1.15. tə̈ mə̑čket sär ken kazan'ə̑š.", "para_alignment": [{"off_start": 0, "off_end": 36, "para_id": 4530}], "last": true}, {"lang": 1, "words": [{"off_start": 0, "wf": "Мариец", "wtype": "word", "off_end": 6, "next_word": 1, "sentence_index": 0, "sentence_index_neg": 1}, {"off_start": 7, "wf": "Сяр", "wtype": "word", "off_end": 10, "next_word": 2, "sentence_index": 1, "sentence_index_neg": 0}], "text": "Мариец Сяр", "para_alignment": [{"off_start": 0, "off_end": 10, "para_id": 4516}]}, {"lang": 1, "words": [{"off_start": 0, "wf": "Марийцы", "wtype": "word", "off_end": 7, "next_word": 1, "sentence_index": 0, "sentence_index_neg": 4}, {"off_start": 8, "wf": "участвовали", "wtype": "word", "off_end": 19, "next_word": 2, "sentence_index": 1, "sentence_index_neg": 3}, {"off_start": 20, "wf": "при", "wtype": "word", "off_end": 23, "next_word": 3, "sentence_index": 2, "sentence_index_neg": 2}, {"off_start": 24, "wf": "взятии", "wtype": "word", "off_end": 30, "next_word": 4, "sentence_index": 3, "sentence_index_neg": 1}, {"off_start": 31, "wf": "Казани", "wtype": "word", "off_end": 37, "next_word": 5, "sentence_index": 4, "sentence_index_neg": 0}, {"off_start": 37, "wf": ".", "wtype": "punct", "off_end": 38, "next_word": 6}], "text": "Марийцы участвовали при взятии Казани.", "para_alignment": [{"off_start": 0, "off_end": 38, "para_id": 4517}]}, {"lang": 1, "words": [{"off_start": 0, "wf": "Они", "wtype": "word", "off_end": 3, "next_word": 1, "sentence_index": 0, "sentence_index_neg": 5}, {"off_start": 4, "wf": "шли", "wtype": "word", "off_end": 7, "next_word": 2, "sentence_index": 1, "sentence_index_neg": 4}, {"off_start": 7, "wf": ",", "wtype": "punct", "off_end": 8, "next_word": 3, "sentence_index": 2, "sentence_index_neg": 3}, {"off_start": 9, "wf": "играя", "wtype": "word", "off_end": 14, "next_word": 4, "sentence_index": 3, "sentence_index_neg": 2}, {"off_start": 15, "wf": "на", "wtype": "word", "off_end": 17, "next_word": 5, "sentence_index": 4, "sentence_index_neg": 1}, {"off_start": 18, "wf": "гуслях", "wtype": "word", "off_end": 24, "next_word": 6, "sentence_index": 5, "sentence_index_neg": 0}, {"off_start": 24, "wf": ".", "wtype": "punct", "off_end": 25, "next_word": 7}], "text": "Они шли, играя на гуслях.", "para_alignment": [{"off_start": 0, "off_end": 25, "para_id": 4518}]}, {"lang": 1, "words": [{"off_start": 0, "wf": "Спускались", "wtype": "word", "off_end": 10, "next_word": 1, "sentence_index": 0, "sentence_index_neg": 9}, {"off_start": 11, "wf": "по", "wtype": "word", "off_end": 13, "next_word": 2, "sentence_index": 1, "sentence_index_neg": 8}, {"off_start": 14, "wf": "левому", "wtype": "word", "off_end": 20, "next_word": 3, "sentence_index": 2, "sentence_index_neg": 7}, {"off_start": 21, "wf": "берегу", "wtype": "word", "off_end": 27, "next_word": 4, "sentence_index": 3, "sentence_index_neg": 6}, {"off_start": 28, "wf": "Волги", "wtype": "word", "off_end": 33, "next_word": 5, "sentence_index": 4, "sentence_index_neg": 5}, {"off_start": 34, "wf": "от", "wtype": "word", "off_end": 36, "next_word": 6, "sentence_index": 5, "sentence_index_neg": 4}, {"off_start": 37, "wf": "современного", "wtype": "word", "off_end": 49, "next_word": 7, "sentence_index": 6, "sentence_index_neg": 3}, {"off_start": 50, "wf": "Горького", "wtype": "word", "off_end": 58, "next_word": 8, "sentence_index": 7, "sentence_index_neg": 2}, {"off_start": 59, "wf": "до", "wtype": "word", "off_end": 61, "next_word": 9, "sentence_index": 8, "sentence_index_neg": 1}, {"off_start": 62, "wf": "Казани", "wtype": "word", "off_end": 68, "next_word": 10, "sentence_index": 9, "sentence_index_neg": 0}, {"off_start": 68, "wf": ".", "wtype": "punct", "off_end": 69, "next_word": 11}], "text": "Спускались по левому берегу Волги от современного Горького до Казани.", "para_alignment": [{"off_start": 0, "off_end": 69, "para_id": 4519}]}, {"lang": 1, "words": [{"off_start": 0, "wf": "А", "wtype": "word", "off_end": 1, "next_word": 1, "sentence_index": 0, "sentence_index_neg": 11}, {"off_start": 2, "wf": "дорога", "wtype": "word", "off_end": 8, "next_word": 2, "sentence_index": 1, "sentence_index_neg": 10}, {"off_start": 9, "wf": "по", "wtype": "word", "off_end": 11, "next_word": 3, "sentence_index": 2, "sentence_index_neg": 9}, {"off_start": 12, "wf": "левому", "wtype": "word", "off_end": 18, "next_word": 4, "sentence_index": 3, "sentence_index_neg": 8}, {"off_start": 19, "wf": "берегу", "wtype": "word", "off_end": 25, "next_word": 5, "sentence_index": 4, "sentence_index_neg": 7}, {"off_start": 26, "wf": "шла", "wtype": "word", "off_end": 29, "next_word": 6, "sentence_index": 5, "sentence_index_neg": 6}, {"off_start": 30, "wf": "около", "wtype": "word", "off_end": 35, "next_word": 7, "sentence_index": 6, "sentence_index_neg": 5}, {"off_start": 36, "wf": "оврага", "wtype": "word", "off_end": 42, "next_word": 8, "sentence_index": 7, "sentence_index_neg": 4}, {"off_start": 43, "wf": "под", "wtype": "word", "off_end": 46, "next_word": 9, "sentence_index": 8, "sentence_index_neg": 3}, {"off_start": 47, "wf": "названием", "wtype": "word", "off_end": 56, "next_word": 10, "sentence_index": 9, "sentence_index_neg": 2}, {"off_start": 57, "wf": "Шестьдесят", "wtype": "word", "off_end": 67, "next_word": 11, "sentence_index": 10, "sentence_index_neg": 1}, {"off_start": 68, "wf": "женщин", "wtype": "word", "off_end": 74, "next_word": 12, "sentence_index": 11, "sentence_index_neg": 0}, {"off_start": 74, "wf": ".", "wtype": "punct", "off_end": 75, "next_word": 13}], "text": "А дорога по левому берегу шла около оврага под названием Шестьдесят женщин.", "para_alignment": [{"off_start": 0, "off_end": 75, "para_id": 4520}]}, {"lang": 1, "words": [{"off_start": 0, "wf": "Марийцами", "wtype": "word", "off_end": 9, "next_word": 1, "sentence_index": 0, "sentence_index_neg": 4}, {"off_start": 10, "wf": "тогда", "wtype": "word", "off_end": 15, "next_word": 2, "sentence_index": 1, "sentence_index_neg": 3}, {"off_start": 16, "wf": "командовал", "wtype": "word", "off_end": 26, "next_word": 3, "sentence_index": 2, "sentence_index_neg": 2}, {"off_start": 27, "wf": "один", "wtype": "word", "off_end": 31, "next_word": 4, "sentence_index": 3, "sentence_index_neg": 1}, {"off_start": 32, "wf": "предводитель", "wtype": "word", "off_end": 44, "next_word": 5, "sentence_index": 4, "sentence_index_neg": 0}, {"off_start": 44, "wf": ".", "wtype": "punct", "off_end": 45, "next_word": 6}], "text": "Марийцами тогда командовал один предводитель.", "para_alignment": [{"off_start": 0, "off_end": 45, "para_id": 4521}]}, {"lang": 1, "words": [{"off_start": 0, "wf": "Этого", "wtype": "word", "off_end": 5, "next_word": 1, "sentence_index": 0, "sentence_index_neg": 3}, {"off_start": 6, "wf": "марийца", "wtype": "word", "off_end": 13, "next_word": 2, "sentence_index": 1, "sentence_index_neg": 2}, {"off_start": 14, "wf": "звали", "wtype": "word", "off_end": 19, "next_word": 3, "sentence_index": 2, "sentence_index_neg": 1}, {"off_start": 20, "wf": "Сяр", "wtype": "word", "off_end": 23, "next_word": 4, "sentence_index": 3, "sentence_index_neg": 0}, {"off_start": 23, "wf": ".", "wtype": "punct", "off_end": 24, "next_word": 5}], "text": "Этого марийца звали Сяр.", "para_alignment": [{"off_start": 0, "off_end": 24, "para_id": 4522}]}, {"lang": 1, "words": [{"off_start": 0, "wf": "Сяр", "wtype": "word", "off_end": 3, "next_word": 1, "sentence_index": 0, "sentence_index_neg": 5}, {"off_start": 4, "wf": "двигался", "wtype": "word", "off_end": 12, "next_word": 2, "sentence_index": 1, "sentence_index_neg": 4}, {"off_start": 13, "wf": "по", "wtype": "word", "off_end": 15, "next_word": 3, "sentence_index": 2, "sentence_index_neg": 3}, {"off_start": 16, "wf": "той", "wtype": "word", "off_end": 19, "next_word": 4, "sentence_index": 3, "sentence_index_neg": 2}, {"off_start": 20, "wf": "стороне", "wtype": "word", "off_end": 27, "next_word": 5, "sentence_index": 4, "sentence_index_neg": 1}, {"off_start": 28, "wf": "Волги", "wtype": "word", "off_end": 33, "next_word": 6, "sentence_index": 5, "sentence_index_neg": 0}, {"off_start": 33, "wf": ".", "wtype": "punct", "off_end": 34, "next_word": 7}], "text": "Сяр двигался по той стороне Волги.", "para_alignment": [{"off_start": 0, "off_end": 34, "para_id": 4523}]}, {"lang": 1, "words": [{"off_start": 0, "wf": "У", "wtype": "word", "off_end": 1, "next_word": 1, "sentence_index": 0, "sentence_index_neg": 8}, {"off_start": 2, "wf": "марийцев", "wtype": "word", "off_end": 10, "next_word": 2, "sentence_index": 1, "sentence_index_neg": 7}, {"off_start": 11, "wf": "в", "wtype": "word", "off_end": 12, "next_word": 3, "sentence_index": 2, "sentence_index_neg": 6}, {"off_start": 13, "wf": "то", "wtype": "word", "off_end": 15, "next_word": 4, "sentence_index": 3, "sentence_index_neg": 5}, {"off_start": 16, "wf": "время", "wtype": "word", "off_end": 21, "next_word": 5, "sentence_index": 4, "sentence_index_neg": 4}, {"off_start": 22, "wf": "не", "wtype": "word", "off_end": 24, "next_word": 6, "sentence_index": 5, "sentence_index_neg": 3}, {"off_start": 25, "wf": "было", "wtype": "word", "off_end": 29, "next_word": 7, "sentence_index": 6, "sentence_index_neg": 2}, {"off_start": 30, "wf": "своего", "wtype": "word", "off_end": 36, "next_word": 8, "sentence_index": 7, "sentence_index_neg": 1}, {"off_start": 37, "wf": "царя", "wtype": "word", "off_end": 41, "next_word": 9, "sentence_index": 8, "sentence_index_neg": 0}, {"off_start": 41, "wf": ".", "wtype": "punct", "off_end": 42, "next_word": 10}], "text": "У марийцев в то время не было своего царя.", "para_alignment": [{"off_start": 0, "off_end": 42, "para_id": 4524}]}, {"lang": 1, "words": [{"off_start": 0, "wf": "Марийцы", "wtype": "word", "off_end": 7, "next_word": 1, "sentence_index": 0, "sentence_index_neg": 7}, {"off_start": 8, "wf": "в", "wtype": "word", "off_end": 9, "next_word": 2, "sentence_index": 1, "sentence_index_neg": 6}, {"off_start": 10, "wf": "тот", "wtype": "word", "off_end": 13, "next_word": 3, "sentence_index": 2, "sentence_index_neg": 5}, {"off_start": 14, "wf": "период", "wtype": "word", "off_end": 20, "next_word": 4, "sentence_index": 3, "sentence_index_neg": 4}, {"off_start": 21, "wf": "боролись", "wtype": "word", "off_end": 29, "next_word": 5, "sentence_index": 4, "sentence_index_neg": 3}, {"off_start": 30, "wf": "против", "wtype": "word", "off_end": 36, "next_word": 6, "sentence_index": 5, "sentence_index_neg": 2}, {"off_start": 37, "wf": "ханского", "wtype": "word", "off_end": 45, "next_word": 7, "sentence_index": 6, "sentence_index_neg": 1}, {"off_start": 46, "wf": "ига", "wtype": "word", "off_end": 49, "next_word": 8, "sentence_index": 7, "sentence_index_neg": 0}, {"off_start": 49, "wf": ".", "wtype": "punct", "off_end": 50, "next_word": 9}], "text": "Марийцы в тот период боролись против ханского ига.", "para_alignment": [{"off_start": 0, "off_end": 50, "para_id": 4525}]}, {"lang": 1, "words": [{"off_start": 0, "wf": "Веками", "wtype": "word", "off_end": 6, "next_word": 1, "sentence_index": 0, "sentence_index_neg": 2}, {"off_start": 7, "wf": "марийцы", "wtype": "word", "off_end": 14, "next_word": 2, "sentence_index": 1, "sentence_index_neg": 1}, {"off_start": 15, "wf": "воевали", "wtype": "word", "off_end": 22, "next_word": 3, "sentence_index": 2, "sentence_index_neg": 0}, {"off_start": 22, "wf": ".", "wtype": "punct", "off_end": 23, "next_word": 4}], "text": "Веками марийцы воевали.", "para_alignment": [{"off_start": 0, "off_end": 23, "para_id": 4526}]}, {"lang": 1, "words": [{"off_start": 0, "wf": "В", "wtype": "word", "off_end": 1, "next_word": 1, "sentence_index": 0, "sentence_index_neg": 6}, {"off_start": 2, "wf": "это", "wtype": "word", "off_end": 5, "next_word": 2, "sentence_index": 1, "sentence_index_neg": 5}, {"off_start": 6, "wf": "время", "wtype": "word", "off_end": 11, "next_word": 3, "sentence_index": 2, "sentence_index_neg": 4}, {"off_start": 12, "wf": "марийцы", "wtype": "word", "off_end": 19, "next_word": 4, "sentence_index": 3, "sentence_index_neg": 3}, {"off_start": 20, "wf": "жили", "wtype": "word", "off_end": 24, "next_word": 5, "sentence_index": 4, "sentence_index_neg": 2}, {"off_start": 25, "wf": "не", "wtype": "word", "off_end": 27, "next_word": 6, "sentence_index": 5, "sentence_index_neg": 1}, {"off_start": 28, "wf": "здесь", "wtype": "word", "off_end": 33, "next_word": 7, "sentence_index": 6, "sentence_index_neg": 0}, {"off_start": 33, "wf": ".", "wtype": "punct", "off_end": 34, "next_word": 8}], "text": "В это время марийцы жили не здесь.", "para_alignment": [{"off_start": 0, "off_end": 34, "para_id": 4527}]}, {"lang": 1, "words": [{"off_start": 0, "wf": "А", "wtype": "word", "off_end": 1, "next_word": 1, "sentence_index": 0, "sentence_index_neg": 14}, {"off_start": 2, "wf": "в", "wtype": "word", "off_end": 3, "next_word": 2, "sentence_index": 1, "sentence_index_neg": 13}, {"off_start": 4, "wf": "овраге", "wtype": "word", "off_end": 10, "next_word": 3, "sentence_index": 2, "sentence_index_neg": 12}, {"off_start": 11, "wf": "Шестьдесят", "wtype": "word", "off_end": 21, "next_word": 4, "sentence_index": 3, "sentence_index_neg": 11}, {"off_start": 22, "wf": "женщин", "wtype": "word", "off_end": 28, "next_word": 5, "sentence_index": 4, "sentence_index_neg": 10}, {"off_start": 29, "wf": "ханские", "wtype": "word", "off_end": 36, "next_word": 6, "sentence_index": 5, "sentence_index_neg": 9}, {"off_start": 37, "wf": "люди", "wtype": "word", "off_end": 41, "next_word": 7, "sentence_index": 6, "sentence_index_neg": 8}, {"off_start": 42, "wf": "убили", "wtype": "word", "off_end": 47, "next_word": 8, "sentence_index": 7, "sentence_index_neg": 7}, {"off_start": 48, "wf": "шестьдесят", "wtype": "word", "off_end": 58, "next_word": 9, "sentence_index": 8, "sentence_index_neg": 6}, {"off_start": 59, "wf": "женщин", "wtype": "word", "off_end": 65, "next_word": 10, "sentence_index": 9, "sentence_index_neg": 5}, {"off_start": 65, "wf": ",", "wtype": "punct", "off_end": 66, "next_word": 11, "sentence_index": 10, "sentence_index_neg": 4}, {"off_start": 67, "wf": "там", "wtype": "word", "off_end": 70, "next_word": 12, "sentence_index": 11, "sentence_index_neg": 3}, {"off_start": 71, "wf": "их", "wtype": "word", "off_end": 73, "next_word": 13, "sentence_index": 12, "sentence_index_neg": 2}, {"off_start": 74, "wf": "и", "wtype": "word", "off_end": 75, "next_word": 14, "sentence_index": 13, "sentence_index_neg": 1}, {"off_start": 76, "wf": "похоронили", "wtype": "word", "off_end": 86, "next_word": 15, "sentence_index": 14, "sentence_index_neg": 0}, {"off_start": 86, "wf": ".", "wtype": "punct", "off_end": 87, "next_word": 16}], "text": "А в овраге Шестьдесят женщин ханские люди убили шестьдесят женщин, там их и похоронили.", "para_alignment": [{"off_start": 0, "off_end": 87, "para_id": 4528}]}, {"lang": 1, "words": [{"off_start": 0, "wf": "Овраг", "wtype": "word", "off_end": 5, "next_word": 1, "sentence_index": 0, "sentence_index_neg": 12}, {"off_start": 6, "wf": "находится", "wtype": "word", "off_end": 15, "next_word": 2, "sentence_index": 1, "sentence_index_neg": 11}, {"off_start": 16, "wf": "у", "wtype": "word", "off_end": 17, "next_word": 3, "sentence_index": 2, "sentence_index_neg": 10}, {"off_start": 18, "wf": "деревни", "wtype": "word", "off_end": 25, "next_word": 4, "sentence_index": 3, "sentence_index_neg": 9}, {"off_start": 26, "wf": "Алатайкино", "wtype": "word", "off_end": 36, "next_word": 5, "sentence_index": 4, "sentence_index_neg": 8}, {"off_start": 36, "wf": ",", "wtype": "punct", "off_end": 37, "next_word": 6, "sentence_index": 5, "sentence_index_neg": 7}, {"off_start": 38, "wf": "от", "wtype": "word", "off_end": 40, "next_word": 7, "sentence_index": 6, "sentence_index_neg": 6}, {"off_start": 41, "wf": "деревни", "wtype": "word", "off_end": 48, "next_word": 8, "sentence_index": 7, "sentence_index_neg": 5}, {"off_start": 49, "wf": "Токари", "wtype": "word", "off_end": 55, "next_word": 9, "sentence_index": 8, "sentence_index_neg": 4}, {"off_start": 56, "wf": "находится", "wtype": "word", "off_end": 65, "next_word": 10, "sentence_index": 9, "sentence_index_neg": 3}, {"off_start": 66, "wf": "в", "wtype": "word", "off_end": 67, "next_word": 11, "sentence_index": 10, "sentence_index_neg": 2}, {"off_start": 68, "wf": "двенадцати-пятнадцати", "wtype": "word", "off_end": 89, "next_word": 12, "sentence_index": 11, "sentence_index_neg": 1}, {"off_start": 90, "wf": "километрах", "wtype": "word", "off_end": 100, "next_word": 13, "sentence_index": 12, "sentence_index_neg": 0}, {"off_start": 100, "wf": ".", "wtype": "punct", "off_end": 101, "next_word": 14}], "text": "Овраг находится у деревни Алатайкино, от деревни Токари находится в двенадцати-пятнадцати километрах.", "para_alignment": [{"off_start": 0, "off_end": 101, "para_id": 4529}]}, {"lang": 1, "words": [{"off_start": 0, "wf": "Как", "wtype": "word", "off_end": 3, "next_word": 1, "sentence_index": 0, "sentence_index_neg": 9}, {"off_start": 4, "wf": "раз", "wtype": "word", "off_end": 7, "next_word": 2, "sentence_index": 1, "sentence_index_neg": 8}, {"off_start": 8, "wf": "мимо", "wtype": "word", "off_end": 12, "next_word": 3, "sentence_index": 2, "sentence_index_neg": 7}, {"off_start": 13, "wf": "той", "wtype": "word", "off_end": 16, "next_word": 4, "sentence_index": 3, "sentence_index_neg": 6}, {"off_start": 17, "wf": "деревни", "wtype": "word", "off_end": 24, "next_word": 5, "sentence_index": 4, "sentence_index_neg": 5}, {"off_start": 25, "wf": "шел", "wtype": "word", "off_end": 28, "next_word": 6, "sentence_index": 5, "sentence_index_neg": 4}, {"off_start": 29, "wf": "на", "wtype": "word", "off_end": 31, "next_word": 7, "sentence_index": 6, "sentence_index_neg": 3}, {"off_start": 32, "wf": "Казань", "wtype": "word", "off_end": 38, "next_word": 8, "sentence_index": 7, "sentence_index_neg": 2}, {"off_start": 39, "wf": "мариец", "wtype": "word", "off_end": 45, "next_word": 9, "sentence_index": 8, "sentence_index_neg": 1}, {"off_start": 46, "wf": "Сяр", "wtype": "word", "off_end": 49, "next_word": 10, "sentence_index": 9, "sentence_index_neg": 0}, {"off_start": 49, "wf": ".", "wtype": "punct", "off_end": 50, "next_word": 11}], "text": "Как раз мимо той деревни шел на Казань мариец Сяр.", "para_alignment": [{"off_start": 0, "off_end": 50, "para_id": 4530}]}]}