{"meta": {"title": "Описание картинки", "filename": "corpus\\xml\\hill.xml"}, "sentences": [{"lang": 0, "words": [{"wtype": "punct", "wf": "1.1.", "off_start": 0, "off_end": 4, "next_word": 1}, {"wtype": "word", "wf": "vot", "ana": [{"parts": "vot", "gloss": "", "gloss_index": "", "lex": "vot", "trans_ru": "вот", "gloss_ru": "вот", "gloss_index_ru": "STEM{vot}-", "gr.pos": "prt"}], "off_start": 5, "off_end": 8, "next_word": 2, "sentence_index": 0, "sentence_index_neg": 7}, {"wtype": "word", "wf": "kart'inə̈štə̈", "ana": [{"parts": "kart'in-ə̈štə̈", "gloss": "", "gloss_index": "", "lex": "kart'in", "trans_ru": "картина", "gloss_ru": "картина-IN", "gloss_index_ru": "STEM{kart'in}-IN{ə̈štə̈}-", "gr.pos": "n"}], "off_start": 9, "off_end": 22, "next_word": 3, "sentence_index": 1, "sentence_index_neg": 6}, {"wtype": "word", "wf": "mä", "ana": [{"parts": "mä", "gloss": "", "gloss_index": "", "lex": "mä", "trans_ru": "мы", "gloss_ru": "мы", "gloss_index_ru": "STEM{mä}-", "gr.pos": ["pro-form", "pro"]}], "off_start": 23, "off_end": 25, "next_word": 4, "sentence_index": 2, "sentence_index_neg": 5}, {"wtype": "word", "wf": "užə̑na", "ana": [{"parts": "už-ə̑na", "gloss": "", "gloss_index": "", "lex": "už", "trans_ru": "видеть", "gloss_ru": "видеть-NPST.1PL", "gloss_index_ru": "STEM{už}-NPST.1PL{ə̑na}-", "gr.pos": "v"}], "off_start": 26, "off_end": 32, "next_word": 5, "sentence_index": 3, "sentence_index_neg": 4}, {"wtype": "word", "wf": "d'er'ev'annə̑j", "ana": [{"parts": "d'er'ev'annə̑j", "gloss": "", "gloss_index": "", "lex": "d'er'ev'annə̑j", "trans_ru": "деревянный", "gloss_ru": "деревянный", "gloss_index_ru": "STEM{d'er'ev'annə̑j}-", "gr.pos": "adj"}], "off_start": 33, "off_end": 47, "next_word": 6, "sentence_index": 4, "sentence_index_neg": 3}, {"wtype": "punct", "wf": "...", "off_start": 47, "off_end": 50, "next_word": 7, "sentence_index": 5, "sentence_index_neg": 2}, {"wtype": "word", "wf": "pu", "ana": [{"parts": "pu", "gloss": "", "gloss_index": "", "lex": "pu", "trans_ru": "дерево", "gloss_ru": "дерево", "gloss_index_ru": "STEM{pu}-", "gr.pos": "n"}], "off_start": 51, "off_end": 53, "next_word": 8, "sentence_index": 6, "sentence_index_neg": 1}, {"wtype": "word", "wf": "tomam", "ana": [{"parts": "toma-m", "gloss": "", "gloss_index": "", "lex": "toma", "trans_ru": "дом", "gloss_ru": "дом-ACC", "gloss_index_ru": "STEM{toma}-ACC{m}-", "gr.pos": "n"}], "off_start": 54, "off_end": 59, "next_word": 9, "sentence_index": 7, "sentence_index_neg": 0}, {"wtype": "punct", "wf": ".", "off_start": 59, "off_end": 60, "next_word": 10}], "text": "1.1. vot kart'inə̈štə̈ mä užə̑na d'er'ev'annə̑j... pu tomam.", "para_alignment": [{"off_start": 0, "off_end": 60, "para_id": 5844}]}, {"lang": 0, "words": [{"wtype": "punct", "wf": "1.2.", "off_start": 0, "off_end": 4, "next_word": 1}, {"wtype": "word", "wf": "pu", "ana": [{"parts": "pu", "gloss": "", "gloss_index": "", "lex": "pu", "trans_ru": "дерево", "gloss_ru": "дерево", "gloss_index_ru": "STEM{pu}-", "gr.pos": "n"}], "off_start": 5, "off_end": 7, "next_word": 2, "sentence_index": 0, "sentence_index_neg": 9}, {"wtype": "word", "wf": "toma", "ana": [{"parts": "toma", "gloss": "", "gloss_index": "", "lex": "toma", "trans_ru": "дом", "gloss_ru": "дом", "gloss_index_ru": "STEM{toma}-", "gr.pos": "n"}], "off_start": 8, "off_end": 12, "next_word": 3, "sentence_index": 1, "sentence_index_neg": 8}, {"wtype": "word", "wf": "körgə̈štə̈", "ana": [{"parts": "körgə̈-štə̈", "gloss": "", "gloss_index": "", "lex": "körgə̈", "trans_ru": "внутренность", "gloss_ru": "внутренность-IN", "gloss_index_ru": "STEM{körgə̈}-IN{štə̈}-", "gr.pos": ["post", "n"]}], "off_start": 13, "off_end": 23, "next_word": 4, "sentence_index": 2, "sentence_index_neg": 7}, {"wtype": "word", "wf": "sedə̈räškə̈", "ana": [{"parts": "sedə̈rä-škə̈", "gloss": "", "gloss_index": "", "lex": "sedə̈rä", "trans_ru": "пол", "gloss_ru": "пол-ILL", "gloss_index_ru": "STEM{sedə̈rä}-ILL{škə̈}-", "gr.pos": "n"}], "off_start": 24, "off_end": 35, "next_word": 5, "sentence_index": 3, "sentence_index_neg": 6}, {"wtype": "word", "wf": "šären", "ana": [{"parts": "šär-en", "gloss": "", "gloss_index": "", "lex": "šär", "trans_ru": "развертывать", "gloss_ru": "развертывать-CVB", "gloss_index_ru": "STEM{šär}-CVB{en}-", "gr.pos": "v"}], "off_start": 36, "off_end": 41, "next_word": 6, "sentence_index": 4, "sentence_index_neg": 5}, {"wtype": "word", "wf": "šə̈ndə̈mə̈", "ana": [{"parts": "šə̈ndə̈-mə̈", "gloss": "", "gloss_index": "", "lex": "šə̈ndə̈", "trans_ru": "сажать", "gloss_ru": "сажать-PTCP.PASS/NMLZ", "gloss_index_ru": "STEM{šə̈ndə̈}-PTCP.PASS/NMLZ{mə̈}-", "gr.pos": "v"}], "off_start": 42, "off_end": 52, "next_word": 7, "sentence_index": 5, "sentence_index_neg": 4}, {"wtype": "word", "wf": "ala", "ana": [{"parts": "ala", "gloss": "", "gloss_index": "", "lex": "ala", "trans_ru": "пестрый", "gloss_ru": "пестрый", "gloss_index_ru": "STEM{ala}-", "gr.pos": "adj"}], "off_start": 53, "off_end": 56, "next_word": 8, "sentence_index": 6, "sentence_index_neg": 3}, {"wtype": "word", "wf": "mə̈n'erə̈štə̈", "ana": [{"parts": "mə̈n'er-ə̈štə̈", "gloss": "", "gloss_index": "", "lex": "mə̈n'er", "trans_ru": "холст", "gloss_ru": "холст-IN", "gloss_index_ru": "STEM{mə̈n'er}-IN{ə̈štə̈}-", "gr.pos": "n"}], "off_start": 57, "off_end": 70, "next_word": 9, "sentence_index": 7, "sentence_index_neg": 2}, {"wtype": "word", "wf": "pi", "ana": [{"parts": "pi", "gloss": "", "gloss_index": "", "lex": "pi", "trans_ru": "собака", "gloss_ru": "собака", "gloss_index_ru": "STEM{pi}-", "gr.pos": "n"}], "off_start": 71, "off_end": 73, "next_word": 10, "sentence_index": 8, "sentence_index_neg": 1}, {"wtype": "word", "wf": "kiä", "ana": [{"parts": "ki-ä", "gloss": "", "gloss_index": "", "lex": "ki", "trans_ru": "лежать", "gloss_ru": "лежать-NPST.3SG", "gloss_index_ru": "STEM{ki}-NPST.3SG{ä}-", "gr.pos": "v"}], "off_start": 74, "off_end": 77, "next_word": 11, "sentence_index": 9, "sentence_index_neg": 0}, {"wtype": "punct", "wf": ".", "off_start": 77, "off_end": 78, "next_word": 12}], "text": "1.2. pu toma körgə̈štə̈ sedə̈räškə̈ šären šə̈ndə̈mə̈ ala mə̈n'erə̈štə̈ pi kiä.", "para_alignment": [{"off_start": 0, "off_end": 78, "para_id": 5845}]}, {"lang": 0, "words": [{"wtype": "punct", "wf": "1.3.", "off_start": 0, "off_end": 4, "next_word": 1}, {"wtype": "word", "wf": "tə̈štäken", "ana": [{"parts": "tə̈štäken", "gloss": "", "gloss_index": "", "lex": "tə̈štäken", "trans_ru": "там", "gloss_ru": "там", "gloss_index_ru": "STEM{tə̈štäken}-", "gr.pos": "pro-form"}], "off_start": 5, "off_end": 14, "next_word": 2, "sentence_index": 0, "sentence_index_neg": 6}, {"wtype": "word", "wf": "sagažok", "ana": [{"parts": "saga-ž=ok", "gloss": "", "gloss_index": "", "lex": "saga", "trans_ru": "около", "gloss_ru": "около-POSS.3SG=EMPH", "gloss_index_ru": "STEM{saga}-POSS.3SG{ž}-EMPH{ok}-", "gr.pos": "post"}], "off_start": 15, "off_end": 22, "next_word": 3, "sentence_index": 1, "sentence_index_neg": 5}, {"wtype": "word", "wf": "pi", "ana": [{"parts": "pi", "gloss": "", "gloss_index": "", "lex": "pi", "trans_ru": "собака", "gloss_ru": "собака", "gloss_index_ru": "STEM{pi}-", "gr.pos": "n"}], "off_start": 23, "off_end": 25, "next_word": 4, "sentence_index": 2, "sentence_index_neg": 4}, {"wtype": "word", "wf": "cäškä", "ana": [{"parts": "cäškä", "gloss": "", "gloss_index": "", "lex": "cäškä", "trans_ru": "чашка", "gloss_ru": "чашка", "gloss_index_ru": "STEM{cäškä}-", "gr.pos": "n"}], "off_start": 26, "off_end": 31, "next_word": 5, "sentence_index": 3, "sentence_index_neg": 3}, {"wtype": "punct", "wf": ",", "off_start": 31, "off_end": 32, "next_word": 6, "sentence_index": 4, "sentence_index_neg": 2}, {"wtype": "word", "wf": "kamaka", "ana": [{"parts": "kamaka", "gloss": "", "gloss_index": "", "lex": "kamaka", "trans_ru": "печка", "gloss_ru": "печка", "gloss_index_ru": "STEM{kamaka}-", "gr.pos": "n"}], "off_start": 33, "off_end": 39, "next_word": 7, "sentence_index": 5, "sentence_index_neg": 1}, {"wtype": "word", "wf": "šə̈nzä", "ana": [{"parts": "šə̈nz-ä", "gloss": "", "gloss_index": "", "lex": "šə̈nz", "trans_ru": "сидеть", "gloss_ru": "сидеть-NPST.3SG", "gloss_index_ru": "STEM{šə̈nz}-NPST.3SG{ä}-", "gr.pos": "v"}], "off_start": 40, "off_end": 46, "next_word": 8, "sentence_index": 6, "sentence_index_neg": 0}, {"wtype": "punct", "wf": ".", "off_start": 46, "off_end": 47, "next_word": 9}], "text": "1.3. tə̈štäken sagažok pi cäškä, kamaka šə̈nzä.", "para_alignment": [{"off_start": 0, "off_end": 47, "para_id": 5846}]}, {"lang": 0, "words": [{"wtype": "punct", "wf": "1.4.", "off_start": 0, "off_end": 4, "next_word": 1}, {"wtype": "word", "wf": "pum", "ana": [{"parts": "pu-m", "gloss": "", "gloss_index": "", "lex": "pu", "trans_ru": "дерево", "gloss_ru": "дерево-ACC", "gloss_index_ru": "STEM{pu}-ACC{m}-", "gr.pos": "n"}], "off_start": 5, "off_end": 8, "next_word": 2, "sentence_index": 0, "sentence_index_neg": 13}, {"wtype": "word", "wf": "šäžänlen", "ana": [{"parts": "šäžän-l-en", "gloss": "", "gloss_index": "", "lex": "šäžän", "trans_ru": "поленница", "gloss_ru": "поленница-DENOM-CVB", "gloss_index_ru": "STEM{šäžän}-DENOM{l}-CVB{en}-", "gr.pos": "n"}], "off_start": 9, "off_end": 17, "next_word": 3, "sentence_index": 1, "sentence_index_neg": 12}, {"wtype": "word", "wf": "šə̈ndə̈mə̈", "ana": [{"parts": "šə̈ndə̈-mə̈", "gloss": "", "gloss_index": "", "lex": "šə̈ndə̈", "trans_ru": "сажать", "gloss_ru": "сажать-PTCP.PASS/NMLZ", "gloss_index_ru": "STEM{šə̈ndə̈}-PTCP.PASS/NMLZ{mə̈}-", "gr.pos": "v"}], "off_start": 18, "off_end": 28, "next_word": 4, "sentence_index": 2, "sentence_index_neg": 11}, {"wtype": "punct", "wf": ",", "off_start": 28, "off_end": 29, "next_word": 5, "sentence_index": 3, "sentence_index_neg": 10}, {"wtype": "word", "wf": "izi", "ana": [{"parts": "izi", "gloss": "", "gloss_index": "", "lex": "izi", "trans_ru": "маленький", "gloss_ru": "маленький", "gloss_index_ru": "STEM{izi}-", "gr.pos": "adj"}], "off_start": 30, "off_end": 33, "next_word": 6, "sentence_index": 4, "sentence_index_neg": 9}, {"wtype": "word", "wf": "šäžän", "ana": [{"parts": "šäžän", "gloss": "", "gloss_index": "", "lex": "šäžän", "trans_ru": "поленница", "gloss_ru": "поленница", "gloss_index_ru": "STEM{šäžän}-", "gr.pos": "n"}], "off_start": 34, "off_end": 39, "next_word": 7, "sentence_index": 5, "sentence_index_neg": 8}, {"wtype": "punct", "wf": ",", "off_start": 39, "off_end": 40, "next_word": 8, "sentence_index": 6, "sentence_index_neg": 7}, {"wtype": "word", "wf": "a", "ana": [{"parts": "a", "gloss": "", "gloss_index": "", "lex": "a", "trans_ru": "а", "gloss_ru": "а", "gloss_index_ru": "STEM{a}-", "gr.pos": ["coordconn", "negp"]}], "off_start": 41, "off_end": 42, "next_word": 9, "sentence_index": 7, "sentence_index_neg": 6}, {"wtype": "word", "wf": "eče", "ana": [{"parts": "eče", "gloss": "", "gloss_index": "", "lex": "eče", "trans_ru": "еще", "gloss_ru": "еще", "gloss_index_ru": "STEM{eče}-", "gr.pos": "adv"}], "off_start": 43, "off_end": 46, "next_word": 10, "sentence_index": 8, "sentence_index_neg": 5}, {"wtype": "word", "wf": "kuzaš", "ana": [{"parts": "kuz-aš", "gloss": "", "gloss_index": "", "lex": "kuz", "trans_ru": "подниматься", "gloss_ru": "подниматься-INF", "gloss_index_ru": "STEM{kuz}-INF{aš}-", "gr.pos": "v"}], "off_start": 47, "off_end": 52, "next_word": 11, "sentence_index": 9, "sentence_index_neg": 4}, {"wtype": "word", "wf": "lieš", "ana": [{"parts": "li-eš", "gloss": "", "gloss_index": "", "lex": "li", "trans_ru": "становиться", "gloss_ru": "становиться-NPST.3SG", "gloss_index_ru": "STEM{li}-NPST.3SG{eš}-", "gr.pos": "v"}], "off_start": 53, "off_end": 57, "next_word": 12, "sentence_index": 10, "sentence_index_neg": 3}, {"wtype": "punct", "wf": ",", "off_start": 57, "off_end": 58, "next_word": 13, "sentence_index": 11, "sentence_index_neg": 2}, {"wtype": "word", "wf": "pört", "ana": [{"parts": "pört", "gloss": "", "gloss_index": "", "lex": "pört", "trans_ru": "дом", "gloss_ru": "дом", "gloss_index_ru": "STEM{pört}-", "gr.pos": "n"}], "off_start": 59, "off_end": 63, "next_word": 14, "sentence_index": 12, "sentence_index_neg": 1}, {"wtype": "word", "wf": "vujə̑škə̑", "ana": [{"parts": "vuj-ə̑škə̑", "gloss": "", "gloss_index": "", "lex": "vuj", "trans_ru": "голова", "gloss_ru": "голова-ILL", "gloss_index_ru": "STEM{vuj}-ILL{ə̑škə̑}-", "gr.pos": "n"}], "off_start": 64, "off_end": 73, "next_word": 15, "sentence_index": 13, "sentence_index_neg": 0}, {"wtype": "punct", "wf": ".", "off_start": 73, "off_end": 74, "next_word": 16}], "text": "1.4. pum šäžänlen šə̈ndə̈mə̈, izi šäžän, a eče kuzaš lieš, pört vujə̑škə̑.", "para_alignment": [{"off_start": 0, "off_end": 74, "para_id": 5847}]}, {"lang": 0, "words": [{"wtype": "punct", "wf": "1.5.", "off_start": 0, "off_end": 4, "next_word": 1}, {"wtype": "word", "wf": "pört", "ana": [{"parts": "pört", "gloss": "", "gloss_index": "", "lex": "pört", "trans_ru": "дом", "gloss_ru": "дом", "gloss_index_ru": "STEM{pört}-", "gr.pos": "n"}], "off_start": 5, "off_end": 9, "next_word": 2, "sentence_index": 0, "sentence_index_neg": 9}, {"wtype": "word", "wf": "vujə̑štə̑žə̑", "ana": [{"parts": "vuj-ə̑štə̑-žə̑", "gloss": "", "gloss_index": "", "lex": "vuj", "trans_ru": "голова", "gloss_ru": "голова-IN-POSS.3SG", "gloss_index_ru": "STEM{vuj}-IN{ə̑štə̑}-POSS.3SG{žə̑}-", "gr.pos": "n"}], "off_start": 10, "off_end": 22, "next_word": 3, "sentence_index": 1, "sentence_index_neg": 8}, {"wtype": "word", "wf": "taškaltə̑š", "ana": [{"parts": "taškaltə̑š", "gloss": "", "gloss_index": "", "lex": "taškaltə̑š", "trans_ru": "лестница", "gloss_ru": "лестница", "gloss_index_ru": "STEM{taškaltə̑š}-", "gr.pos": ["n", "v"]}], "off_start": 23, "off_end": 33, "next_word": 4, "sentence_index": 2, "sentence_index_neg": 7}, {"wtype": "word", "wf": "ulə̑", "ana": [{"parts": "ulə̑", "gloss": "", "gloss_index": "", "gloss_ru": "EX", "gloss_index_ru": "EX{ulə̑}-"}], "off_start": 34, "off_end": 38, "next_word": 5, "sentence_index": 3, "sentence_index_neg": 6}, {"wtype": "punct", "wf": ",", "off_start": 38, "off_end": 39, "next_word": 6, "sentence_index": 4, "sentence_index_neg": 5}, {"wtype": "word", "wf": "tə̈", "ana": [{"parts": "tə̈", "gloss": "", "gloss_index": "", "lex": "tə̈", "trans_ru": "тот", "gloss_ru": "тот", "gloss_index_ru": "STEM{tə̈}-", "gr.pos": ["pro-form", "pro"]}], "off_start": 40, "off_end": 43, "next_word": 7, "sentence_index": 5, "sentence_index_neg": 4}, {"wtype": "word", "wf": "pört", "ana": [{"parts": "pört", "gloss": "", "gloss_index": "", "lex": "pört", "trans_ru": "дом", "gloss_ru": "дом", "gloss_index_ru": "STEM{pört}-", "gr.pos": "n"}], "off_start": 44, "off_end": 48, "next_word": 8, "sentence_index": 6, "sentence_index_neg": 3}, {"wtype": "word", "wf": "vujə̑štə̑žə̑", "ana": [{"parts": "vuj-ə̑štə̑-žə̑", "gloss": "", "gloss_index": "", "lex": "vuj", "trans_ru": "голова", "gloss_ru": "голова-IN-POSS.3SG", "gloss_index_ru": "STEM{vuj}-IN{ə̑štə̑}-POSS.3SG{žə̑}-", "gr.pos": "n"}], "off_start": 49, "off_end": 61, "next_word": 9, "sentence_index": 7, "sentence_index_neg": 2}, {"wtype": "word", "wf": "amalə̑mə̑", "ana": [{"parts": "amalə̑-mə̑", "gloss": "", "gloss_index": "", "lex": "amalə̑", "trans_ru": "спать", "gloss_ru": "спать-PTCP.PASS/NMLZ", "gloss_index_ru": "STEM{amalə̑}-PTCP.PASS/NMLZ{mə̑}-", "gr.pos": "v"}], "off_start": 62, "off_end": 71, "next_word": 10, "sentence_index": 8, "sentence_index_neg": 1}, {"wtype": "word", "wf": "vär", "ana": [{"parts": "vär", "gloss": "", "gloss_index": "", "lex": "vär", "trans_ru": "место", "gloss_ru": "место", "gloss_index_ru": "STEM{vär}-", "gr.pos": "n"}], "off_start": 72, "off_end": 75, "next_word": 11, "sentence_index": 9, "sentence_index_neg": 0}, {"wtype": "punct", "wf": ".", "off_start": 75, "off_end": 76, "next_word": 12}], "text": "1.5. pört vujə̑štə̑žə̑ taškaltə̑š ulə̑, tə̈ pört vujə̑štə̑žə̑ amalə̑mə̑ vär.", "para_alignment": [{"off_start": 0, "off_end": 76, "para_id": 5848}]}, {"lang": 0, "words": [{"wtype": "punct", "wf": "1.6.", "off_start": 0, "off_end": 4, "next_word": 1}, {"wtype": "word", "wf": "srazu", "ana": [{"parts": "srazu", "gloss": "", "gloss_index": "", "lex": "srazu", "trans_ru": "сразу", "gloss_ru": "сразу", "gloss_index_ru": "STEM{srazu}-", "gr.pos": "adv"}], "off_start": 5, "off_end": 10, "next_word": 2, "sentence_index": 0, "sentence_index_neg": 3}, {"wtype": "word", "wf": "pört", "ana": [{"parts": "pört", "gloss": "", "gloss_index": "", "lex": "pört", "trans_ru": "дом", "gloss_ru": "дом", "gloss_index_ru": "STEM{pört}-", "gr.pos": "n"}], "off_start": 11, "off_end": 15, "next_word": 3, "sentence_index": 1, "sentence_index_neg": 2}, {"wtype": "word", "wf": "gə̈cə̈nok", "ana": [{"parts": "gə̈c-ə̈n=ok", "gloss": "", "gloss_index": "", "lex": "gə̈c", "trans_ru": "EL", "gloss_ru": "EL-FULL=EMPH", "gloss_index_ru": "STEM{gə̈c}-FULL{ə̈n}-EMPH{ok}-", "gr.pos": "post"}], "off_start": 16, "off_end": 25, "next_word": 4, "sentence_index": 2, "sentence_index_neg": 1}, {"wtype": "word", "wf": "kuza", "ana": [{"parts": "kuz-a", "gloss": "", "gloss_index": "", "lex": "kuz", "trans_ru": "подниматься", "gloss_ru": "подниматься-NPST.3SG", "gloss_index_ru": "STEM{kuz}-NPST.3SG{a}-", "gr.pos": "v"}], "off_start": 26, "off_end": 30, "next_word": 5, "sentence_index": 3, "sentence_index_neg": 0}, {"wtype": "punct", "wf": ".", "off_start": 30, "off_end": 31, "next_word": 6}], "text": "1.6. srazu pört gə̈cə̈nok kuza.", "para_alignment": [{"off_start": 0, "off_end": 31, "para_id": 5849}]}, {"lang": 0, "words": [{"wtype": "punct", "wf": "1.7.", "off_start": 0, "off_end": 4, "next_word": 1}, {"wtype": "word", "wf": "pervižə̈", "ana": [{"parts": "pervi-žə̈", "gloss": "", "gloss_index": "", "lex": "pervi", "trans_ru": "прежде", "gloss_ru": "прежде-POSS.3SG", "gloss_index_ru": "STEM{pervi}-POSS.3SG{žə̈}-", "gr.pos": "adv"}], "off_start": 5, "off_end": 13, "next_word": 2, "sentence_index": 0, "sentence_index_neg": 6}, {"wtype": "word", "wf": "tidə̈m", "ana": [{"parts": "tidə̈-m", "gloss": "", "gloss_index": "", "lex": "tidə̈", "trans_ru": "этот", "gloss_ru": "этот-ACC", "gloss_index_ru": "STEM{tidə̈}-ACC{m}-", "gr.pos": "pro-form"}], "off_start": 14, "off_end": 20, "next_word": 3, "sentence_index": 1, "sentence_index_neg": 5}, {"wtype": "word", "wf": "polat'a", "ana": [{"parts": "polat'a", "gloss": "", "gloss_index": "", "lex": "polat'a", "trans_ru": "полати", "gloss_ru": "полати", "gloss_index_ru": "STEM{polat'a}-", "gr.pos": "n"}], "off_start": 21, "off_end": 28, "next_word": 4, "sentence_index": 2, "sentence_index_neg": 4}, {"wtype": "word", "wf": "manə̑t", "ana": [{"parts": "man-ə̑t", "gloss": "", "gloss_index": "", "lex": "man", "trans_ru": "говорить", "gloss_ru": "говорить-NPST.3PL", "gloss_index_ru": "STEM{man}-NPST.3PL{ə̑t}-", "gr.pos": "v"}], "off_start": 29, "off_end": 35, "next_word": 5, "sentence_index": 3, "sentence_index_neg": 3}, {"wtype": "word", "wf": "ə̑lə̑n", "ana": [{"parts": "ə̑lə̑n", "gloss": "", "gloss_index": "", "gloss_ru": "RETR2", "gloss_index_ru": "RETR2{ə̑lə̑n}-", "gr.pos": "prt"}], "off_start": 36, "off_end": 42, "next_word": 6, "sentence_index": 4, "sentence_index_neg": 2}, {"wtype": "punct", "wf": ",", "off_start": 42, "off_end": 43, "next_word": 7, "sentence_index": 5, "sentence_index_neg": 1}, {"wtype": "word", "wf": "pə̑lat'aštə̑", "ana": [{"parts": "pə̑lat'a-štə̑", "gloss": "", "gloss_index": "", "lex": "pə̑lat'a", "trans_ru": "полати", "gloss_ru": "полати-IN", "gloss_index_ru": "STEM{pə̑lat'a}-IN{štə̑}-", "gr.pos": "n"}], "off_start": 44, "off_end": 56, "next_word": 8, "sentence_index": 6, "sentence_index_neg": 0}, {"wtype": "punct", "wf": ".", "off_start": 56, "off_end": 57, "next_word": 9}], "text": "1.7. pervižə̈ tidə̈m polat'a manə̑t ə̑lə̑n, pə̑lat'aštə̑.", "para_alignment": [{"off_start": 0, "off_end": 57, "para_id": 5850}]}, {"lang": 0, "words": [{"wtype": "punct", "wf": "1.8.", "off_start": 0, "off_end": 4, "next_word": 1}, {"wtype": "word", "wf": "tünə̈", "ana": [{"parts": "tü-nə̈", "gloss": "", "gloss_index": "", "lex": "tü", "trans_ru": "внешняя сторона", "gloss_ru": "внешняя.сторона-IN2", "gloss_index_ru": "STEM{tü}-IN2{nə̈}-", "gr.pos": ["n", "adv"]}], "off_start": 5, "off_end": 10, "next_word": 2, "sentence_index": 0, "sentence_index_neg": 7}, {"wtype": "word", "wf": "tel", "ana": [{"parts": "tel", "gloss": "", "gloss_index": "", "lex": "tel", "trans_ru": "зима", "gloss_ru": "зима", "gloss_index_ru": "STEM{tel}-", "gr.pos": "n"}], "off_start": 11, "off_end": 14, "next_word": 3, "sentence_index": 1, "sentence_index_neg": 6}, {"wtype": "word", "wf": "gə̈n'ät", "ana": [{"parts": "gə̈n'=ät", "gloss": "", "gloss_index": "", "lex": "gə̈n'", "trans_ru": "если", "gloss_ru": "если=ADD", "gloss_index_ru": "STEM{gə̈n'}-ADD{ät}-", "gr.pos": "subordconn"}], "off_start": 15, "off_end": 22, "next_word": 4, "sentence_index": 2, "sentence_index_neg": 5}, {"wtype": "word", "wf": "pört", "ana": [{"parts": "pört", "gloss": "", "gloss_index": "", "lex": "pört", "trans_ru": "дом", "gloss_ru": "дом", "gloss_index_ru": "STEM{pört}-", "gr.pos": "n"}], "off_start": 23, "off_end": 27, "next_word": 5, "sentence_index": 3, "sentence_index_neg": 4}, {"wtype": "word", "wf": "körgə̈štə̈", "ana": [{"parts": "körgə̈-štə̈", "gloss": "", "gloss_index": "", "lex": "körgə̈", "trans_ru": "внутренность", "gloss_ru": "внутренность-IN", "gloss_index_ru": "STEM{körgə̈}-IN{štə̈}-", "gr.pos": ["post", "n"]}], "off_start": 28, "off_end": 38, "next_word": 6, "sentence_index": 4, "sentence_index_neg": 3}, {"wtype": "word", "wf": "kamakam", "ana": [{"parts": "kamaka-m", "gloss": "", "gloss_index": "", "lex": "kamaka", "trans_ru": "печка", "gloss_ru": "печка-ACC", "gloss_index_ru": "STEM{kamaka}-ACC{m}-", "gr.pos": "n"}], "off_start": 39, "off_end": 46, "next_word": 7, "sentence_index": 5, "sentence_index_neg": 2}, {"wtype": "word", "wf": "oltə̑mat", "ana": [{"parts": "oltə̑-m=at", "gloss": "", "gloss_index": "", "lex": "oltə̑", "trans_ru": "топить", "gloss_ru": "топить-PTCP.PASS/NMLZ=ADD", "gloss_index_ru": "STEM{oltə̑}-PTCP.PASS/NMLZ{m}-ADD{at}-", "gr.pos": "v"}], "off_start": 47, "off_end": 55, "next_word": 8, "sentence_index": 6, "sentence_index_neg": 1}, {"wtype": "word", "wf": "šokšə̑", "ana": [{"parts": "šokšə̑", "gloss": "", "gloss_index": "", "lex": "šokšə̑", "trans_ru": "теплый", "gloss_ru": "теплый", "gloss_index_ru": "STEM{šokšə̑}-", "gr.pos": "adj"}], "off_start": 56, "off_end": 62, "next_word": 9, "sentence_index": 7, "sentence_index_neg": 0}, {"wtype": "punct", "wf": ".", "off_start": 62, "off_end": 63, "next_word": 10}], "text": "1.8. tünə̈ tel gə̈n'ät pört körgə̈štə̈ kamakam oltə̑mat šokšə̑.", "para_alignment": [{"off_start": 0, "off_end": 63, "para_id": 5851}]}, {"lang": 0, "words": [{"wtype": "punct", "wf": "1.9.", "off_start": 0, "off_end": 4, "next_word": 1}, {"wtype": "word", "wf": "pə̑lat'a", "ana": [{"parts": "pə̑lat'a", "gloss": "", "gloss_index": "", "lex": "pə̑lat'a", "trans_ru": "полати", "gloss_ru": "полати", "gloss_index_ru": "STEM{pə̑lat'a}-", "gr.pos": "n"}], "off_start": 5, "off_end": 13, "next_word": 2, "sentence_index": 0, "sentence_index_neg": 4}, {"wtype": "word", "wf": "və̈lnə̈", "ana": [{"parts": "və̈l-nə̈", "gloss": "", "gloss_index": "", "lex": "və̈l", "trans_ru": "верх", "gloss_ru": "верх-IN2", "gloss_index_ru": "STEM{və̈l}-IN2{nə̈}-", "gr.pos": ["post", "n"]}], "off_start": 14, "off_end": 21, "next_word": 3, "sentence_index": 1, "sentence_index_neg": 3}, {"wtype": "word", "wf": "edem", "ana": [{"parts": "edem", "gloss": "", "gloss_index": "", "lex": "edem", "trans_ru": "человек", "gloss_ru": "человек", "gloss_index_ru": "STEM{edem}-", "gr.pos": "n"}], "off_start": 22, "off_end": 26, "next_word": 4, "sentence_index": 2, "sentence_index_neg": 2}, {"wtype": "word", "wf": "amalen", "ana": [{"parts": "amal-en", "gloss": "", "gloss_index": "", "lex": "amal", "trans_ru": "спать", "gloss_ru": "спать-CVB", "gloss_index_ru": "STEM{amal}-CVB{en}-", "gr.pos": "v"}], "off_start": 27, "off_end": 33, "next_word": 5, "sentence_index": 3, "sentence_index_neg": 1}, {"wtype": "word", "wf": "kiä", "ana": [{"parts": "ki-ä", "gloss": "", "gloss_index": "", "lex": "ki", "trans_ru": "лежать", "gloss_ru": "лежать-NPST.3SG", "gloss_index_ru": "STEM{ki}-NPST.3SG{ä}-", "gr.pos": "v"}], "off_start": 34, "off_end": 37, "next_word": 6, "sentence_index": 4, "sentence_index_neg": 0}, {"wtype": "punct", "wf": ".", "off_start": 37, "off_end": 38, "next_word": 7}], "text": "1.9. pə̑lat'a və̈lnə̈ edem amalen kiä.", "para_alignment": [{"off_start": 0, "off_end": 38, "para_id": 5852}]}, {"lang": 0, "words": [{"wtype": "punct", "wf": "1.10.", "off_start": 0, "off_end": 5, "next_word": 1}, {"wtype": "word", "wf": "pižät", "ana": [{"parts": "pi-ž=ät", "gloss": "", "gloss_index": "", "lex": "pi", "trans_ru": "собака", "gloss_ru": "собака-POSS.3SG=ADD", "gloss_index_ru": "STEM{pi}-POSS.3SG{ž}-ADD{ät}-", "gr.pos": "n"}], "off_start": 6, "off_end": 11, "next_word": 2, "sentence_index": 0, "sentence_index_neg": 6}, {"wtype": "word", "wf": "sə̑rlen", "ana": [{"parts": "sə̑rl-en", "gloss": "", "gloss_index": "", "lex": "sə̑rl", "trans_ru": "отогреться", "gloss_ru": "отогреться-CVB", "gloss_index_ru": "STEM{sə̑rl}-CVB{en}-", "gr.pos": "v"}], "off_start": 12, "off_end": 19, "next_word": 3, "sentence_index": 1, "sentence_index_neg": 5}, {"wtype": "word", "wf": "vazə̑n", "ana": [{"parts": "vaz-ə̑n", "gloss": "", "gloss_index": "", "lex": "vaz", "trans_ru": "ложиться", "gloss_ru": "ложиться-CVB", "gloss_index_ru": "STEM{vaz}-CVB{ə̑n}-", "gr.pos": "v"}], "off_start": 20, "off_end": 26, "next_word": 4, "sentence_index": 2, "sentence_index_neg": 4}, {"wtype": "word", "wf": "šokšə̑", "ana": [{"parts": "šokšə̑", "gloss": "", "gloss_index": "", "lex": "šokšə̑", "trans_ru": "теплый", "gloss_ru": "теплый", "gloss_index_ru": "STEM{šokšə̑}-", "gr.pos": "adj"}], "off_start": 27, "off_end": 33, "next_word": 5, "sentence_index": 3, "sentence_index_neg": 3}, {"wtype": "word", "wf": "pörtə̈štə̈", "ana": [{"parts": "pört-ə̈štə̈", "gloss": "", "gloss_index": "", "lex": "pört", "trans_ru": "дом", "gloss_ru": "дом-IN", "gloss_index_ru": "STEM{pört}-IN{ə̈štə̈}-", "gr.pos": "n"}], "off_start": 34, "off_end": 44, "next_word": 6, "sentence_index": 4, "sentence_index_neg": 2}, {"wtype": "word", "wf": "kiälten", "ana": [{"parts": "ki-ält-en", "gloss": "", "gloss_index": "", "lex": "ki", "trans_ru": "лежать", "gloss_ru": "лежать-PUN-CVB", "gloss_index_ru": "STEM{ki}-PUN{ält}-CVB{en}-", "gr.pos": "v"}], "off_start": 45, "off_end": 52, "next_word": 7, "sentence_index": 5, "sentence_index_neg": 1}, {"wtype": "word", "wf": "kolta", "ana": [{"parts": "kolt-a", "gloss": "", "gloss_index": "", "lex": "kolt", "trans_ru": "посылать", "gloss_ru": "посылать-NPST.3SG", "gloss_index_ru": "STEM{kolt}-NPST.3SG{a}-", "gr.pos": "v"}], "off_start": 53, "off_end": 58, "next_word": 8, "sentence_index": 6, "sentence_index_neg": 0}, {"wtype": "punct", "wf": ".", "off_start": 58, "off_end": 59, "next_word": 9}], "text": "1.10. pižät sə̑rlen vazə̑n šokšə̑ pörtə̈štə̈ kiälten kolta.", "para_alignment": [{"off_start": 0, "off_end": 59, "para_id": 5853}]}, {"lang": 0, "words": [{"wtype": "punct", "wf": "1.11.", "off_start": 0, "off_end": 5, "next_word": 1}, {"wtype": "word", "wf": "kamaka", "ana": [{"parts": "kamaka", "gloss": "", "gloss_index": "", "lex": "kamaka", "trans_ru": "печка", "gloss_ru": "печка", "gloss_index_ru": "STEM{kamaka}-", "gr.pos": "n"}], "off_start": 6, "off_end": 12, "next_word": 2, "sentence_index": 0, "sentence_index_neg": 1}, {"wtype": "word", "wf": "jə̑la", "ana": [{"parts": "jə̑l-a", "gloss": "", "gloss_index": "", "lex": "jə̑l", "trans_ru": "гореть", "gloss_ru": "гореть-NPST.3SG", "gloss_index_ru": "STEM{jə̑l}-NPST.3SG{a}-", "gr.pos": "v"}], "off_start": 13, "off_end": 18, "next_word": 3, "sentence_index": 1, "sentence_index_neg": 0}, {"wtype": "punct", "wf": ".", "off_start": 18, "off_end": 19, "next_word": 4}], "text": "1.11. kamaka jə̑la.", "para_alignment": [{"off_start": 0, "off_end": 19, "para_id": 5854}], "last": true}, {"lang": 1, "words": [{"off_start": 0, "wf": "Вот", "wtype": "word", "off_end": 3, "next_word": 1, "sentence_index": 0, "sentence_index_neg": 7}, {"off_start": 3, "wf": ",", "wtype": "punct", "off_end": 4, "next_word": 2, "sentence_index": 1, "sentence_index_neg": 6}, {"off_start": 5, "wf": "на", "wtype": "word", "off_end": 7, "next_word": 3, "sentence_index": 2, "sentence_index_neg": 5}, {"off_start": 8, "wf": "картине", "wtype": "word", "off_end": 15, "next_word": 4, "sentence_index": 3, "sentence_index_neg": 4}, {"off_start": 16, "wf": "мы", "wtype": "word", "off_end": 18, "next_word": 5, "sentence_index": 4, "sentence_index_neg": 3}, {"off_start": 19, "wf": "видим", "wtype": "word", "off_end": 24, "next_word": 6, "sentence_index": 5, "sentence_index_neg": 2}, {"off_start": 25, "wf": "деревянный", "wtype": "word", "off_end": 35, "next_word": 7, "sentence_index": 6, "sentence_index_neg": 1}, {"off_start": 36, "wf": "дом", "wtype": "word", "off_end": 39, "next_word": 8, "sentence_index": 7, "sentence_index_neg": 0}, {"off_start": 39, "wf": ".", "wtype": "punct", "off_end": 40, "next_word": 9}], "text": "Вот, на картине мы видим деревянный дом.", "para_alignment": [{"off_start": 0, "off_end": 40, "para_id": 5844}]}, {"lang": 1, "words": [{"off_start": 0, "wf": "В", "wtype": "word", "off_end": 1, "next_word": 1, "sentence_index": 0, "sentence_index_neg": 10}, {"off_start": 2, "wf": "деревянном", "wtype": "word", "off_end": 12, "next_word": 2, "sentence_index": 1, "sentence_index_neg": 9}, {"off_start": 13, "wf": "доме", "wtype": "word", "off_end": 17, "next_word": 3, "sentence_index": 2, "sentence_index_neg": 8}, {"off_start": 18, "wf": "на", "wtype": "word", "off_end": 20, "next_word": 4, "sentence_index": 3, "sentence_index_neg": 7}, {"off_start": 21, "wf": "постеленном", "wtype": "word", "off_end": 32, "next_word": 5, "sentence_index": 4, "sentence_index_neg": 6}, {"off_start": 33, "wf": "полу", "wtype": "word", "off_end": 37, "next_word": 6, "sentence_index": 5, "sentence_index_neg": 5}, {"off_start": 38, "wf": "на", "wtype": "word", "off_end": 40, "next_word": 7, "sentence_index": 6, "sentence_index_neg": 4}, {"off_start": 41, "wf": "пестром", "wtype": "word", "off_end": 48, "next_word": 8, "sentence_index": 7, "sentence_index_neg": 3}, {"off_start": 49, "wf": "половике", "wtype": "word", "off_end": 57, "next_word": 9, "sentence_index": 8, "sentence_index_neg": 2}, {"off_start": 58, "wf": "лежит", "wtype": "word", "off_end": 63, "next_word": 10, "sentence_index": 9, "sentence_index_neg": 1}, {"off_start": 64, "wf": "собака", "wtype": "word", "off_end": 70, "next_word": 11, "sentence_index": 10, "sentence_index_neg": 0}, {"off_start": 70, "wf": ".", "wtype": "punct", "off_end": 71, "next_word": 12}], "text": "В деревянном доме на постеленном полу на пестром половике лежит собака.", "para_alignment": [{"off_start": 0, "off_end": 71, "para_id": 5845}]}, {"lang": 1, "words": [{"off_start": 0, "wf": "Там", "wtype": "word", "off_end": 3, "next_word": 1, "sentence_index": 0, "sentence_index_neg": 8}, {"off_start": 4, "wf": "же", "wtype": "word", "off_end": 6, "next_word": 2, "sentence_index": 1, "sentence_index_neg": 7}, {"off_start": 7, "wf": "рядом", "wtype": "word", "off_end": 12, "next_word": 3, "sentence_index": 2, "sentence_index_neg": 6}, {"off_start": 13, "wf": "стоит", "wtype": "word", "off_end": 18, "next_word": 4, "sentence_index": 3, "sentence_index_neg": 5}, {"off_start": 19, "wf": "собачья", "wtype": "word", "off_end": 26, "next_word": 5, "sentence_index": 4, "sentence_index_neg": 4}, {"off_start": 27, "wf": "миска", "wtype": "word", "off_end": 32, "next_word": 6, "sentence_index": 5, "sentence_index_neg": 3}, {"off_start": 32, "wf": ",", "wtype": "punct", "off_end": 33, "next_word": 7, "sentence_index": 6, "sentence_index_neg": 2}, {"off_start": 34, "wf": "печка", "wtype": "word", "off_end": 39, "next_word": 8, "sentence_index": 7, "sentence_index_neg": 1}, {"off_start": 40, "wf": "стоит", "wtype": "word", "off_end": 45, "next_word": 9, "sentence_index": 8, "sentence_index_neg": 0}, {"off_start": 45, "wf": ".", "wtype": "punct", "off_end": 46, "next_word": 10}], "text": "Там же рядом стоит собачья миска, печка стоит.", "para_alignment": [{"off_start": 0, "off_end": 46, "para_id": 5846}]}, {"lang": 1, "words": [{"off_start": 0, "wf": "Сложены", "wtype": "word", "off_end": 7, "next_word": 1, "sentence_index": 0, "sentence_index_neg": 11}, {"off_start": 8, "wf": "дрова", "wtype": "word", "off_end": 13, "next_word": 2, "sentence_index": 1, "sentence_index_neg": 10}, {"off_start": 13, "wf": ",", "wtype": "punct", "off_end": 14, "next_word": 3, "sentence_index": 2, "sentence_index_neg": 9}, {"off_start": 15, "wf": "маленькая", "wtype": "word", "off_end": 24, "next_word": 4, "sentence_index": 3, "sentence_index_neg": 8}, {"off_start": 25, "wf": "поленница", "wtype": "word", "off_end": 34, "next_word": 5, "sentence_index": 4, "sentence_index_neg": 7}, {"off_start": 34, "wf": ",", "wtype": "punct", "off_end": 35, "next_word": 6, "sentence_index": 5, "sentence_index_neg": 6}, {"off_start": 36, "wf": "а", "wtype": "word", "off_end": 37, "next_word": 7, "sentence_index": 6, "sentence_index_neg": 5}, {"off_start": 38, "wf": "еще", "wtype": "word", "off_end": 41, "next_word": 8, "sentence_index": 7, "sentence_index_neg": 4}, {"off_start": 42, "wf": "можно", "wtype": "word", "off_end": 47, "next_word": 9, "sentence_index": 8, "sentence_index_neg": 3}, {"off_start": 48, "wf": "подняться", "wtype": "word", "off_end": 57, "next_word": 10, "sentence_index": 9, "sentence_index_neg": 2}, {"off_start": 58, "wf": "на", "wtype": "word", "off_end": 60, "next_word": 11, "sentence_index": 10, "sentence_index_neg": 1}, {"off_start": 61, "wf": "чердак", "wtype": "word", "off_end": 67, "next_word": 12, "sentence_index": 11, "sentence_index_neg": 0}, {"off_start": 67, "wf": ".", "wtype": "punct", "off_end": 68, "next_word": 13}], "text": "Сложены дрова, маленькая поленница, а еще можно подняться на чердак.", "para_alignment": [{"off_start": 0, "off_end": 68, "para_id": 5847}]}, {"lang": 1, "words": [{"off_start": 0, "wf": "На", "wtype": "word", "off_end": 2, "next_word": 1, "sentence_index": 0, "sentence_index_neg": 9}, {"off_start": 3, "wf": "чердаке", "wtype": "word", "off_end": 10, "next_word": 2, "sentence_index": 1, "sentence_index_neg": 8}, {"off_start": 11, "wf": "есть", "wtype": "word", "off_end": 15, "next_word": 3, "sentence_index": 2, "sentence_index_neg": 7}, {"off_start": 16, "wf": "лестница", "wtype": "word", "off_end": 24, "next_word": 4, "sentence_index": 3, "sentence_index_neg": 6}, {"off_start": 24, "wf": ",", "wtype": "punct", "off_end": 25, "next_word": 5, "sentence_index": 4, "sentence_index_neg": 5}, {"off_start": 26, "wf": "на", "wtype": "word", "off_end": 28, "next_word": 6, "sentence_index": 5, "sentence_index_neg": 4}, {"off_start": 29, "wf": "том", "wtype": "word", "off_end": 32, "next_word": 7, "sentence_index": 6, "sentence_index_neg": 3}, {"off_start": 33, "wf": "чердаке", "wtype": "word", "off_end": 40, "next_word": 8, "sentence_index": 7, "sentence_index_neg": 2}, {"off_start": 41, "wf": "спальное", "wtype": "word", "off_end": 49, "next_word": 9, "sentence_index": 8, "sentence_index_neg": 1}, {"off_start": 50, "wf": "место", "wtype": "word", "off_end": 55, "next_word": 10, "sentence_index": 9, "sentence_index_neg": 0}, {"off_start": 55, "wf": ".", "wtype": "punct", "off_end": 56, "next_word": 11}], "text": "На чердаке есть лестница, на том чердаке спальное место.", "para_alignment": [{"off_start": 0, "off_end": 56, "para_id": 5848}]}, {"lang": 1, "words": [{"off_start": 0, "wf": "Сразу", "wtype": "word", "off_end": 5, "next_word": 1, "sentence_index": 0, "sentence_index_neg": 3}, {"off_start": 6, "wf": "поднимается", "wtype": "word", "off_end": 17, "next_word": 2, "sentence_index": 1, "sentence_index_neg": 2}, {"off_start": 18, "wf": "из", "wtype": "word", "off_end": 20, "next_word": 3, "sentence_index": 2, "sentence_index_neg": 1}, {"off_start": 21, "wf": "дома", "wtype": "word", "off_end": 25, "next_word": 4, "sentence_index": 3, "sentence_index_neg": 0}, {"off_start": 25, "wf": ".", "wtype": "punct", "off_end": 26, "next_word": 5}], "text": "Сразу поднимается из дома.", "para_alignment": [{"off_start": 0, "off_end": 26, "para_id": 5849}]}, {"lang": 1, "words": [{"off_start": 0, "wf": "В", "wtype": "word", "off_end": 1, "next_word": 1, "sentence_index": 0, "sentence_index_neg": 7}, {"off_start": 2, "wf": "старину", "wtype": "word", "off_end": 9, "next_word": 2, "sentence_index": 1, "sentence_index_neg": 6}, {"off_start": 10, "wf": "это", "wtype": "word", "off_end": 13, "next_word": 3, "sentence_index": 2, "sentence_index_neg": 5}, {"off_start": 14, "wf": "называли", "wtype": "word", "off_end": 22, "next_word": 4, "sentence_index": 3, "sentence_index_neg": 4}, {"off_start": 23, "wf": "полатями", "wtype": "word", "off_end": 31, "next_word": 5, "sentence_index": 4, "sentence_index_neg": 3}, {"off_start": 31, "wf": ",", "wtype": "punct", "off_end": 32, "next_word": 6, "sentence_index": 5, "sentence_index_neg": 2}, {"off_start": 33, "wf": "на", "wtype": "word", "off_end": 35, "next_word": 7, "sentence_index": 6, "sentence_index_neg": 1}, {"off_start": 36, "wf": "полатях", "wtype": "word", "off_end": 43, "next_word": 8, "sentence_index": 7, "sentence_index_neg": 0}, {"off_start": 43, "wf": ".", "wtype": "punct", "off_end": 44, "next_word": 9}], "text": "В старину это называли полатями, на полатях.", "para_alignment": [{"off_start": 0, "off_end": 44, "para_id": 5850}]}, {"lang": 1, "words": [{"off_start": 0, "wf": "Если", "wtype": "word", "off_end": 4, "next_word": 1, "sentence_index": 0, "sentence_index_neg": 10}, {"off_start": 5, "wf": "на", "wtype": "word", "off_end": 7, "next_word": 2, "sentence_index": 1, "sentence_index_neg": 9}, {"off_start": 8, "wf": "улице", "wtype": "word", "off_end": 13, "next_word": 3, "sentence_index": 2, "sentence_index_neg": 8}, {"off_start": 14, "wf": "зима", "wtype": "word", "off_end": 18, "next_word": 4, "sentence_index": 3, "sentence_index_neg": 7}, {"off_start": 18, "wf": ",", "wtype": "punct", "off_end": 19, "next_word": 5, "sentence_index": 4, "sentence_index_neg": 6}, {"off_start": 20, "wf": "в", "wtype": "word", "off_end": 21, "next_word": 6, "sentence_index": 5, "sentence_index_neg": 5}, {"off_start": 22, "wf": "доме", "wtype": "word", "off_end": 26, "next_word": 7, "sentence_index": 6, "sentence_index_neg": 4}, {"off_start": 27, "wf": "топится", "wtype": "word", "off_end": 34, "next_word": 8, "sentence_index": 7, "sentence_index_neg": 3}, {"off_start": 35, "wf": "печь", "wtype": "word", "off_end": 39, "next_word": 9, "sentence_index": 8, "sentence_index_neg": 2}, {"off_start": 39, "wf": ",", "wtype": "punct", "off_end": 40, "next_word": 10, "sentence_index": 9, "sentence_index_neg": 1}, {"off_start": 41, "wf": "тепло", "wtype": "word", "off_end": 46, "next_word": 11, "sentence_index": 10, "sentence_index_neg": 0}, {"off_start": 46, "wf": ".", "wtype": "punct", "off_end": 47, "next_word": 12}], "text": "Если на улице зима, в доме топится печь, тепло.", "para_alignment": [{"off_start": 0, "off_end": 47, "para_id": 5851}]}, {"lang": 1, "words": [{"off_start": 0, "wf": "На", "wtype": "word", "off_end": 2, "next_word": 1, "sentence_index": 0, "sentence_index_neg": 3}, {"off_start": 3, "wf": "полатях", "wtype": "word", "off_end": 10, "next_word": 2, "sentence_index": 1, "sentence_index_neg": 2}, {"off_start": 11, "wf": "спит", "wtype": "word", "off_end": 15, "next_word": 3, "sentence_index": 2, "sentence_index_neg": 1}, {"off_start": 16, "wf": "человек", "wtype": "word", "off_end": 23, "next_word": 4, "sentence_index": 3, "sentence_index_neg": 0}, {"off_start": 23, "wf": ".", "wtype": "punct", "off_end": 24, "next_word": 5}], "text": "На полатях спит человек.", "para_alignment": [{"off_start": 0, "off_end": 24, "para_id": 5852}]}, {"lang": 1, "words": [{"off_start": 0, "wf": "И", "wtype": "word", "off_end": 1, "next_word": 1, "sentence_index": 0, "sentence_index_neg": 6}, {"off_start": 2, "wf": "собака", "wtype": "word", "off_end": 8, "next_word": 2, "sentence_index": 1, "sentence_index_neg": 5}, {"off_start": 9, "wf": "пригревшаяся", "wtype": "word", "off_end": 21, "next_word": 3, "sentence_index": 2, "sentence_index_neg": 4}, {"off_start": 22, "wf": "лежит", "wtype": "word", "off_end": 27, "next_word": 4, "sentence_index": 3, "sentence_index_neg": 3}, {"off_start": 28, "wf": "в", "wtype": "word", "off_end": 29, "next_word": 5, "sentence_index": 4, "sentence_index_neg": 2}, {"off_start": 30, "wf": "теплом", "wtype": "word", "off_end": 36, "next_word": 6, "sentence_index": 5, "sentence_index_neg": 1}, {"off_start": 37, "wf": "доме", "wtype": "word", "off_end": 41, "next_word": 7, "sentence_index": 6, "sentence_index_neg": 0}, {"off_start": 41, "wf": ".", "wtype": "punct", "off_end": 42, "next_word": 8}], "text": "И собака пригревшаяся лежит в теплом доме.", "para_alignment": [{"off_start": 0, "off_end": 42, "para_id": 5853}]}, {"lang": 1, "words": [{"off_start": 0, "wf": "Печка", "wtype": "word", "off_end": 5, "next_word": 1, "sentence_index": 0, "sentence_index_neg": 1}, {"off_start": 6, "wf": "горит", "wtype": "word", "off_end": 11, "next_word": 2, "sentence_index": 1, "sentence_index_neg": 0}, {"off_start": 11, "wf": ".", "wtype": "punct", "off_end": 12, "next_word": 3}], "text": "Печка горит.", "para_alignment": [{"off_start": 0, "off_end": 12, "para_id": 5854}]}]}