{"meta": {"title": "День не в школе", "filename": "corpus\\xml\\hill.xml"}, "sentences": [{"lang": 0, "words": [{"wtype": "punct", "wf": "1.1.", "off_start": 0, "off_end": 4, "next_word": 1}, {"wtype": "word", "wf": "tidə̈", "ana": [{"parts": "tidə̈", "gloss": "", "gloss_index": "", "lex": "tidə̈", "trans_ru": "этот", "gloss_ru": "этот", "gloss_index_ru": "STEM{tidə̈}-", "gr.pos": ["pro-form", "pro"]}], "off_start": 5, "off_end": 10, "next_word": 2, "sentence_index": 0, "sentence_index_neg": 17}, {"wtype": "word", "wf": "ə̑lə̑n", "ana": [{"parts": "ə̑l-ə̑n", "gloss": "", "gloss_index": "", "lex": "ə̑l", "trans_ru": "быть", "gloss_ru": "быть-PRET", "gloss_index_ru": "STEM{ə̑l}-PRET{ə̑n}-", "gr.pos": ["v", "prt"]}], "off_start": 11, "off_end": 17, "next_word": 3, "sentence_index": 1, "sentence_index_neg": 16}, {"wtype": "punct", "wf": "примерно", "off_start": 18, "off_end": 26, "next_word": 4, "sentence_index": 2, "sentence_index_neg": 15}, {"wtype": "punct", "wf": "пятьдесят", "off_start": 27, "off_end": 36, "next_word": 5, "sentence_index": 3, "sentence_index_neg": 14}, {"wtype": "punct", "wf": "...", "off_start": 36, "off_end": 39, "next_word": 6, "sentence_index": 4, "sentence_index_neg": 13}, {"wtype": "punct", "wf": "наверное", "off_start": 40, "off_end": 48, "next_word": 7, "sentence_index": 5, "sentence_index_neg": 12}, {"wtype": "punct", "wf": "так", "off_start": 49, "off_end": 52, "next_word": 8, "sentence_index": 6, "sentence_index_neg": 11}, {"wtype": "punct", "wf": "...", "off_start": 52, "off_end": 55, "next_word": 9, "sentence_index": 7, "sentence_index_neg": 10}, {"wtype": "punct", "wf": "пятьдесят", "off_start": 56, "off_end": 65, "next_word": 10, "sentence_index": 8, "sentence_index_neg": 9}, {"wtype": "punct", "wf": "девятый", "off_start": 66, "off_end": 73, "next_word": 11, "sentence_index": 9, "sentence_index_neg": 8}, {"wtype": "punct", "wf": "или", "off_start": 74, "off_end": 77, "next_word": 12, "sentence_index": 10, "sentence_index_neg": 7}, {"wtype": "punct", "wf": "пятьдесят", "off_start": 78, "off_end": 87, "next_word": 13, "sentence_index": 11, "sentence_index_neg": 6}, {"wtype": "punct", "wf": "восьмой", "off_start": 88, "off_end": 95, "next_word": 14, "sentence_index": 12, "sentence_index_neg": 5}, {"wtype": "punct", "wf": "год", "off_start": 96, "off_end": 99, "next_word": 15, "sentence_index": 13, "sentence_index_neg": 4}, {"wtype": "word", "wf": "ə̑lə̑n", "ana": [{"parts": "ə̑l-ə̑n", "gloss": "", "gloss_index": "", "lex": "ə̑l", "trans_ru": "быть", "gloss_ru": "быть-PRET", "gloss_index_ru": "STEM{ə̑l}-PRET{ə̑n}-", "gr.pos": ["v", "prt"]}], "off_start": 100, "off_end": 106, "next_word": 16, "sentence_index": 14, "sentence_index_neg": 3}, {"wtype": "punct", "wf": "...", "off_start": 106, "off_end": 109, "next_word": 17, "sentence_index": 15, "sentence_index_neg": 2}, {"wtype": "word", "wf": "in", "ana": [{"parts": "i-n", "gloss": "", "gloss_index": "", "lex": "i", "trans_ru": "год", "gloss_ru": "год-GEN", "gloss_index_ru": "STEM{i}-GEN{n}-", "gr.pos": "n"}], "off_start": 110, "off_end": 112, "next_word": 18, "sentence_index": 16, "sentence_index_neg": 1}, {"wtype": "word", "wf": "ə̑lə̑n", "ana": [{"parts": "ə̑l-ə̑n", "gloss": "", "gloss_index": "", "lex": "ə̑l", "trans_ru": "быть", "gloss_ru": "быть-PRET", "gloss_index_ru": "STEM{ə̑l}-PRET{ə̑n}-", "gr.pos": ["v", "prt"]}], "off_start": 113, "off_end": 119, "next_word": 19, "sentence_index": 17, "sentence_index_neg": 0}, {"wtype": "punct", "wf": ".", "off_start": 119, "off_end": 120, "next_word": 20}], "text": "1.1. tidə̈ ə̑lə̑n примерно пятьдесят... наверное так... пятьдесят девятый или пятьдесят восьмой год ə̑lə̑n... in ə̑lə̑n.", "para_alignment": [{"off_start": 0, "off_end": 120, "para_id": 496}]}, {"lang": 0, "words": [{"wtype": "punct", "wf": "1.2.", "off_start": 0, "off_end": 4, "next_word": 1}, {"wtype": "word", "wf": "mä", "ana": [{"parts": "mä", "gloss": "", "gloss_index": "", "lex": "mä", "trans_ru": "мы", "gloss_ru": "мы", "gloss_index_ru": "STEM{mä}-", "gr.pos": ["pro-form", "pro"]}], "off_start": 5, "off_end": 7, "next_word": 2, "sentence_index": 0, "sentence_index_neg": 10}, {"wtype": "word", "wf": "äkäm", "ana": [{"parts": "äkä-m", "gloss": "", "gloss_index": "", "lex": "äkä", "trans_ru": "сестра [старшая]", "gloss_ru": "сестра.[старшая]-POSS.1SG", "gloss_index_ru": "STEM{äkä}-POSS.1SG{m}-", "gr.pos": "n"}], "off_start": 8, "off_end": 12, "next_word": 3, "sentence_index": 1, "sentence_index_neg": 9}, {"wtype": "word", "wf": "dono", "ana": [{"parts": "dono", "gloss": "", "gloss_index": "", "lex": "dono", "trans_ru": "с", "gloss_ru": "с", "gloss_index_ru": "STEM{dono}-", "gr.pos": "post"}], "off_start": 13, "off_end": 17, "next_word": 4, "sentence_index": 2, "sentence_index_neg": 8}, {"wtype": "punct", "wf": "...", "off_start": 17, "off_end": 20, "next_word": 5, "sentence_index": 3, "sentence_index_neg": 7}, {"wtype": "word", "wf": "ti", "ana": [{"parts": "ti", "gloss": "", "gloss_index": "", "lex": "ti", "trans_ru": "этот", "gloss_ru": "этот", "gloss_index_ru": "STEM{ti}-", "gr.pos": ["pro-form", "pro"]}], "off_start": 21, "off_end": 23, "next_word": 6, "sentence_index": 4, "sentence_index_neg": 6}, {"wtype": "word", "wf": "kečə̈n", "ana": [{"parts": "kečə̈-n", "gloss": "", "gloss_index": "", "lex": "kečə̈", "trans_ru": "солнце", "gloss_ru": "солнце-GEN", "gloss_index_ru": "STEM{kečə̈}-GEN{n}-", "gr.pos": "n"}], "off_start": 24, "off_end": 30, "next_word": 7, "sentence_index": 5, "sentence_index_neg": 5}, {"wtype": "word", "wf": "ə̑lə̑n", "ana": [{"parts": "ə̑l-ə̑n", "gloss": "", "gloss_index": "", "lex": "ə̑l", "trans_ru": "быть", "gloss_ru": "быть-PRET", "gloss_index_ru": "STEM{ə̑l}-PRET{ə̑n}-", "gr.pos": ["v", "prt"]}], "off_start": 31, "off_end": 37, "next_word": 8, "sentence_index": 6, "sentence_index_neg": 4}, {"wtype": "word", "wf": "üštə̈", "ana": [{"parts": "üštə̈", "gloss": "", "gloss_index": "", "lex": "üštə̈", "trans_ru": "холодный", "gloss_ru": "холодный", "gloss_index_ru": "STEM{üštə̈}-", "gr.pos": "adj"}], "off_start": 38, "off_end": 43, "next_word": 9, "sentence_index": 7, "sentence_index_neg": 3}, {"wtype": "punct", "wf": ",", "off_start": 43, "off_end": 44, "next_word": 10, "sentence_index": 8, "sentence_index_neg": 2}, {"wtype": "word", "wf": "kə̑mlə̑", "ana": [{"parts": "kə̑mlə̑", "gloss": "", "gloss_index": "", "lex": "kə̑mlə̑", "trans_ru": "тридцать", "gloss_ru": "тридцать", "gloss_index_ru": "STEM{kə̑mlə̑}-", "gr.pos": ["cardnum", "n"]}], "off_start": 45, "off_end": 52, "next_word": 11, "sentence_index": 9, "sentence_index_neg": 1}, {"wtype": "word", "wf": "gradus", "ana": [{"parts": "gradus", "gloss": "", "gloss_index": "", "lex": "gradus", "trans_ru": "градус", "gloss_ru": "градус", "gloss_index_ru": "STEM{gradus}-", "gr.pos": "n"}], "off_start": 53, "off_end": 59, "next_word": 12, "sentence_index": 10, "sentence_index_neg": 0}, {"wtype": "punct", "wf": ".", "off_start": 59, "off_end": 60, "next_word": 13}], "text": "1.2. mä äkäm dono... ti kečə̈n ə̑lə̑n üštə̈, kə̑mlə̑ gradus.", "para_alignment": [{"off_start": 0, "off_end": 60, "para_id": 497}]}, {"lang": 0, "words": [{"wtype": "punct", "wf": "1.3.", "off_start": 0, "off_end": 4, "next_word": 1}, {"wtype": "word", "wf": "mämnäm", "ana": [{"parts": "mäm-nä-m", "gloss": "", "gloss_index": "", "lex": "mäm", "trans_ru": "мы", "gloss_ru": "мы-POSS.1PL-ACC", "gloss_index_ru": "STEM{mäm}-POSS.1PL{nä}-ACC{m}-", "gr.pos": "pro-form"}], "off_start": 5, "off_end": 11, "next_word": 2, "sentence_index": 0, "sentence_index_neg": 8}, {"wtype": "word", "wf": "školə̑škə̑", "ana": [{"parts": "škol-ə̑škə̑", "gloss": "", "gloss_index": "", "lex": "škol", "trans_ru": "школа", "gloss_ru": "школа-ILL", "gloss_index_ru": "STEM{škol}-ILL{ə̑škə̑}-", "gr.pos": "n"}], "off_start": 12, "off_end": 22, "next_word": 3, "sentence_index": 1, "sentence_index_neg": 7}, {"wtype": "word", "wf": "rad'io", "ana": [{"parts": "rad'io", "gloss": "", "gloss_index": "", "lex": "rad'io", "trans_ru": "радио", "gloss_ru": "радио", "gloss_index_ru": "STEM{rad'io}-", "gr.pos": "n"}], "off_start": 23, "off_end": 29, "next_word": 4, "sentence_index": 2, "sentence_index_neg": 6}, {"wtype": "word", "wf": "soopš'š'ajen", "ana": [{"parts": "soopš'š'aj-en", "gloss": "", "gloss_index": "", "lex": "soopš'š'aj", "trans_ru": "сообщать", "gloss_ru": "сообщать-PRET", "gloss_index_ru": "STEM{soopš'š'aj}-PRET{en}-", "gr.pos": "v"}], "off_start": 30, "off_end": 42, "next_word": 5, "sentence_index": 3, "sentence_index_neg": 5}, {"wtype": "punct", "wf": ",", "off_start": 42, "off_end": 43, "next_word": 6, "sentence_index": 4, "sentence_index_neg": 4}, {"wtype": "word", "wf": "mälännä", "ana": [{"parts": "mä-län-nä", "gloss": "", "gloss_index": "", "lex": "mä", "trans_ru": "мы", "gloss_ru": "мы-DAT-POSS.1PL", "gloss_index_ru": "STEM{mä}-DAT{län}-POSS.1PL{nä}-", "gr.pos": "pro-form"}], "off_start": 44, "off_end": 51, "next_word": 7, "sentence_index": 5, "sentence_index_neg": 3}, {"wtype": "word", "wf": "školə̑š", "ana": [{"parts": "škol-ə̑š", "gloss": "", "gloss_index": "", "lex": "škol", "trans_ru": "школа", "gloss_ru": "школа-ILL", "gloss_index_ru": "STEM{škol}-ILL{ə̑š}-", "gr.pos": "n"}], "off_start": 52, "off_end": 59, "next_word": 8, "sentence_index": 6, "sentence_index_neg": 2}, {"wtype": "word", "wf": "keäš", "ana": [{"parts": "ke-äš", "gloss": "", "gloss_index": "", "lex": "ke", "trans_ru": "идти", "gloss_ru": "идти-INF", "gloss_index_ru": "STEM{ke}-INF{äš}-", "gr.pos": "v"}], "off_start": 60, "off_end": 64, "next_word": 9, "sentence_index": 7, "sentence_index_neg": 1}, {"wtype": "word", "wf": "agə̑l", "ana": [{"parts": "agə̑l", "gloss": "", "gloss_index": "", "lex": "agə̑l", "trans_ru": "NEG", "gloss_ru": "NEG", "gloss_index_ru": "STEM{agə̑l}-", "gr.pos": "prt"}], "off_start": 65, "off_end": 70, "next_word": 10, "sentence_index": 8, "sentence_index_neg": 0}, {"wtype": "punct", "wf": ".", "off_start": 70, "off_end": 71, "next_word": 11}], "text": "1.3. mämnäm školə̑škə̑ rad'io soopš'š'ajen, mälännä školə̑š keäš agə̑l.", "para_alignment": [{"off_start": 0, "off_end": 71, "para_id": 498}]}, {"lang": 0, "words": [{"wtype": "punct", "wf": "1.4.", "off_start": 0, "off_end": 4, "next_word": 1}, {"wtype": "word", "wf": "a", "ana": [{"parts": "a", "gloss": "", "gloss_index": "", "lex": "a", "trans_ru": "а", "gloss_ru": "а", "gloss_index_ru": "STEM{a}-", "gr.pos": ["coordconn", "negp"]}], "off_start": 5, "off_end": 6, "next_word": 2, "sentence_index": 0, "sentence_index_neg": 4}, {"wtype": "word", "wf": "tonna", "ana": [{"parts": "to-n-na", "gloss": "", "gloss_index": "", "lex": "to", "trans_ru": "дом", "gloss_ru": "дом-IN2-POSS.1PL", "gloss_index_ru": "STEM{to}-IN2{n}-POSS.1PL{na}-", "gr.pos": "n"}], "off_start": 7, "off_end": 12, "next_word": 3, "sentence_index": 1, "sentence_index_neg": 3}, {"wtype": "word", "wf": "ə̑lte", "ana": [{"parts": "ə̑l-te", "gloss": "", "gloss_index": "", "lex": "ə̑l", "trans_ru": "быть", "gloss_ru": "быть-NEG.PRET", "gloss_index_ru": "STEM{ə̑l}-NEG.PRET{te}-", "gr.pos": "v"}], "off_start": 13, "off_end": 18, "next_word": 4, "sentence_index": 2, "sentence_index_neg": 2}, {"wtype": "word", "wf": "kačkaš", "ana": [{"parts": "kačk-aš", "gloss": "", "gloss_index": "", "lex": "kačk", "trans_ru": "есть", "gloss_ru": "есть-INF", "gloss_index_ru": "STEM{kačk}-INF{aš}-", "gr.pos": "v"}], "off_start": 19, "off_end": 25, "next_word": 5, "sentence_index": 3, "sentence_index_neg": 1}, {"wtype": "word", "wf": "kində̈", "ana": [{"parts": "kində̈", "gloss": "", "gloss_index": "", "lex": "kində̈", "trans_ru": "хлеб", "gloss_ru": "хлеб", "gloss_index_ru": "STEM{kində̈}-", "gr.pos": "n"}], "off_start": 26, "off_end": 32, "next_word": 6, "sentence_index": 4, "sentence_index_neg": 0}, {"wtype": "punct", "wf": ".", "off_start": 32, "off_end": 33, "next_word": 7}], "text": "1.4. a tonna ə̑lte kačkaš kində̈.", "para_alignment": [{"off_start": 0, "off_end": 33, "para_id": 499}]}, {"lang": 0, "words": [{"wtype": "punct", "wf": "1.5.", "off_start": 0, "off_end": 4, "next_word": 1}, {"wtype": "word", "wf": "ät'äm", "ana": [{"parts": "ät'ä-m", "gloss": "", "gloss_index": "", "lex": "ät'ä", "trans_ru": "отец", "gloss_ru": "отец-POSS.1SG", "gloss_index_ru": "STEM{ät'ä}-POSS.1SG{m}-", "gr.pos": "n"}], "off_start": 5, "off_end": 10, "next_word": 2, "sentence_index": 0, "sentence_index_neg": 16}, {"wtype": "word", "wf": "don", "ana": [{"parts": "don", "gloss": "", "gloss_index": "", "lex": "don", "trans_ru": "и", "gloss_ru": "и", "gloss_index_ru": "STEM{don}-", "gr.pos": "coordconn"}], "off_start": 11, "off_end": 14, "next_word": 3, "sentence_index": 1, "sentence_index_neg": 15}, {"wtype": "word", "wf": "äväm", "ana": [{"parts": "ävä-m", "gloss": "", "gloss_index": "", "lex": "ävä", "trans_ru": "мать", "gloss_ru": "мать-POSS.1SG", "gloss_index_ru": "STEM{ävä}-POSS.1SG{m}-", "gr.pos": "n"}], "off_start": 15, "off_end": 19, "next_word": 4, "sentence_index": 2, "sentence_index_neg": 14}, {"wtype": "punct", "wf": "...", "off_start": 19, "off_end": 22, "next_word": 5, "sentence_index": 3, "sentence_index_neg": 13}, {"wtype": "word", "wf": "ät'ä", "ana": [{"parts": "ät'ä", "gloss": "", "gloss_index": "", "lex": "ät'ä", "trans_ru": "отец", "gloss_ru": "отец", "gloss_index_ru": "STEM{ät'ä}-", "gr.pos": "n"}], "off_start": 23, "off_end": 27, "next_word": 6, "sentence_index": 4, "sentence_index_neg": 12}, {"wtype": "punct", "wf": "...", "off_start": 27, "off_end": 30, "next_word": 7, "sentence_index": 5, "sentence_index_neg": 11}, {"wtype": "word", "wf": "ät'ämžə̈", "ana": [{"parts": "ät'ä-m-žə̈", "gloss": "", "gloss_index": "", "lex": "ät'ä", "trans_ru": "отец", "gloss_ru": "отец-POSS.1SG-POSS.3SG", "gloss_index_ru": "STEM{ät'ä}-POSS.1SG{m}-POSS.3SG{žə̈}-", "gr.pos": "n"}], "off_start": 31, "off_end": 39, "next_word": 8, "sentence_index": 6, "sentence_index_neg": 10}, {"wtype": "word", "wf": "päšäštə̈", "ana": [{"parts": "päšä-štə̈", "gloss": "", "gloss_index": "", "lex": "päšä", "trans_ru": "работа", "gloss_ru": "работа-IN", "gloss_index_ru": "STEM{päšä}-IN{štə̈}-", "gr.pos": "n"}], "off_start": 40, "off_end": 48, "next_word": 9, "sentence_index": 7, "sentence_index_neg": 9}, {"wtype": "word", "wf": "ə̑lə̑n", "ana": [{"parts": "ə̑l-ə̑n", "gloss": "", "gloss_index": "", "lex": "ə̑l", "trans_ru": "быть", "gloss_ru": "быть-PRET", "gloss_index_ru": "STEM{ə̑l}-PRET{ə̑n}-", "gr.pos": ["v", "prt"]}], "off_start": 49, "off_end": 55, "next_word": 10, "sentence_index": 8, "sentence_index_neg": 8}, {"wtype": "punct", "wf": ",", "off_start": 55, "off_end": 56, "next_word": 11, "sentence_index": 9, "sentence_index_neg": 7}, {"wtype": "word", "wf": "äväm", "ana": [{"parts": "ävä-m", "gloss": "", "gloss_index": "", "lex": "ävä", "trans_ru": "мать", "gloss_ru": "мать-POSS.1SG", "gloss_index_ru": "STEM{ävä}-POSS.1SG{m}-", "gr.pos": "n"}], "off_start": 57, "off_end": 61, "next_word": 12, "sentence_index": 10, "sentence_index_neg": 6}, {"wtype": "word", "wf": "mämnäm", "ana": [{"parts": "mäm-nä-m", "gloss": "", "gloss_index": "", "lex": "mäm", "trans_ru": "мы", "gloss_ru": "мы-POSS.1PL-ACC", "gloss_index_ru": "STEM{mäm}-POSS.1PL{nä}-ACC{m}-", "gr.pos": "pro-form"}], "off_start": 62, "off_end": 68, "next_word": 13, "sentence_index": 11, "sentence_index_neg": 5}, {"wtype": "word", "wf": "kolten", "ana": [{"parts": "kolt-en", "gloss": "", "gloss_index": "", "lex": "kolt", "trans_ru": "посылать", "gloss_ru": "посылать-PRET", "gloss_index_ru": "STEM{kolt}-PRET{en}-", "gr.pos": "v"}], "off_start": 69, "off_end": 75, "next_word": 14, "sentence_index": 12, "sentence_index_neg": 4}, {"wtype": "word", "wf": "äkäm", "ana": [{"parts": "äkä-m", "gloss": "", "gloss_index": "", "lex": "äkä", "trans_ru": "сестра [старшая]", "gloss_ru": "сестра.[старшая]-POSS.1SG", "gloss_index_ru": "STEM{äkä}-POSS.1SG{m}-", "gr.pos": "n"}], "off_start": 76, "off_end": 80, "next_word": 15, "sentence_index": 13, "sentence_index_neg": 3}, {"wtype": "word", "wf": "don", "ana": [{"parts": "don", "gloss": "", "gloss_index": "", "lex": "don", "trans_ru": "и", "gloss_ru": "и", "gloss_index_ru": "STEM{don}-", "gr.pos": "coordconn"}], "off_start": 81, "off_end": 84, "next_word": 16, "sentence_index": 14, "sentence_index_neg": 2}, {"wtype": "word", "wf": "kogon'nam", "off_start": 85, "off_end": 94, "next_word": 17, "sentence_index": 15, "sentence_index_neg": 1}, {"wtype": "word", "wf": "jangə̑štaš", "ana": [{"parts": "jangə̑št-aš", "gloss": "", "gloss_index": "", "lex": "jangə̑št", "trans_ru": "молоть", "gloss_ru": "молоть-INF", "gloss_index_ru": "STEM{jangə̑št}-INF{aš}-", "gr.pos": "v"}], "off_start": 95, "off_end": 105, "next_word": 18, "sentence_index": 16, "sentence_index_neg": 0}, {"wtype": "punct", "wf": ".", "off_start": 105, "off_end": 106, "next_word": 19}], "text": "1.5. ät'äm don äväm... ät'ä... ät'ämžə̈ päšäštə̈ ə̑lə̑n, äväm mämnäm kolten äkäm don kogon'nam jangə̑štaš.", "para_alignment": [{"off_start": 0, "off_end": 106, "para_id": 500}]}, {"lang": 0, "words": [{"wtype": "punct", "wf": "1.6.", "off_start": 0, "off_end": 4, "next_word": 1}, {"wtype": "word", "wf": "väkšlap", "ana": [{"parts": "väkšlap", "gloss": "", "gloss_index": "", "lex": "väkšlap", "trans_ru": "Вякшлап", "gloss_ru": "Вякшлап", "gloss_index_ru": "STEM{väkšlap}-", "gr.pos": "n"}], "off_start": 5, "off_end": 12, "next_word": 2, "sentence_index": 0, "sentence_index_neg": 4}, {"wtype": "word", "wf": "sola", "ana": [{"parts": "sola", "gloss": "", "gloss_index": "", "lex": "sola", "trans_ru": "село", "gloss_ru": "село", "gloss_index_ru": "STEM{sola}-", "gr.pos": "n"}], "off_start": 13, "off_end": 17, "next_word": 3, "sentence_index": 1, "sentence_index_neg": 3}, {"wtype": "word", "wf": "šajə̑lnə̑", "ana": [{"parts": "šajə̑l-nə̑", "gloss": "", "gloss_index": "", "lex": "šajə̑l", "trans_ru": "зад", "gloss_ru": "зад-IN2", "gloss_index_ru": "STEM{šajə̑l}-IN2{nə̑}-", "gr.pos": ["post", "n"]}], "off_start": 18, "off_end": 27, "next_word": 4, "sentence_index": 2, "sentence_index_neg": 2}, {"wtype": "word", "wf": "ə̑lə̑n", "ana": [{"parts": "ə̑l-ə̑n", "gloss": "", "gloss_index": "", "lex": "ə̑l", "trans_ru": "быть", "gloss_ru": "быть-PRET", "gloss_index_ru": "STEM{ə̑l}-PRET{ə̑n}-", "gr.pos": ["v", "prt"]}], "off_start": 28, "off_end": 34, "next_word": 5, "sentence_index": 3, "sentence_index_neg": 1}, {"wtype": "word", "wf": "väkš", "ana": [{"parts": "väkš", "gloss": "", "gloss_index": "", "lex": "väkš", "trans_ru": "мельница", "gloss_ru": "мельница", "gloss_index_ru": "STEM{väkš}-", "gr.pos": "n"}], "off_start": 35, "off_end": 39, "next_word": 6, "sentence_index": 4, "sentence_index_neg": 0}, {"wtype": "punct", "wf": ".", "off_start": 39, "off_end": 40, "next_word": 7}], "text": "1.6. väkšlap sola šajə̑lnə̑ ə̑lə̑n väkš.", "para_alignment": [{"off_start": 0, "off_end": 40, "para_id": 501}]}, {"lang": 0, "words": [{"wtype": "punct", "wf": "1.7.", "off_start": 0, "off_end": 4, "next_word": 1}, {"wtype": "word", "wf": "jangə̑štaš", "ana": [{"parts": "jangə̑št-aš", "gloss": "", "gloss_index": "", "lex": "jangə̑št", "trans_ru": "молоть", "gloss_ru": "молоть-INF", "gloss_index_ru": "STEM{jangə̑št}-INF{aš}-", "gr.pos": "v"}], "off_start": 5, "off_end": 15, "next_word": 2, "sentence_index": 0, "sentence_index_neg": 1}, {"wtype": "word", "wf": "kolten", "ana": [{"parts": "kolt-en", "gloss": "", "gloss_index": "", "lex": "kolt", "trans_ru": "посылать", "gloss_ru": "посылать-PRET", "gloss_index_ru": "STEM{kolt}-PRET{en}-", "gr.pos": "v"}], "off_start": 16, "off_end": 22, "next_word": 3, "sentence_index": 1, "sentence_index_neg": 0}, {"wtype": "punct", "wf": ".", "off_start": 22, "off_end": 23, "next_word": 4}], "text": "1.7. jangə̑štaš kolten.", "para_alignment": [{"off_start": 0, "off_end": 23, "para_id": 502}]}, {"lang": 0, "words": [{"wtype": "punct", "wf": "1.8.", "off_start": 0, "off_end": 4, "next_word": 1}, {"wtype": "word", "wf": "izi", "ana": [{"parts": "izi", "gloss": "", "gloss_index": "", "lex": "izi", "trans_ru": "маленький", "gloss_ru": "маленький", "gloss_index_ru": "STEM{izi}-", "gr.pos": "adj"}], "off_start": 5, "off_end": 8, "next_word": 2, "sentence_index": 0, "sentence_index_neg": 3}, {"wtype": "word", "wf": "kornə̑", "ana": [{"parts": "kornə̑", "gloss": "", "gloss_index": "", "lex": "kornə̑", "trans_ru": "дорога", "gloss_ru": "дорога", "gloss_index_ru": "STEM{kornə̑}-", "gr.pos": "n"}], "off_start": 9, "off_end": 15, "next_word": 3, "sentence_index": 1, "sentence_index_neg": 2}, {"wtype": "word", "wf": "vele", "ana": [{"parts": "vele", "gloss": "", "gloss_index": "", "lex": "vele", "trans_ru": "только", "gloss_ru": "только", "gloss_index_ru": "STEM{vele}-", "gr.pos": "prt"}], "off_start": 16, "off_end": 20, "next_word": 4, "sentence_index": 2, "sentence_index_neg": 1}, {"wtype": "word", "wf": "ə̑lə̑n", "ana": [{"parts": "ə̑l-ə̑n", "gloss": "", "gloss_index": "", "lex": "ə̑l", "trans_ru": "быть", "gloss_ru": "быть-PRET", "gloss_index_ru": "STEM{ə̑l}-PRET{ə̑n}-", "gr.pos": ["v", "prt"]}], "off_start": 21, "off_end": 27, "next_word": 5, "sentence_index": 3, "sentence_index_neg": 0}, {"wtype": "punct", "wf": ".", "off_start": 27, "off_end": 28, "next_word": 6}], "text": "1.8. izi kornə̑ vele ə̑lə̑n.", "para_alignment": [{"off_start": 0, "off_end": 28, "para_id": 503}]}, {"lang": 0, "words": [{"wtype": "punct", "wf": "1.9.", "off_start": 0, "off_end": 4, "next_word": 1}, {"wtype": "word", "wf": "mä", "ana": [{"parts": "mä", "gloss": "", "gloss_index": "", "lex": "mä", "trans_ru": "мы", "gloss_ru": "мы", "gloss_index_ru": "STEM{mä}-", "gr.pos": ["pro-form", "pro"]}], "off_start": 5, "off_end": 7, "next_word": 2, "sentence_index": 0, "sentence_index_neg": 10}, {"wtype": "word", "wf": "tirə̈škə̈", "ana": [{"parts": "tir-ə̈škə̈", "gloss": "", "gloss_index": "", "lex": "tir", "trans_ru": "сани", "gloss_ru": "сани-ILL", "gloss_index_ru": "STEM{tir}-ILL{ə̈škə̈}-", "gr.pos": "n"}], "off_start": 8, "off_end": 17, "next_word": 3, "sentence_index": 1, "sentence_index_neg": 9}, {"wtype": "punct", "wf": ",", "off_start": 17, "off_end": 18, "next_word": 4, "sentence_index": 2, "sentence_index_neg": 8}, {"wtype": "word", "wf": "izi", "ana": [{"parts": "izi", "gloss": "", "gloss_index": "", "lex": "izi", "trans_ru": "маленький", "gloss_ru": "маленький", "gloss_index_ru": "STEM{izi}-", "gr.pos": "adj"}], "off_start": 19, "off_end": 22, "next_word": 5, "sentence_index": 3, "sentence_index_neg": 7}, {"wtype": "word", "wf": "tirə̈škə̈", "ana": [{"parts": "tir-ə̈škə̈", "gloss": "", "gloss_index": "", "lex": "tir", "trans_ru": "сани", "gloss_ru": "сани-ILL", "gloss_index_ru": "STEM{tir}-ILL{ə̈škə̈}-", "gr.pos": "n"}], "off_start": 23, "off_end": 32, "next_word": 6, "sentence_index": 4, "sentence_index_neg": 6}, {"wtype": "word", "wf": "pištennä", "ana": [{"parts": "pišt-en-nä", "gloss": "", "gloss_index": "", "lex": "pišt", "trans_ru": "класть", "gloss_ru": "класть-PRET-1PL", "gloss_index_ru": "STEM{pišt}-PRET{en}-1PL{nä}-", "gr.pos": "v"}], "off_start": 33, "off_end": 41, "next_word": 7, "sentence_index": 5, "sentence_index_neg": 5}, {"wtype": "word", "wf": "mešäk", "ana": [{"parts": "mešäk", "gloss": "", "gloss_index": "", "lex": "mešäk", "trans_ru": "мешок", "gloss_ru": "мешок", "gloss_index_ru": "STEM{mešäk}-", "gr.pos": "n"}], "off_start": 42, "off_end": 47, "next_word": 8, "sentence_index": 6, "sentence_index_neg": 4}, {"wtype": "word", "wf": "kində̈m", "ana": [{"parts": "kində̈-m", "gloss": "", "gloss_index": "", "lex": "kində̈", "trans_ru": "хлеб", "gloss_ru": "хлеб-ACC", "gloss_index_ru": "STEM{kində̈}-ACC{m}-", "gr.pos": "n"}], "off_start": 48, "off_end": 55, "next_word": 9, "sentence_index": 7, "sentence_index_neg": 3}, {"wtype": "word", "wf": "i", "ana": [{"parts": "i", "gloss": "", "gloss_index": "", "lex": "i", "trans_ru": "и", "gloss_ru": "и", "gloss_index_ru": "STEM{i}-", "gr.pos": "coordconn"}], "off_start": 56, "off_end": 57, "next_word": 10, "sentence_index": 8, "sentence_index_neg": 2}, {"wtype": "word", "wf": "kennä", "ana": [{"parts": "ke-n-nä", "gloss": "", "gloss_index": "", "lex": "ke", "trans_ru": "идти", "gloss_ru": "идти-PRET-1PL", "gloss_index_ru": "STEM{ke}-PRET{n}-1PL{nä}-", "gr.pos": "v"}], "off_start": 58, "off_end": 63, "next_word": 11, "sentence_index": 9, "sentence_index_neg": 1}, {"wtype": "word", "wf": "jangə̑štaš", "ana": [{"parts": "jangə̑št-aš", "gloss": "", "gloss_index": "", "lex": "jangə̑št", "trans_ru": "молоть", "gloss_ru": "молоть-INF", "gloss_index_ru": "STEM{jangə̑št}-INF{aš}-", "gr.pos": "v"}], "off_start": 64, "off_end": 74, "next_word": 12, "sentence_index": 10, "sentence_index_neg": 0}, {"wtype": "punct", "wf": ".", "off_start": 74, "off_end": 75, "next_word": 13}], "text": "1.9. mä tirə̈škə̈, izi tirə̈škə̈ pištennä mešäk kində̈m i kennä jangə̑štaš.", "para_alignment": [{"off_start": 0, "off_end": 75, "para_id": 504}]}, {"lang": 0, "words": [{"wtype": "punct", "wf": "1.10.", "off_start": 0, "off_end": 5, "next_word": 1}, {"wtype": "word", "wf": "sola", "ana": [{"parts": "sola", "gloss": "", "gloss_index": "", "lex": "sola", "trans_ru": "село", "gloss_ru": "село", "gloss_index_ru": "STEM{sola}-", "gr.pos": "n"}], "off_start": 6, "off_end": 10, "next_word": 2, "sentence_index": 0, "sentence_index_neg": 3}, {"wtype": "word", "wf": "mə̑čkə̑žə̑", "ana": [{"parts": "mə̑č-kə̑-žə̑", "gloss": "", "gloss_index": "", "lex": "mə̑č", "trans_ru": "конец", "gloss_ru": "конец-ILL2-POSS.3SG", "gloss_index_ru": "STEM{mə̑č}-ILL2{kə̑}-POSS.3SG{žə̑}-", "gr.pos": "post"}], "off_start": 11, "off_end": 21, "next_word": 3, "sentence_index": 1, "sentence_index_neg": 2}, {"wtype": "word", "wf": "šə̑pšə̑nna", "ana": [{"parts": "šə̑pš-ə̑n-na", "gloss": "", "gloss_index": "", "lex": "šə̑pš", "trans_ru": "тянуть", "gloss_ru": "тянуть-PRET-1PL", "gloss_index_ru": "STEM{šə̑pš}-PRET{ə̑n}-1PL{na}-", "gr.pos": "v"}], "off_start": 22, "off_end": 32, "next_word": 4, "sentence_index": 2, "sentence_index_neg": 1}, {"wtype": "word", "wf": "koktə̑n", "ana": [{"parts": "kok-tə̑-n", "gloss": "", "gloss_index": "", "lex": "kok", "trans_ru": "два", "gloss_ru": "два-FULL-ADV", "gloss_index_ru": "STEM{kok}-FULL{tə̑}-ADV{n}-", "gr.pos": "cardnum"}], "off_start": 33, "off_end": 40, "next_word": 5, "sentence_index": 3, "sentence_index_neg": 0}, {"wtype": "punct", "wf": ".", "off_start": 40, "off_end": 41, "next_word": 6}], "text": "1.10. sola mə̑čkə̑žə̑ šə̑pšə̑nna koktə̑n.", "para_alignment": [{"off_start": 0, "off_end": 41, "para_id": 505}]}, {"lang": 0, "words": [{"wtype": "punct", "wf": "1.11.", "off_start": 0, "off_end": 5, "next_word": 1}, {"wtype": "word", "wf": "vara", "ana": [{"parts": "vara", "gloss": "", "gloss_index": "", "lex": "vara", "trans_ru": "потом", "gloss_ru": "потом", "gloss_index_ru": "STEM{vara}-", "gr.pos": "adv"}], "off_start": 6, "off_end": 10, "next_word": 2, "sentence_index": 0, "sentence_index_neg": 5}, {"wtype": "word", "wf": "sola", "ana": [{"parts": "sola", "gloss": "", "gloss_index": "", "lex": "sola", "trans_ru": "село", "gloss_ru": "село", "gloss_index_ru": "STEM{sola}-", "gr.pos": "n"}], "off_start": 11, "off_end": 15, "next_word": 3, "sentence_index": 1, "sentence_index_neg": 4}, {"wtype": "word", "wf": "gə̈cə̈n", "ana": [{"parts": "gə̈c-ə̈n", "gloss": "", "gloss_index": "", "lex": "gə̈c", "trans_ru": "EL", "gloss_ru": "EL-FULL", "gloss_index_ru": "STEM{gə̈c}-FULL{ə̈n}-", "gr.pos": "post"}], "off_start": 16, "off_end": 23, "next_word": 4, "sentence_index": 2, "sentence_index_neg": 3}, {"wtype": "word", "wf": "läkmə̈kə̈", "ana": [{"parts": "läk-mə̈kə̈", "gloss": "", "gloss_index": "", "lex": "läk", "trans_ru": "выходить", "gloss_ru": "выходить-CVB.ANT", "gloss_index_ru": "STEM{läk}-CVB.ANT{mə̈kə̈}-", "gr.pos": "v"}], "off_start": 24, "off_end": 33, "next_word": 5, "sentence_index": 3, "sentence_index_neg": 2}, {"wtype": "word", "wf": "karem", "ana": [{"parts": "karem", "gloss": "", "gloss_index": "", "lex": "karem", "trans_ru": "овраг", "gloss_ru": "овраг", "gloss_index_ru": "STEM{karem}-", "gr.pos": "n"}], "off_start": 34, "off_end": 39, "next_word": 6, "sentence_index": 4, "sentence_index_neg": 1}, {"wtype": "word", "wf": "ulə̑", "ana": [{"parts": "ulə̑", "gloss": "", "gloss_index": "", "gloss_ru": "EX", "gloss_index_ru": "EX{ulə̑}-"}], "off_start": 40, "off_end": 44, "next_word": 7, "sentence_index": 5, "sentence_index_neg": 0}, {"wtype": "punct", "wf": ".", "off_start": 44, "off_end": 45, "next_word": 8}], "text": "1.11. vara sola gə̈cə̈n läkmə̈kə̈ karem ulə̑.", "para_alignment": [{"off_start": 0, "off_end": 45, "para_id": 506}]}, {"lang": 0, "words": [{"wtype": "punct", "wf": "1.12.", "off_start": 0, "off_end": 5, "next_word": 1}, {"wtype": "word", "wf": "karem", "ana": [{"parts": "karem", "gloss": "", "gloss_index": "", "lex": "karem", "trans_ru": "овраг", "gloss_ru": "овраг", "gloss_index_ru": "STEM{karem}-", "gr.pos": "n"}], "off_start": 6, "off_end": 11, "next_word": 2, "sentence_index": 0, "sentence_index_neg": 5}, {"wtype": "word", "wf": "tə̈r", "ana": [{"parts": "tə̈r", "gloss": "", "gloss_index": "", "lex": "tə̈r", "trans_ru": "край", "gloss_ru": "край", "gloss_index_ru": "STEM{tə̈r}-", "gr.pos": "n"}], "off_start": 12, "off_end": 16, "next_word": 3, "sentence_index": 1, "sentence_index_neg": 4}, {"wtype": "word", "wf": "mə̑čkə̑", "ana": [{"parts": "mə̑č-kə̑", "gloss": "", "gloss_index": "", "lex": "mə̑č", "trans_ru": "конец", "gloss_ru": "конец-ILL2", "gloss_index_ru": "STEM{mə̑č}-ILL2{kə̑}-", "gr.pos": "post"}], "off_start": 17, "off_end": 24, "next_word": 4, "sentence_index": 2, "sentence_index_neg": 3}, {"wtype": "word", "wf": "kemə̈lä", "ana": [{"parts": "ke-mə̈lä", "gloss": "", "gloss_index": "", "lex": "ke", "trans_ru": "идти", "gloss_ru": "идти-DEB", "gloss_index_ru": "STEM{ke}-DEB{mə̈lä}-", "gr.pos": "v"}], "off_start": 25, "off_end": 32, "next_word": 5, "sentence_index": 3, "sentence_index_neg": 2}, {"wtype": "word", "wf": "väkš", "ana": [{"parts": "väkš", "gloss": "", "gloss_index": "", "lex": "väkš", "trans_ru": "мельница", "gloss_ru": "мельница", "gloss_index_ru": "STEM{väkš}-", "gr.pos": "n"}], "off_start": 33, "off_end": 37, "next_word": 6, "sentence_index": 4, "sentence_index_neg": 1}, {"wtype": "word", "wf": "dokə̑žə̑", "ana": [{"parts": "do-kə̑-žə̑", "gloss": "", "gloss_index": "", "lex": "do", "trans_ru": "у", "gloss_ru": "у-ILL2-POSS.3SG", "gloss_index_ru": "STEM{do}-ILL2{kə̑}-POSS.3SG{žə̑}-", "gr.pos": "post"}], "off_start": 38, "off_end": 46, "next_word": 7, "sentence_index": 5, "sentence_index_neg": 0}, {"wtype": "punct", "wf": ".", "off_start": 46, "off_end": 47, "next_word": 8}], "text": "1.12. karem tə̈r mə̑čkə̑ kemə̈lä väkš dokə̑žə̑.", "para_alignment": [{"off_start": 0, "off_end": 47, "para_id": 507}]}, {"lang": 0, "words": [{"wtype": "punct", "wf": "1.13.", "off_start": 0, "off_end": 5, "next_word": 1}, {"wtype": "word", "wf": "mä", "ana": [{"parts": "mä", "gloss": "", "gloss_index": "", "lex": "mä", "trans_ru": "мы", "gloss_ru": "мы", "gloss_index_ru": "STEM{mä}-", "gr.pos": ["pro-form", "pro"]}], "off_start": 6, "off_end": 8, "next_word": 2, "sentence_index": 0, "sentence_index_neg": 11}, {"wtype": "word", "wf": "koktə̑nat", "ana": [{"parts": "kok-tə̑-n=at", "gloss": "", "gloss_index": "", "lex": "kok", "trans_ru": "два", "gloss_ru": "два-FULL-ADV=ADD", "gloss_index_ru": "STEM{kok}-FULL{tə̑}-ADV{n}-ADD{at}-", "gr.pos": "cardnum"}], "off_start": 9, "off_end": 18, "next_word": 3, "sentence_index": 1, "sentence_index_neg": 10}, {"wtype": "word", "wf": "äkäm", "ana": [{"parts": "äkä-m", "gloss": "", "gloss_index": "", "lex": "äkä", "trans_ru": "сестра [старшая]", "gloss_ru": "сестра.[старшая]-POSS.1SG", "gloss_index_ru": "STEM{äkä}-POSS.1SG{m}-", "gr.pos": "n"}], "off_start": 19, "off_end": 23, "next_word": 4, "sentence_index": 2, "sentence_index_neg": 9}, {"wtype": "word", "wf": "don", "ana": [{"parts": "don", "gloss": "", "gloss_index": "", "lex": "don", "trans_ru": "и", "gloss_ru": "и", "gloss_index_ru": "STEM{don}-", "gr.pos": "coordconn"}], "off_start": 24, "off_end": 27, "next_word": 5, "sentence_index": 3, "sentence_index_neg": 8}, {"wtype": "word", "wf": "pə̑ren", "ana": [{"parts": "pə̑r-en", "gloss": "", "gloss_index": "", "lex": "pə̑r", "trans_ru": "входить", "gloss_ru": "входить-CVB", "gloss_index_ru": "STEM{pə̑r}-CVB{en}-", "gr.pos": "v"}], "off_start": 28, "off_end": 34, "next_word": 6, "sentence_index": 4, "sentence_index_neg": 7}, {"wtype": "word", "wf": "šə̈nzə̈nnä", "ana": [{"parts": "šə̈nz-ə̈n-nä", "gloss": "", "gloss_index": "", "lex": "šə̈nz", "trans_ru": "садиться", "gloss_ru": "садиться-PRET-1PL", "gloss_index_ru": "STEM{šə̈nz}-PRET{ə̈n}-1PL{nä}-", "gr.pos": "v"}], "off_start": 35, "off_end": 45, "next_word": 7, "sentence_index": 5, "sentence_index_neg": 6}, {"wtype": "word", "wf": "mešäk", "ana": [{"parts": "mešäk", "gloss": "", "gloss_index": "", "lex": "mešäk", "trans_ru": "мешок", "gloss_ru": "мешок", "gloss_index_ru": "STEM{mešäk}-", "gr.pos": "n"}], "off_start": 46, "off_end": 51, "next_word": 8, "sentence_index": 6, "sentence_index_neg": 5}, {"wtype": "word", "wf": "və̈kə̈", "ana": [{"parts": "və̈-kə̈", "gloss": "", "gloss_index": "", "lex": "və̈", "trans_ru": "верх", "gloss_ru": "верх-ILL2", "gloss_index_ru": "STEM{və̈}-ILL2{kə̈}-", "gr.pos": "post"}], "off_start": 52, "off_end": 58, "next_word": 9, "sentence_index": 7, "sentence_index_neg": 4}, {"wtype": "word", "wf": "i", "ana": [{"parts": "i", "gloss": "", "gloss_index": "", "lex": "i", "trans_ru": "и", "gloss_ru": "и", "gloss_index_ru": "STEM{i}-", "gr.pos": "coordconn"}], "off_start": 59, "off_end": 60, "next_word": 10, "sentence_index": 8, "sentence_index_neg": 3}, {"wtype": "word", "wf": "karem", "ana": [{"parts": "karem", "gloss": "", "gloss_index": "", "lex": "karem", "trans_ru": "овраг", "gloss_ru": "овраг", "gloss_index_ru": "STEM{karem}-", "gr.pos": "n"}], "off_start": 61, "off_end": 66, "next_word": 11, "sentence_index": 9, "sentence_index_neg": 2}, {"wtype": "word", "wf": "ülə̈kə̈lä", "ana": [{"parts": "ül-ə̈kə̈-lä", "gloss": "", "gloss_index": "", "lex": "ül", "trans_ru": "низ", "gloss_ru": "низ-ILL2-SIM", "gloss_index_ru": "STEM{ül}-ILL2{ə̈kə̈}-SIM{lä}-", "gr.pos": "n"}], "off_start": 67, "off_end": 76, "next_word": 12, "sentence_index": 10, "sentence_index_neg": 1}, {"wtype": "word", "wf": "kə̑dalə̑nna", "ana": [{"parts": "kə̑dal-ə̑n-na", "gloss": "", "gloss_index": "", "lex": "kə̑dal", "trans_ru": "бежать", "gloss_ru": "бежать-PRET-1PL", "gloss_index_ru": "STEM{kə̑dal}-PRET{ə̑n}-1PL{na}-", "gr.pos": "v"}], "off_start": 77, "off_end": 88, "next_word": 13, "sentence_index": 11, "sentence_index_neg": 0}, {"wtype": "punct", "wf": ".", "off_start": 88, "off_end": 89, "next_word": 14}], "text": "1.13. mä koktə̑nat äkäm don pə̑ren šə̈nzə̈nnä mešäk və̈kə̈ i karem ülə̈kə̈lä kə̑dalə̑nna.", "para_alignment": [{"off_start": 0, "off_end": 89, "para_id": 508}]}, {"lang": 0, "words": [{"wtype": "punct", "wf": "1.14.", "off_start": 0, "off_end": 5, "next_word": 1}, {"wtype": "word", "wf": "mešäkge", "ana": [{"parts": "mešäk-ge", "gloss": "", "gloss_index": "", "lex": "mešäk", "trans_ru": "мешок", "gloss_ru": "мешок-COM", "gloss_index_ru": "STEM{mešäk}-COM{ge}-", "gr.pos": "n"}], "off_start": 6, "off_end": 13, "next_word": 2, "sentence_index": 0, "sentence_index_neg": 5}, {"wtype": "punct", "wf": ",", "off_start": 13, "off_end": 14, "next_word": 3, "sentence_index": 1, "sentence_index_neg": 4}, {"wtype": "word", "wf": "tirge", "ana": [{"parts": "tir-ge", "gloss": "", "gloss_index": "", "lex": "tir", "trans_ru": "сани", "gloss_ru": "сани-COM", "gloss_index_ru": "STEM{tir}-COM{ge}-", "gr.pos": "n"}], "off_start": 15, "off_end": 20, "next_word": 4, "sentence_index": 2, "sentence_index_neg": 3}, {"wtype": "word", "wf": "valennä", "ana": [{"parts": "val-en-nä", "gloss": "", "gloss_index": "", "lex": "val", "trans_ru": "спускаться", "gloss_ru": "спускаться-PRET-1PL", "gloss_index_ru": "STEM{val}-PRET{en}-1PL{nä}-", "gr.pos": "v"}], "off_start": 21, "off_end": 28, "next_word": 5, "sentence_index": 3, "sentence_index_neg": 2}, {"wtype": "word", "wf": "karem", "ana": [{"parts": "karem", "gloss": "", "gloss_index": "", "lex": "karem", "trans_ru": "овраг", "gloss_ru": "овраг", "gloss_index_ru": "STEM{karem}-", "gr.pos": "n"}], "off_start": 29, "off_end": 34, "next_word": 6, "sentence_index": 4, "sentence_index_neg": 1}, {"wtype": "word", "wf": "pə̑ndaškə̑", "ana": [{"parts": "pə̑ndaškə̑", "gloss": "", "gloss_index": "", "lex": "pə̑ndaškə̑", "trans_ru": "дно", "gloss_ru": "дно.ILL", "gloss_index_ru": "STEM{pə̑ndaškə̑}-", "gr.pos": "n"}], "off_start": 35, "off_end": 45, "next_word": 7, "sentence_index": 5, "sentence_index_neg": 0}, {"wtype": "punct", "wf": ".", "off_start": 45, "off_end": 46, "next_word": 8}], "text": "1.14. mešäkge, tirge valennä karem pə̑ndaškə̑.", "para_alignment": [{"off_start": 0, "off_end": 46, "para_id": 509}]}, {"lang": 0, "words": [{"wtype": "punct", "wf": "1.15.", "off_start": 0, "off_end": 5, "next_word": 1}, {"wtype": "word", "wf": "pel", "ana": [{"parts": "pel", "gloss": "", "gloss_index": "", "lex": "pel", "trans_ru": "половина", "gloss_ru": "половина", "gloss_index_ru": "STEM{pel}-", "gr.pos": "n"}], "off_start": 6, "off_end": 9, "next_word": 2, "sentence_index": 0, "sentence_index_neg": 5}, {"wtype": "word", "wf": "uštə̑š", "ana": [{"parts": "uštə̑š", "gloss": "", "gloss_index": "", "lex": "uštə̑š", "trans_ru": "верста", "gloss_ru": "верста", "gloss_index_ru": "STEM{uštə̑š}-", "gr.pos": "n"}], "off_start": 10, "off_end": 16, "next_word": 3, "sentence_index": 1, "sentence_index_neg": 4}, {"wtype": "word", "wf": "nav'ernə̑", "ana": [{"parts": "nav'ernə̑", "gloss": "", "gloss_index": "", "lex": "nav'ernə̑", "trans_ru": "наверно", "gloss_ru": "наверно", "gloss_index_ru": "STEM{nav'ernə̑}-", "gr.pos": "adv"}], "off_start": 17, "off_end": 26, "next_word": 4, "sentence_index": 2, "sentence_index_neg": 3}, {"wtype": "word", "wf": "karem", "ana": [{"parts": "karem", "gloss": "", "gloss_index": "", "lex": "karem", "trans_ru": "овраг", "gloss_ru": "овраг", "gloss_index_ru": "STEM{karem}-", "gr.pos": "n"}], "off_start": 27, "off_end": 32, "next_word": 5, "sentence_index": 3, "sentence_index_neg": 2}, {"wtype": "word", "wf": "pə̑ndaškə̑", "ana": [{"parts": "pə̑ndaškə̑", "gloss": "", "gloss_index": "", "lex": "pə̑ndaškə̑", "trans_ru": "дно", "gloss_ru": "дно.ILL", "gloss_index_ru": "STEM{pə̑ndaškə̑}-", "gr.pos": "n"}], "off_start": 33, "off_end": 43, "next_word": 6, "sentence_index": 4, "sentence_index_neg": 1}, {"wtype": "word", "wf": "valennä", "ana": [{"parts": "val-en-nä", "gloss": "", "gloss_index": "", "lex": "val", "trans_ru": "спускаться", "gloss_ru": "спускаться-PRET-1PL", "gloss_index_ru": "STEM{val}-PRET{en}-1PL{nä}-", "gr.pos": "v"}], "off_start": 44, "off_end": 51, "next_word": 7, "sentence_index": 5, "sentence_index_neg": 0}, {"wtype": "punct", "wf": ".", "off_start": 51, "off_end": 52, "next_word": 8}], "text": "1.15. pel uštə̑š nav'ernə̑ karem pə̑ndaškə̑ valennä.", "para_alignment": [{"off_start": 0, "off_end": 52, "para_id": 510}]}, {"lang": 0, "words": [{"wtype": "punct", "wf": "1.16.", "off_start": 0, "off_end": 5, "next_word": 1}, {"wtype": "word", "wf": "vara", "ana": [{"parts": "vara", "gloss": "", "gloss_index": "", "lex": "vara", "trans_ru": "потом", "gloss_ru": "потом", "gloss_index_ru": "STEM{vara}-", "gr.pos": "adv"}], "off_start": 6, "off_end": 10, "next_word": 2, "sentence_index": 0, "sentence_index_neg": 10}, {"wtype": "word", "wf": "tumajennä", "ana": [{"parts": "tumaj-en-nä", "gloss": "", "gloss_index": "", "lex": "tumaj", "trans_ru": "думать", "gloss_ru": "думать-PRET-1PL", "gloss_index_ru": "STEM{tumaj}-PRET{en}-1PL{nä}-", "gr.pos": "v"}], "off_start": 11, "off_end": 20, "next_word": 3, "sentence_index": 1, "sentence_index_neg": 9}, {"wtype": "punct", "wf": ",", "off_start": 20, "off_end": 21, "next_word": 4, "sentence_index": 2, "sentence_index_neg": 8}, {"wtype": "word", "wf": "tumajennä", "ana": [{"parts": "tumaj-en-nä", "gloss": "", "gloss_index": "", "lex": "tumaj", "trans_ru": "думать", "gloss_ru": "думать-PRET-1PL", "gloss_index_ru": "STEM{tumaj}-PRET{en}-1PL{nä}-", "gr.pos": "v"}], "off_start": 22, "off_end": 31, "next_word": 5, "sentence_index": 3, "sentence_index_neg": 7}, {"wtype": "punct", "wf": ",", "off_start": 31, "off_end": 32, "next_word": 6, "sentence_index": 4, "sentence_index_neg": 6}, {"wtype": "word", "wf": "lə̑m", "ana": [{"parts": "lə̑m", "gloss": "", "gloss_index": "", "lex": "lə̑m", "trans_ru": "снег", "gloss_ru": "снег", "gloss_index_ru": "STEM{lə̑m}-", "gr.pos": "n"}], "off_start": 33, "off_end": 37, "next_word": 7, "sentence_index": 5, "sentence_index_neg": 5}, {"wtype": "word", "wf": "kelgə̈", "ana": [{"parts": "kelgə̈", "gloss": "", "gloss_index": "", "lex": "kelgə̈", "trans_ru": "глубокий", "gloss_ru": "глубокий", "gloss_index_ru": "STEM{kelgə̈}-", "gr.pos": "adj"}], "off_start": 38, "off_end": 44, "next_word": 8, "sentence_index": 6, "sentence_index_neg": 4}, {"wtype": "punct", "wf": ",", "off_start": 44, "off_end": 45, "next_word": 9, "sentence_index": 7, "sentence_index_neg": 3}, {"wtype": "word", "wf": "kə̑celä", "ana": [{"parts": "kə̑ce-lä", "gloss": "", "gloss_index": "", "lex": "kə̑ce", "trans_ru": "как", "gloss_ru": "как-SIM", "gloss_index_ru": "STEM{kə̑ce}-SIM{lä}-", "gr.pos": "pro-form"}], "off_start": 46, "off_end": 53, "next_word": 10, "sentence_index": 8, "sentence_index_neg": 2}, {"wtype": "word", "wf": "läktäš", "ana": [{"parts": "läkt-äš", "gloss": "", "gloss_index": "", "lex": "läkt", "trans_ru": "выходить", "gloss_ru": "выходить-INF", "gloss_index_ru": "STEM{läkt}-INF{äš}-", "gr.pos": "v"}], "off_start": 54, "off_end": 60, "next_word": 11, "sentence_index": 9, "sentence_index_neg": 1}, {"wtype": "word", "wf": "tə̈šecə̈n", "ana": [{"parts": "tə̈-šec-ə̈n", "gloss": "", "gloss_index": "", "lex": "tə̈", "trans_ru": "тот", "gloss_ru": "тот-EL-FULL", "gloss_index_ru": "STEM{tə̈}-EL{šec}-FULL{ə̈n}-", "gr.pos": "pro-form"}], "off_start": 61, "off_end": 70, "next_word": 12, "sentence_index": 10, "sentence_index_neg": 0}, {"wtype": "punct", "wf": ".", "off_start": 70, "off_end": 71, "next_word": 13}], "text": "1.16. vara tumajennä, tumajennä, lə̑m kelgə̈, kə̑celä läktäš tə̈šecə̈n.", "para_alignment": [{"off_start": 0, "off_end": 71, "para_id": 511}]}, {"lang": 0, "words": [{"wtype": "punct", "wf": "1.17.", "off_start": 0, "off_end": 5, "next_word": 1}, {"wtype": "word", "wf": "äkäm", "ana": [{"parts": "äkä-m", "gloss": "", "gloss_index": "", "lex": "äkä", "trans_ru": "сестра [старшая]", "gloss_ru": "сестра.[старшая]-POSS.1SG", "gloss_index_ru": "STEM{äkä}-POSS.1SG{m}-", "gr.pos": "n"}], "off_start": 6, "off_end": 10, "next_word": 2, "sentence_index": 0, "sentence_index_neg": 4}, {"wtype": "word", "wf": "šə̑pšə̑n", "ana": [{"parts": "šə̑pš-ə̑n", "gloss": "", "gloss_index": "", "lex": "šə̑pš", "trans_ru": "тянуть", "gloss_ru": "тянуть-PRET", "gloss_index_ru": "STEM{šə̑pš}-PRET{ə̑n}-", "gr.pos": "v"}], "off_start": 11, "off_end": 19, "next_word": 3, "sentence_index": 1, "sentence_index_neg": 3}, {"wtype": "punct", "wf": ",", "off_start": 19, "off_end": 20, "next_word": 4, "sentence_index": 2, "sentence_index_neg": 2}, {"wtype": "word", "wf": "mə̈n'", "ana": [{"parts": "mə̈n'", "gloss": "", "gloss_index": "", "lex": "mə̈n'", "trans_ru": "я", "gloss_ru": "я", "gloss_index_ru": "STEM{mə̈n'}-", "gr.pos": ["pro-form", "pro"]}], "off_start": 21, "off_end": 26, "next_word": 5, "sentence_index": 3, "sentence_index_neg": 1}, {"wtype": "word", "wf": "šə̈kenäm", "ana": [{"parts": "šə̈k-en-äm", "gloss": "", "gloss_index": "", "lex": "šə̈k", "trans_ru": "толкать", "gloss_ru": "толкать-PRET-1SG", "gloss_index_ru": "STEM{šə̈k}-PRET{en}-1SG{äm}-", "gr.pos": "v"}], "off_start": 27, "off_end": 35, "next_word": 6, "sentence_index": 4, "sentence_index_neg": 0}, {"wtype": "punct", "wf": ".", "off_start": 35, "off_end": 36, "next_word": 7}], "text": "1.17. äkäm šə̑pšə̑n, mə̈n' šə̈kenäm.", "para_alignment": [{"off_start": 0, "off_end": 36, "para_id": 512}]}, {"lang": 0, "words": [{"wtype": "punct", "wf": "1.18.", "off_start": 0, "off_end": 5, "next_word": 1}, {"wtype": "word", "wf": "vadešeš", "ana": [{"parts": "vad-eš-eš", "gloss": "", "gloss_index": "", "lex": "vad", "trans_ru": "вечер", "gloss_ru": "вечер-LAT-LAT", "gloss_index_ru": "STEM{vad}-LAT{eš}-LAT{eš}-", "gr.pos": "n"}], "off_start": 6, "off_end": 13, "next_word": 2, "sentence_index": 0, "sentence_index_neg": 6}, {"wtype": "word", "wf": "vele", "ana": [{"parts": "vele", "gloss": "", "gloss_index": "", "lex": "vele", "trans_ru": "только", "gloss_ru": "только", "gloss_index_ru": "STEM{vele}-", "gr.pos": "prt"}], "off_start": 14, "off_end": 18, "next_word": 3, "sentence_index": 1, "sentence_index_neg": 5}, {"wtype": "word", "wf": "mä", "ana": [{"parts": "mä", "gloss": "", "gloss_index": "", "lex": "mä", "trans_ru": "мы", "gloss_ru": "мы", "gloss_index_ru": "STEM{mä}-", "gr.pos": ["pro-form", "pro"]}], "off_start": 19, "off_end": 21, "next_word": 4, "sentence_index": 2, "sentence_index_neg": 4}, {"wtype": "word", "wf": "mien", "ana": [{"parts": "mi-en", "gloss": "", "gloss_index": "", "lex": "mi", "trans_ru": "приходить", "gloss_ru": "приходить-CVB", "gloss_index_ru": "STEM{mi}-CVB{en}-", "gr.pos": "v"}], "off_start": 22, "off_end": 26, "next_word": 5, "sentence_index": 3, "sentence_index_neg": 3}, {"wtype": "word", "wf": "šonna", "ana": [{"parts": "šo-n-na", "gloss": "", "gloss_index": "", "lex": "šo", "trans_ru": "достигать", "gloss_ru": "достигать-PRET-1PL", "gloss_index_ru": "STEM{šo}-PRET{n}-1PL{na}-", "gr.pos": "v"}], "off_start": 27, "off_end": 32, "next_word": 6, "sentence_index": 4, "sentence_index_neg": 2}, {"wtype": "word", "wf": "väkš", "ana": [{"parts": "väkš", "gloss": "", "gloss_index": "", "lex": "väkš", "trans_ru": "мельница", "gloss_ru": "мельница", "gloss_index_ru": "STEM{väkš}-", "gr.pos": "n"}], "off_start": 33, "off_end": 37, "next_word": 7, "sentence_index": 5, "sentence_index_neg": 1}, {"wtype": "word", "wf": "dokə̑", "ana": [{"parts": "do-kə̑", "gloss": "", "gloss_index": "", "lex": "do", "trans_ru": "у", "gloss_ru": "у-ILL2", "gloss_index_ru": "STEM{do}-ILL2{kə̑}-", "gr.pos": "post"}], "off_start": 38, "off_end": 43, "next_word": 8, "sentence_index": 6, "sentence_index_neg": 0}, {"wtype": "punct", "wf": ".", "off_start": 43, "off_end": 44, "next_word": 9}], "text": "1.18. vadešeš vele mä mien šonna väkš dokə̑.", "para_alignment": [{"off_start": 0, "off_end": 44, "para_id": 513}]}, {"lang": 0, "words": [{"wtype": "punct", "wf": "1.19.", "off_start": 0, "off_end": 5, "next_word": 1}, {"wtype": "word", "wf": "vadeš", "ana": [{"parts": "vad-eš", "gloss": "", "gloss_index": "", "lex": "vad", "trans_ru": "вечер", "gloss_ru": "вечер-LAT", "gloss_index_ru": "STEM{vad}-LAT{eš}-", "gr.pos": "n"}], "off_start": 6, "off_end": 11, "next_word": 2, "sentence_index": 0, "sentence_index_neg": 5}, {"wtype": "word", "wf": "mien", "ana": [{"parts": "mi-en", "gloss": "", "gloss_index": "", "lex": "mi", "trans_ru": "приходить", "gloss_ru": "приходить-CVB", "gloss_index_ru": "STEM{mi}-CVB{en}-", "gr.pos": "v"}], "off_start": 12, "off_end": 16, "next_word": 3, "sentence_index": 1, "sentence_index_neg": 4}, {"wtype": "word", "wf": "šonna", "ana": [{"parts": "šo-n-na", "gloss": "", "gloss_index": "", "lex": "šo", "trans_ru": "достигать", "gloss_ru": "достигать-PRET-1PL", "gloss_index_ru": "STEM{šo}-PRET{n}-1PL{na}-", "gr.pos": "v"}], "off_start": 17, "off_end": 22, "next_word": 4, "sentence_index": 2, "sentence_index_neg": 3}, {"wtype": "punct", "wf": ",", "off_start": 22, "off_end": 23, "next_word": 5, "sentence_index": 3, "sentence_index_neg": 2}, {"wtype": "word", "wf": "jangə̑len", "ana": [{"parts": "jangə̑l-en", "gloss": "", "gloss_index": "", "lex": "jangə̑l", "trans_ru": "уставать", "gloss_ru": "уставать-CVB", "gloss_index_ru": "STEM{jangə̑l}-CVB{en}-", "gr.pos": "v"}], "off_start": 24, "off_end": 33, "next_word": 6, "sentence_index": 4, "sentence_index_neg": 1}, {"wtype": "word", "wf": "šə̈nzə̈nnä", "ana": [{"parts": "šə̈nz-ə̈n-nä", "gloss": "", "gloss_index": "", "lex": "šə̈nz", "trans_ru": "садиться", "gloss_ru": "садиться-PRET-1PL", "gloss_index_ru": "STEM{šə̈nz}-PRET{ə̈n}-1PL{nä}-", "gr.pos": "v"}], "off_start": 34, "off_end": 44, "next_word": 7, "sentence_index": 5, "sentence_index_neg": 0}, {"wtype": "punct", "wf": ".", "off_start": 44, "off_end": 45, "next_word": 8}], "text": "1.19. vadeš mien šonna, jangə̑len šə̈nzə̈nnä.", "para_alignment": [{"off_start": 0, "off_end": 45, "para_id": 514}]}, {"lang": 0, "words": [{"wtype": "punct", "wf": "1.20.", "off_start": 0, "off_end": 5, "next_word": 1}, {"wtype": "word", "wf": "uže", "ana": [{"parts": "uže", "gloss": "", "gloss_index": "", "lex": "uže", "trans_ru": "уже", "gloss_ru": "уже", "gloss_index_ru": "STEM{uže}-", "gr.pos": "adv"}], "off_start": 6, "off_end": 9, "next_word": 2, "sentence_index": 0, "sentence_index_neg": 4}, {"wtype": "word", "wf": "jälžə̈", "ana": [{"parts": "jäl-žə̈", "gloss": "", "gloss_index": "", "lex": "jäl", "trans_ru": "люди", "gloss_ru": "люди-POSS.3SG", "gloss_index_ru": "STEM{jäl}-POSS.3SG{žə̈}-", "gr.pos": "n"}], "off_start": 10, "off_end": 16, "next_word": 3, "sentence_index": 1, "sentence_index_neg": 3}, {"wtype": "word", "wf": "jangə̑šten", "ana": [{"parts": "jangə̑št-en", "gloss": "", "gloss_index": "", "lex": "jangə̑št", "trans_ru": "молоть", "gloss_ru": "молоть-CVB", "gloss_index_ru": "STEM{jangə̑št}-CVB{en}-", "gr.pos": "v"}], "off_start": 17, "off_end": 27, "next_word": 4, "sentence_index": 2, "sentence_index_neg": 2}, {"wtype": "word", "wf": "ken", "ana": [{"parts": "ke-n", "gloss": "", "gloss_index": "", "lex": "ke", "trans_ru": "идти", "gloss_ru": "идти-CVB", "gloss_index_ru": "STEM{ke}-CVB{n}-", "gr.pos": "v"}], "off_start": 28, "off_end": 31, "next_word": 5, "sentence_index": 3, "sentence_index_neg": 1}, {"wtype": "word", "wf": "koltenə̈t", "ana": [{"parts": "kolt-en-ə̈t", "gloss": "", "gloss_index": "", "lex": "kolt", "trans_ru": "посылать", "gloss_ru": "посылать-PRET-3PL", "gloss_index_ru": "STEM{kolt}-PRET{en}-3PL{ə̈t}-", "gr.pos": "v"}], "off_start": 32, "off_end": 41, "next_word": 6, "sentence_index": 4, "sentence_index_neg": 0}, {"wtype": "punct", "wf": ".", "off_start": 41, "off_end": 42, "next_word": 7}], "text": "1.20. uže jälžə̈ jangə̑šten ken koltenə̈t.", "para_alignment": [{"off_start": 0, "off_end": 42, "para_id": 515}]}, {"lang": 0, "words": [{"wtype": "punct", "wf": "1.21.", "off_start": 0, "off_end": 5, "next_word": 1}, {"wtype": "word", "wf": "nu", "ana": [{"parts": "nu", "gloss": "", "gloss_index": "", "lex": "nu", "trans_ru": "ну", "gloss_ru": "ну", "gloss_index_ru": "STEM{nu}-", "gr.pos": "prt"}], "off_start": 6, "off_end": 8, "next_word": 2, "sentence_index": 0, "sentence_index_neg": 7}, {"wtype": "word", "wf": "tə̈štäken", "ana": [{"parts": "tə̈štäken", "gloss": "", "gloss_index": "", "lex": "tə̈štäken", "trans_ru": "там", "gloss_ru": "там", "gloss_index_ru": "STEM{tə̈štäken}-", "gr.pos": "pro-form"}], "off_start": 9, "off_end": 18, "next_word": 3, "sentence_index": 1, "sentence_index_neg": 6}, {"wtype": "word", "wf": "miž", "ana": [{"parts": "miž", "gloss": "", "gloss_index": "", "lex": "miž", "trans_ru": "шерсть", "gloss_ru": "шерсть", "gloss_index_ru": "STEM{miž}-", "gr.pos": "n"}], "off_start": 19, "off_end": 22, "next_word": 4, "sentence_index": 2, "sentence_index_neg": 5}, {"wtype": "word", "wf": "lültə̈šə̈", "ana": [{"parts": "lül-tə̈-šə̈", "gloss": "", "gloss_index": "", "lex": "lül", "trans_ru": "бить", "gloss_ru": "бить-CAUS-PTCP.ACT", "gloss_index_ru": "STEM{lül}-CAUS{tə̈}-PTCP.ACT{šə̈}-", "gr.pos": "v"}], "off_start": 23, "off_end": 32, "next_word": 5, "sentence_index": 3, "sentence_index_neg": 4}, {"wtype": "word", "wf": "edem", "ana": [{"parts": "edem", "gloss": "", "gloss_index": "", "lex": "edem", "trans_ru": "человек", "gloss_ru": "человек", "gloss_index_ru": "STEM{edem}-", "gr.pos": "n"}], "off_start": 33, "off_end": 37, "next_word": 6, "sentence_index": 4, "sentence_index_neg": 3}, {"wtype": "punct", "wf": "...", "off_start": 37, "off_end": 40, "next_word": 7, "sentence_index": 5, "sentence_index_neg": 2}, {"wtype": "word", "wf": "narod", "ana": [{"parts": "narod", "gloss": "", "gloss_index": "", "lex": "narod", "trans_ru": "народ", "gloss_ru": "народ", "gloss_index_ru": "STEM{narod}-", "gr.pos": "n"}], "off_start": 41, "off_end": 46, "next_word": 8, "sentence_index": 6, "sentence_index_neg": 1}, {"wtype": "word", "wf": "ə̑lə̑nə̑t", "ana": [{"parts": "ə̑l-ə̑n-ə̑t", "gloss": "", "gloss_index": "", "lex": "ə̑l", "trans_ru": "быть", "gloss_ru": "быть-PRET-3PL", "gloss_index_ru": "STEM{ə̑l}-PRET{ə̑n}-3PL{ə̑t}-", "gr.pos": "v"}], "off_start": 47, "off_end": 56, "next_word": 9, "sentence_index": 7, "sentence_index_neg": 0}, {"wtype": "punct", "wf": ".", "off_start": 56, "off_end": 57, "next_word": 10}], "text": "1.21. nu tə̈štäken miž lültə̈šə̈ edem... narod ə̑lə̑nə̑t.", "para_alignment": [{"off_start": 0, "off_end": 57, "para_id": 516}]}, {"lang": 0, "words": [{"wtype": "punct", "wf": "1.22.", "off_start": 0, "off_end": 5, "next_word": 1}, {"wtype": "punct", "wf": "männä", "off_start": 6, "off_end": 11, "next_word": 2}, {"wtype": "punct", "wf": "...", "off_start": 11, "off_end": 14, "next_word": 3}, {"wtype": "word", "wf": "mälännä", "ana": [{"parts": "mä-län-nä", "gloss": "", "gloss_index": "", "lex": "mä", "trans_ru": "мы", "gloss_ru": "мы-DAT-POSS.1PL", "gloss_index_ru": "STEM{mä}-DAT{län}-POSS.1PL{nä}-", "gr.pos": "pro-form"}], "off_start": 15, "off_end": 22, "next_word": 4, "sentence_index": 0, "sentence_index_neg": 7}, {"wtype": "word", "wf": "jə̈leräk", "ana": [{"parts": "jə̈le-räk", "gloss": "", "gloss_index": "", "lex": "jə̈le", "trans_ru": "скоро", "gloss_ru": "скоро-CMPR", "gloss_index_ru": "STEM{jə̈le}-CMPR{räk}-", "gr.pos": "adv"}], "off_start": 23, "off_end": 31, "next_word": 5, "sentence_index": 1, "sentence_index_neg": 6}, {"wtype": "word", "wf": "šokšə̑", "ana": [{"parts": "šokšə̑", "gloss": "", "gloss_index": "", "lex": "šokšə̑", "trans_ru": "теплый", "gloss_ru": "теплый", "gloss_index_ru": "STEM{šokšə̑}-", "gr.pos": "adj"}], "off_start": 32, "off_end": 38, "next_word": 6, "sentence_index": 2, "sentence_index_neg": 5}, {"wtype": "word", "wf": "və̈də̈m", "ana": [{"parts": "və̈d-ə̈m", "gloss": "", "gloss_index": "", "lex": "və̈d", "trans_ru": "вода", "gloss_ru": "вода-ACC", "gloss_index_ru": "STEM{və̈d}-ACC{ə̈m}-", "gr.pos": "n"}], "off_start": 39, "off_end": 46, "next_word": 7, "sentence_index": 3, "sentence_index_neg": 4}, {"wtype": "word", "wf": "jüktenə̈t", "ana": [{"parts": "jü-kt-en-ə̈t", "gloss": "", "gloss_index": "", "lex": "jü", "trans_ru": "пить", "gloss_ru": "пить-CAUS.DIST-PRET-3PL", "gloss_index_ru": "STEM{jü}-CAUS.DIST{kt}-PRET{en}-3PL{ə̈t}-", "gr.pos": "v"}], "off_start": 47, "off_end": 56, "next_word": 8, "sentence_index": 4, "sentence_index_neg": 3}, {"wtype": "word", "wf": "i", "ana": [{"parts": "i", "gloss": "", "gloss_index": "", "lex": "i", "trans_ru": "и", "gloss_ru": "и", "gloss_index_ru": "STEM{i}-", "gr.pos": "coordconn"}], "off_start": 57, "off_end": 58, "next_word": 9, "sentence_index": 5, "sentence_index_neg": 2}, {"wtype": "word", "wf": "amalaš", "ana": [{"parts": "amal-aš", "gloss": "", "gloss_index": "", "lex": "amal", "trans_ru": "спать", "gloss_ru": "спать-INF", "gloss_index_ru": "STEM{amal}-INF{aš}-", "gr.pos": "v"}], "off_start": 59, "off_end": 65, "next_word": 10, "sentence_index": 6, "sentence_index_neg": 1}, {"wtype": "word", "wf": "pištenə̈t", "ana": [{"parts": "pišt-en-ə̈t", "gloss": "", "gloss_index": "", "lex": "pišt", "trans_ru": "класть", "gloss_ru": "класть-PRET-3PL", "gloss_index_ru": "STEM{pišt}-PRET{en}-3PL{ə̈t}-", "gr.pos": "v"}], "off_start": 66, "off_end": 75, "next_word": 11, "sentence_index": 7, "sentence_index_neg": 0}, {"wtype": "punct", "wf": ".", "off_start": 75, "off_end": 76, "next_word": 12}], "text": "1.22. männä... mälännä jə̈leräk šokšə̑ və̈də̈m jüktenə̈t i amalaš pištenə̈t.", "para_alignment": [{"off_start": 0, "off_end": 76, "para_id": 517}]}, {"lang": 0, "words": [{"wtype": "punct", "wf": "1.23.", "off_start": 0, "off_end": 5, "next_word": 1}, {"wtype": "word", "wf": "jangə̑štenə̈t", "ana": [{"parts": "jangə̑št-en-ə̈t", "gloss": "", "gloss_index": "", "lex": "jangə̑št", "trans_ru": "молоть", "gloss_ru": "молоть-PRET-3PL", "gloss_index_ru": "STEM{jangə̑št}-PRET{en}-3PL{ə̈t}-", "gr.pos": "v"}], "off_start": 6, "off_end": 19, "next_word": 2, "sentence_index": 0, "sentence_index_neg": 4}, {"wtype": "word", "wf": "mämnän", "ana": [{"parts": "mäm-nä-n", "gloss": "", "gloss_index": "", "lex": "mäm", "trans_ru": "мы", "gloss_ru": "мы-POSS.1PL-GEN", "gloss_index_ru": "STEM{mäm}-POSS.1PL{nä}-GEN{n}-", "gr.pos": "pro-form"}], "off_start": 20, "off_end": 26, "next_word": 3, "sentence_index": 1, "sentence_index_neg": 3}, {"wtype": "word", "wf": "kində̈m", "ana": [{"parts": "kində̈-m", "gloss": "", "gloss_index": "", "lex": "kində̈", "trans_ru": "хлеб", "gloss_ru": "хлеб-ACC", "gloss_index_ru": "STEM{kində̈}-ACC{m}-", "gr.pos": "n"}], "off_start": 27, "off_end": 34, "next_word": 4, "sentence_index": 2, "sentence_index_neg": 2}, {"wtype": "punct", "wf": "...", "off_start": 34, "off_end": 37, "next_word": 5, "sentence_index": 3, "sentence_index_neg": 1}, {"wtype": "word", "wf": "mešäkə̈m", "ana": [{"parts": "mešäk-ə̈m", "gloss": "", "gloss_index": "", "lex": "mešäk", "trans_ru": "мешок", "gloss_ru": "мешок-ACC", "gloss_index_ru": "STEM{mešäk}-ACC{ə̈m}-", "gr.pos": "n"}], "off_start": 38, "off_end": 46, "next_word": 6, "sentence_index": 4, "sentence_index_neg": 0}, {"wtype": "punct", "wf": ".", "off_start": 46, "off_end": 47, "next_word": 7}], "text": "1.23. jangə̑štenə̈t mämnän kində̈m... mešäkə̈m.", "para_alignment": [{"off_start": 0, "off_end": 47, "para_id": 518}]}, {"lang": 0, "words": [{"wtype": "punct", "wf": "1.24.", "off_start": 0, "off_end": 5, "next_word": 1}, {"wtype": "word", "wf": "mämnäm", "ana": [{"parts": "mäm-nä-m", "gloss": "", "gloss_index": "", "lex": "mäm", "trans_ru": "мы", "gloss_ru": "мы-POSS.1PL-ACC", "gloss_index_ru": "STEM{mäm}-POSS.1PL{nä}-ACC{m}-", "gr.pos": "pro-form"}], "off_start": 6, "off_end": 12, "next_word": 2, "sentence_index": 0, "sentence_index_neg": 6}, {"wtype": "word", "wf": "kə̈n'ə̈ltenə̈t", "ana": [{"parts": "kə̈n'ə̈l-t-en-ə̈t", "gloss": "", "gloss_index": "", "lex": "kə̈n'ə̈l", "trans_ru": "вставать", "gloss_ru": "вставать-CAUS-PRET-3PL", "gloss_index_ru": "STEM{kə̈n'ə̈l}-CAUS{t}-PRET{en}-3PL{ə̈t}-", "gr.pos": "v"}], "off_start": 13, "off_end": 27, "next_word": 3, "sentence_index": 1, "sentence_index_neg": 5}, {"wtype": "word", "wf": "i", "ana": [{"parts": "i", "gloss": "", "gloss_index": "", "lex": "i", "trans_ru": "и", "gloss_ru": "и", "gloss_index_ru": "STEM{i}-", "gr.pos": "coordconn"}], "off_start": 28, "off_end": 29, "next_word": 4, "sentence_index": 2, "sentence_index_neg": 4}, {"wtype": "word", "wf": "tokə̑na", "ana": [{"parts": "to-kə̑-na", "gloss": "", "gloss_index": "", "lex": "to", "trans_ru": "дом", "gloss_ru": "дом-ILL2-POSS.1PL", "gloss_index_ru": "STEM{to}-ILL2{kə̑}-POSS.1PL{na}-", "gr.pos": "n"}], "off_start": 30, "off_end": 37, "next_word": 5, "sentence_index": 3, "sentence_index_neg": 3}, {"wtype": "word", "wf": "provožajen", "ana": [{"parts": "provožaj-en", "gloss": "", "gloss_index": "", "lex": "provožaj", "trans_ru": "провожать", "gloss_ru": "провожать-CVB", "gloss_index_ru": "STEM{provožaj}-CVB{en}-", "gr.pos": "v"}], "off_start": 38, "off_end": 48, "next_word": 6, "sentence_index": 4, "sentence_index_neg": 2}, {"wtype": "word", "wf": "kanden", "ana": [{"parts": "kand-en", "gloss": "", "gloss_index": "", "lex": "kand", "trans_ru": "приносить", "gloss_ru": "приносить-CVB", "gloss_index_ru": "STEM{kand}-CVB{en}-", "gr.pos": "v"}], "off_start": 49, "off_end": 55, "next_word": 7, "sentence_index": 5, "sentence_index_neg": 1}, {"wtype": "word", "wf": "kodenə̈t", "ana": [{"parts": "kod-en-ə̈t", "gloss": "", "gloss_index": "", "lex": "kod", "trans_ru": "оставлять", "gloss_ru": "оставлять-PRET-3PL", "gloss_index_ru": "STEM{kod}-PRET{en}-3PL{ə̈t}-", "gr.pos": "v"}], "off_start": 56, "off_end": 64, "next_word": 8, "sentence_index": 6, "sentence_index_neg": 0}, {"wtype": "punct", "wf": ".", "off_start": 64, "off_end": 65, "next_word": 9}], "text": "1.24. mämnäm kə̈n'ə̈ltenə̈t i tokə̑na provožajen kanden kodenə̈t.", "para_alignment": [{"off_start": 0, "off_end": 65, "para_id": 519}], "last": true}, {"lang": 1, "words": [{"off_start": 0, "wf": "Это", "wtype": "word", "off_end": 3, "next_word": 1, "sentence_index": 0, "sentence_index_neg": 9}, {"off_start": 4, "wf": "было", "wtype": "word", "off_end": 8, "next_word": 2, "sentence_index": 1, "sentence_index_neg": 8}, {"off_start": 9, "wf": "примерно", "wtype": "word", "off_end": 17, "next_word": 3, "sentence_index": 2, "sentence_index_neg": 7}, {"off_start": 18, "wf": "в", "wtype": "word", "off_end": 19, "next_word": 4, "sentence_index": 3, "sentence_index_neg": 6}, {"off_start": 20, "wf": "пятьдесят", "wtype": "word", "off_end": 29, "next_word": 5, "sentence_index": 4, "sentence_index_neg": 5}, {"off_start": 30, "wf": "девятом", "wtype": "word", "off_end": 37, "next_word": 6, "sentence_index": 5, "sentence_index_neg": 4}, {"off_start": 38, "wf": "или", "wtype": "word", "off_end": 41, "next_word": 7, "sentence_index": 6, "sentence_index_neg": 3}, {"off_start": 42, "wf": "пятьдесят", "wtype": "word", "off_end": 51, "next_word": 8, "sentence_index": 7, "sentence_index_neg": 2}, {"off_start": 52, "wf": "восьмом", "wtype": "word", "off_end": 59, "next_word": 9, "sentence_index": 8, "sentence_index_neg": 1}, {"off_start": 60, "wf": "году", "wtype": "word", "off_end": 64, "next_word": 10, "sentence_index": 9, "sentence_index_neg": 0}, {"off_start": 64, "wf": ".", "wtype": "punct", "off_end": 65, "next_word": 11}], "text": "Это было примерно в пятьдесят девятом или пятьдесят восьмом году.", "para_alignment": [{"off_start": 0, "off_end": 65, "para_id": 496}]}, {"lang": 1, "words": [{"off_start": 0, "wf": "Мы", "wtype": "word", "off_end": 2, "next_word": 1, "sentence_index": 0, "sentence_index_neg": 11}, {"off_start": 3, "wf": "с", "wtype": "word", "off_end": 4, "next_word": 2, "sentence_index": 1, "sentence_index_neg": 10}, {"off_start": 5, "wf": "сестрой", "wtype": "word", "off_end": 12, "next_word": 3, "sentence_index": 2, "sentence_index_neg": 9}, {"off_start": 12, "wf": "...", "wtype": "punct", "off_end": 15, "next_word": 4, "sentence_index": 3, "sentence_index_neg": 8}, {"off_start": 16, "wf": "в", "wtype": "word", "off_end": 17, "next_word": 5, "sentence_index": 4, "sentence_index_neg": 7}, {"off_start": 18, "wf": "этот", "wtype": "word", "off_end": 22, "next_word": 6, "sentence_index": 5, "sentence_index_neg": 6}, {"off_start": 23, "wf": "день", "wtype": "word", "off_end": 27, "next_word": 7, "sentence_index": 6, "sentence_index_neg": 5}, {"off_start": 28, "wf": "было", "wtype": "word", "off_end": 32, "next_word": 8, "sentence_index": 7, "sentence_index_neg": 4}, {"off_start": 33, "wf": "холодно", "wtype": "word", "off_end": 40, "next_word": 9, "sentence_index": 8, "sentence_index_neg": 3}, {"off_start": 40, "wf": ",", "wtype": "punct", "off_end": 41, "next_word": 10, "sentence_index": 9, "sentence_index_neg": 2}, {"off_start": 42, "wf": "30", "wtype": "word", "off_end": 44, "next_word": 11, "sentence_index": 10, "sentence_index_neg": 1}, {"off_start": 45, "wf": "градусов", "wtype": "word", "off_end": 53, "next_word": 12, "sentence_index": 11, "sentence_index_neg": 0}, {"off_start": 53, "wf": ".", "wtype": "punct", "off_end": 54, "next_word": 13}], "text": "Мы с сестрой... в этот день было холодно, 30 градусов.", "para_alignment": [{"off_start": 0, "off_end": 54, "para_id": 497}]}, {"lang": 1, "words": [{"off_start": 0, "wf": "Нам", "wtype": "word", "off_end": 3, "next_word": 1, "sentence_index": 0, "sentence_index_neg": 12}, {"off_start": 4, "wf": "в", "wtype": "word", "off_end": 5, "next_word": 2, "sentence_index": 1, "sentence_index_neg": 11}, {"off_start": 6, "wf": "школу", "wtype": "word", "off_end": 11, "next_word": 3, "sentence_index": 2, "sentence_index_neg": 10}, {"off_start": 12, "wf": "радио", "wtype": "word", "off_end": 17, "next_word": 4, "sentence_index": 3, "sentence_index_neg": 9}, {"off_start": 18, "wf": "сообщило", "wtype": "word", "off_end": 26, "next_word": 5, "sentence_index": 4, "sentence_index_neg": 8}, {"off_start": 26, "wf": ",", "wtype": "punct", "off_end": 27, "next_word": 6, "sentence_index": 5, "sentence_index_neg": 7}, {"off_start": 28, "wf": "что", "wtype": "word", "off_end": 31, "next_word": 7, "sentence_index": 6, "sentence_index_neg": 6}, {"off_start": 32, "wf": "нам", "wtype": "word", "off_end": 35, "next_word": 8, "sentence_index": 7, "sentence_index_neg": 5}, {"off_start": 36, "wf": "в", "wtype": "word", "off_end": 37, "next_word": 9, "sentence_index": 8, "sentence_index_neg": 4}, {"off_start": 38, "wf": "школу", "wtype": "word", "off_end": 43, "next_word": 10, "sentence_index": 9, "sentence_index_neg": 3}, {"off_start": 44, "wf": "идти", "wtype": "word", "off_end": 48, "next_word": 11, "sentence_index": 10, "sentence_index_neg": 2}, {"off_start": 49, "wf": "не", "wtype": "word", "off_end": 51, "next_word": 12, "sentence_index": 11, "sentence_index_neg": 1}, {"off_start": 52, "wf": "надо", "wtype": "word", "off_end": 56, "next_word": 13, "sentence_index": 12, "sentence_index_neg": 0}, {"off_start": 56, "wf": ".", "wtype": "punct", "off_end": 57, "next_word": 14}], "text": "Нам в школу радио сообщило, что нам в школу идти не надо.", "para_alignment": [{"off_start": 0, "off_end": 57, "para_id": 498}]}, {"lang": 1, "words": [{"off_start": 0, "wf": "А", "wtype": "word", "off_end": 1, "next_word": 1, "sentence_index": 0, "sentence_index_neg": 5}, {"off_start": 2, "wf": "дома", "wtype": "word", "off_end": 6, "next_word": 2, "sentence_index": 1, "sentence_index_neg": 4}, {"off_start": 7, "wf": "не", "wtype": "word", "off_end": 9, "next_word": 3, "sentence_index": 2, "sentence_index_neg": 3}, {"off_start": 10, "wf": "было", "wtype": "word", "off_end": 14, "next_word": 4, "sentence_index": 3, "sentence_index_neg": 2}, {"off_start": 15, "wf": "кушать", "wtype": "word", "off_end": 21, "next_word": 5, "sentence_index": 4, "sentence_index_neg": 1}, {"off_start": 22, "wf": "хлеба", "wtype": "word", "off_end": 27, "next_word": 6, "sentence_index": 5, "sentence_index_neg": 0}, {"off_start": 27, "wf": ".", "wtype": "punct", "off_end": 28, "next_word": 7}], "text": "А дома не было кушать хлеба.", "para_alignment": [{"off_start": 0, "off_end": 28, "para_id": 499}]}, {"lang": 1, "words": [{"off_start": 0, "wf": "Мама", "wtype": "word", "off_end": 4, "next_word": 1, "sentence_index": 0, "sentence_index_neg": 16}, {"off_start": 5, "wf": "с", "wtype": "word", "off_end": 6, "next_word": 2, "sentence_index": 1, "sentence_index_neg": 15}, {"off_start": 7, "wf": "папой", "wtype": "word", "off_end": 12, "next_word": 3, "sentence_index": 2, "sentence_index_neg": 14}, {"off_start": 12, "wf": "...", "wtype": "punct", "off_end": 15, "next_word": 4, "sentence_index": 3, "sentence_index_neg": 13}, {"off_start": 16, "wf": "Папа", "wtype": "word", "off_end": 20, "next_word": 5, "sentence_index": 4, "sentence_index_neg": 12}, {"off_start": 21, "wf": "был", "wtype": "word", "off_end": 24, "next_word": 6, "sentence_index": 5, "sentence_index_neg": 11}, {"off_start": 25, "wf": "на", "wtype": "word", "off_end": 27, "next_word": 7, "sentence_index": 6, "sentence_index_neg": 10}, {"off_start": 28, "wf": "работе", "wtype": "word", "off_end": 34, "next_word": 8, "sentence_index": 7, "sentence_index_neg": 9}, {"off_start": 34, "wf": ",", "wtype": "punct", "off_end": 35, "next_word": 9, "sentence_index": 8, "sentence_index_neg": 8}, {"off_start": 36, "wf": "а", "wtype": "word", "off_end": 37, "next_word": 10, "sentence_index": 9, "sentence_index_neg": 7}, {"off_start": 38, "wf": "мама", "wtype": "word", "off_end": 42, "next_word": 11, "sentence_index": 10, "sentence_index_neg": 6}, {"off_start": 43, "wf": "послала", "wtype": "word", "off_end": 50, "next_word": 12, "sentence_index": 11, "sentence_index_neg": 5}, {"off_start": 51, "wf": "нас", "wtype": "word", "off_end": 54, "next_word": 13, "sentence_index": 12, "sentence_index_neg": 4}, {"off_start": 55, "wf": "с", "wtype": "word", "off_end": 56, "next_word": 14, "sentence_index": 13, "sentence_index_neg": 3}, {"off_start": 57, "wf": "сестрой", "wtype": "word", "off_end": 64, "next_word": 15, "sentence_index": 14, "sentence_index_neg": 2}, {"off_start": 65, "wf": "муку", "wtype": "word", "off_end": 69, "next_word": 16, "sentence_index": 15, "sentence_index_neg": 1}, {"off_start": 70, "wf": "молоть", "wtype": "word", "off_end": 76, "next_word": 17, "sentence_index": 16, "sentence_index_neg": 0}, {"off_start": 76, "wf": ".", "wtype": "punct", "off_end": 77, "next_word": 18}], "text": "Мама с папой... Папа был на работе, а мама послала нас с сестрой муку молоть.", "para_alignment": [{"off_start": 0, "off_end": 77, "para_id": 500}]}, {"lang": 1, "words": [{"off_start": 0, "wf": "За", "wtype": "word", "off_end": 2, "next_word": 1, "sentence_index": 0, "sentence_index_neg": 4}, {"off_start": 3, "wf": "деревней", "wtype": "word", "off_end": 11, "next_word": 2, "sentence_index": 1, "sentence_index_neg": 3}, {"off_start": 12, "wf": "Вякшлап", "wtype": "word", "off_end": 19, "next_word": 3, "sentence_index": 2, "sentence_index_neg": 2}, {"off_start": 20, "wf": "была", "wtype": "word", "off_end": 24, "next_word": 4, "sentence_index": 3, "sentence_index_neg": 1}, {"off_start": 25, "wf": "мельница", "wtype": "word", "off_end": 33, "next_word": 5, "sentence_index": 4, "sentence_index_neg": 0}, {"off_start": 33, "wf": ".", "wtype": "punct", "off_end": 34, "next_word": 6}], "text": "За деревней Вякшлап была мельница.", "para_alignment": [{"off_start": 0, "off_end": 34, "para_id": 501}]}, {"lang": 1, "words": [{"off_start": 0, "wf": "Послала", "wtype": "word", "off_end": 7, "next_word": 1, "sentence_index": 0, "sentence_index_neg": 2}, {"off_start": 8, "wf": "молоть", "wtype": "word", "off_end": 14, "next_word": 2, "sentence_index": 1, "sentence_index_neg": 1}, {"off_start": 15, "wf": "муку", "wtype": "word", "off_end": 19, "next_word": 3, "sentence_index": 2, "sentence_index_neg": 0}, {"off_start": 19, "wf": ".", "wtype": "punct", "off_end": 20, "next_word": 4}], "text": "Послала молоть муку.", "para_alignment": [{"off_start": 0, "off_end": 20, "para_id": 502}]}, {"lang": 1, "words": [{"off_start": 0, "wf": "Была", "wtype": "word", "off_end": 4, "next_word": 1, "sentence_index": 0, "sentence_index_neg": 3}, {"off_start": 5, "wf": "только", "wtype": "word", "off_end": 11, "next_word": 2, "sentence_index": 1, "sentence_index_neg": 2}, {"off_start": 12, "wf": "маленькая", "wtype": "word", "off_end": 21, "next_word": 3, "sentence_index": 2, "sentence_index_neg": 1}, {"off_start": 22, "wf": "дорожка", "wtype": "word", "off_end": 29, "next_word": 4, "sentence_index": 3, "sentence_index_neg": 0}, {"off_start": 29, "wf": ".", "wtype": "punct", "off_end": 30, "next_word": 5}], "text": "Была только маленькая дорожка.", "para_alignment": [{"off_start": 0, "off_end": 30, "para_id": 503}]}, {"lang": 1, "words": [{"off_start": 0, "wf": "Мы", "wtype": "word", "off_end": 2, "next_word": 1, "sentence_index": 0, "sentence_index_neg": 13}, {"off_start": 3, "wf": "положили", "wtype": "word", "off_end": 11, "next_word": 2, "sentence_index": 1, "sentence_index_neg": 12}, {"off_start": 12, "wf": "в", "wtype": "word", "off_end": 13, "next_word": 3, "sentence_index": 2, "sentence_index_neg": 11}, {"off_start": 14, "wf": "сани", "wtype": "word", "off_end": 18, "next_word": 4, "sentence_index": 3, "sentence_index_neg": 10}, {"off_start": 18, "wf": ",", "wtype": "punct", "off_end": 19, "next_word": 5, "sentence_index": 4, "sentence_index_neg": 9}, {"off_start": 20, "wf": "в", "wtype": "word", "off_end": 21, "next_word": 6, "sentence_index": 5, "sentence_index_neg": 8}, {"off_start": 22, "wf": "санки", "wtype": "word", "off_end": 27, "next_word": 7, "sentence_index": 6, "sentence_index_neg": 7}, {"off_start": 27, "wf": ",", "wtype": "punct", "off_end": 28, "next_word": 8, "sentence_index": 7, "sentence_index_neg": 6}, {"off_start": 29, "wf": "мешок", "wtype": "word", "off_end": 34, "next_word": 9, "sentence_index": 8, "sentence_index_neg": 5}, {"off_start": 35, "wf": "зерна", "wtype": "word", "off_end": 40, "next_word": 10, "sentence_index": 9, "sentence_index_neg": 4}, {"off_start": 41, "wf": "и", "wtype": "word", "off_end": 42, "next_word": 11, "sentence_index": 10, "sentence_index_neg": 3}, {"off_start": 43, "wf": "пошли", "wtype": "word", "off_end": 48, "next_word": 12, "sentence_index": 11, "sentence_index_neg": 2}, {"off_start": 49, "wf": "молоть", "wtype": "word", "off_end": 55, "next_word": 13, "sentence_index": 12, "sentence_index_neg": 1}, {"off_start": 56, "wf": "муку", "wtype": "word", "off_end": 60, "next_word": 14, "sentence_index": 13, "sentence_index_neg": 0}, {"off_start": 60, "wf": ".", "wtype": "punct", "off_end": 61, "next_word": 15}], "text": "Мы положили в сани, в санки, мешок зерна и пошли молоть муку.", "para_alignment": [{"off_start": 0, "off_end": 61, "para_id": 504}]}, {"lang": 1, "words": [{"off_start": 0, "wf": "По", "wtype": "word", "off_end": 2, "next_word": 1, "sentence_index": 0, "sentence_index_neg": 4}, {"off_start": 3, "wf": "селу", "wtype": "word", "off_end": 7, "next_word": 2, "sentence_index": 1, "sentence_index_neg": 3}, {"off_start": 8, "wf": "мы", "wtype": "word", "off_end": 10, "next_word": 3, "sentence_index": 2, "sentence_index_neg": 2}, {"off_start": 11, "wf": "тянули", "wtype": "word", "off_end": 17, "next_word": 4, "sentence_index": 3, "sentence_index_neg": 1}, {"off_start": 18, "wf": "вдвоем", "wtype": "word", "off_end": 24, "next_word": 5, "sentence_index": 4, "sentence_index_neg": 0}, {"off_start": 24, "wf": ".", "wtype": "punct", "off_end": 25, "next_word": 6}], "text": "По селу мы тянули вдвоем.", "para_alignment": [{"off_start": 0, "off_end": 25, "para_id": 505}]}, {"lang": 1, "words": [{"off_start": 0, "wf": "Потом", "wtype": "word", "off_end": 5, "next_word": 1, "sentence_index": 0, "sentence_index_neg": 8}, {"off_start": 5, "wf": ",", "wtype": "punct", "off_end": 6, "next_word": 2, "sentence_index": 1, "sentence_index_neg": 7}, {"off_start": 7, "wf": "когда", "wtype": "word", "off_end": 12, "next_word": 3, "sentence_index": 2, "sentence_index_neg": 6}, {"off_start": 13, "wf": "выйдешь", "wtype": "word", "off_end": 20, "next_word": 4, "sentence_index": 3, "sentence_index_neg": 5}, {"off_start": 21, "wf": "из", "wtype": "word", "off_end": 23, "next_word": 5, "sentence_index": 4, "sentence_index_neg": 4}, {"off_start": 24, "wf": "села", "wtype": "word", "off_end": 28, "next_word": 6, "sentence_index": 5, "sentence_index_neg": 3}, {"off_start": 28, "wf": ",", "wtype": "punct", "off_end": 29, "next_word": 7, "sentence_index": 6, "sentence_index_neg": 2}, {"off_start": 30, "wf": "есть", "wtype": "word", "off_end": 34, "next_word": 8, "sentence_index": 7, "sentence_index_neg": 1}, {"off_start": 35, "wf": "обрыв", "wtype": "word", "off_end": 40, "next_word": 9, "sentence_index": 8, "sentence_index_neg": 0}, {"off_start": 40, "wf": ".", "wtype": "punct", "off_end": 41, "next_word": 10}], "text": "Потом, когда выйдешь из села, есть обрыв.", "para_alignment": [{"off_start": 0, "off_end": 41, "para_id": 506}]}, {"lang": 1, "words": [{"off_start": 0, "wf": "К", "wtype": "word", "off_end": 1, "next_word": 1, "sentence_index": 0, "sentence_index_neg": 5}, {"off_start": 2, "wf": "мельнице", "wtype": "word", "off_end": 10, "next_word": 2, "sentence_index": 1, "sentence_index_neg": 4}, {"off_start": 11, "wf": "нужно", "wtype": "word", "off_end": 16, "next_word": 3, "sentence_index": 2, "sentence_index_neg": 3}, {"off_start": 17, "wf": "ехать", "wtype": "word", "off_end": 22, "next_word": 4, "sentence_index": 3, "sentence_index_neg": 2}, {"off_start": 23, "wf": "вдоль", "wtype": "word", "off_end": 28, "next_word": 5, "sentence_index": 4, "sentence_index_neg": 1}, {"off_start": 29, "wf": "обрыва", "wtype": "word", "off_end": 35, "next_word": 6, "sentence_index": 5, "sentence_index_neg": 0}, {"off_start": 35, "wf": ".", "wtype": "punct", "off_end": 36, "next_word": 7}], "text": "К мельнице нужно ехать вдоль обрыва.", "para_alignment": [{"off_start": 0, "off_end": 36, "para_id": 507}]}, {"lang": 1, "words": [{"off_start": 0, "wf": "Мы", "wtype": "word", "off_end": 2, "next_word": 1, "sentence_index": 0, "sentence_index_neg": 10}, {"off_start": 3, "wf": "с", "wtype": "word", "off_end": 4, "next_word": 2, "sentence_index": 1, "sentence_index_neg": 9}, {"off_start": 5, "wf": "сестрой", "wtype": "word", "off_end": 12, "next_word": 3, "sentence_index": 2, "sentence_index_neg": 8}, {"off_start": 13, "wf": "сели", "wtype": "word", "off_end": 17, "next_word": 4, "sentence_index": 3, "sentence_index_neg": 7}, {"off_start": 18, "wf": "на", "wtype": "word", "off_end": 20, "next_word": 5, "sentence_index": 4, "sentence_index_neg": 6}, {"off_start": 21, "wf": "мешок", "wtype": "word", "off_end": 26, "next_word": 6, "sentence_index": 5, "sentence_index_neg": 5}, {"off_start": 27, "wf": "и", "wtype": "word", "off_end": 28, "next_word": 7, "sentence_index": 6, "sentence_index_neg": 4}, {"off_start": 29, "wf": "поехали", "wtype": "word", "off_end": 36, "next_word": 8, "sentence_index": 7, "sentence_index_neg": 3}, {"off_start": 37, "wf": "вниз", "wtype": "word", "off_end": 41, "next_word": 9, "sentence_index": 8, "sentence_index_neg": 2}, {"off_start": 42, "wf": "в", "wtype": "word", "off_end": 43, "next_word": 10, "sentence_index": 9, "sentence_index_neg": 1}, {"off_start": 44, "wf": "овраг", "wtype": "word", "off_end": 49, "next_word": 11, "sentence_index": 10, "sentence_index_neg": 0}, {"off_start": 49, "wf": ".", "wtype": "punct", "off_end": 50, "next_word": 12}], "text": "Мы с сестрой сели на мешок и поехали вниз в овраг.", "para_alignment": [{"off_start": 0, "off_end": 50, "para_id": 508}]}, {"lang": 1, "words": [{"off_start": 0, "wf": "Вместе", "wtype": "word", "off_end": 6, "next_word": 1, "sentence_index": 0, "sentence_index_neg": 9}, {"off_start": 7, "wf": "с", "wtype": "word", "off_end": 8, "next_word": 2, "sentence_index": 1, "sentence_index_neg": 8}, {"off_start": 9, "wf": "мешком", "wtype": "word", "off_end": 15, "next_word": 3, "sentence_index": 2, "sentence_index_neg": 7}, {"off_start": 15, "wf": ",", "wtype": "punct", "off_end": 16, "next_word": 4, "sentence_index": 3, "sentence_index_neg": 6}, {"off_start": 17, "wf": "с", "wtype": "word", "off_end": 18, "next_word": 5, "sentence_index": 4, "sentence_index_neg": 5}, {"off_start": 19, "wf": "санками", "wtype": "word", "off_end": 26, "next_word": 6, "sentence_index": 5, "sentence_index_neg": 4}, {"off_start": 27, "wf": "скатились", "wtype": "word", "off_end": 36, "next_word": 7, "sentence_index": 6, "sentence_index_neg": 3}, {"off_start": 37, "wf": "на", "wtype": "word", "off_end": 39, "next_word": 8, "sentence_index": 7, "sentence_index_neg": 2}, {"off_start": 40, "wf": "дно", "wtype": "word", "off_end": 43, "next_word": 9, "sentence_index": 8, "sentence_index_neg": 1}, {"off_start": 44, "wf": "оврага", "wtype": "word", "off_end": 50, "next_word": 10, "sentence_index": 9, "sentence_index_neg": 0}, {"off_start": 50, "wf": ".", "wtype": "punct", "off_end": 51, "next_word": 11}], "text": "Вместе с мешком, с санками скатились на дно оврага.", "para_alignment": [{"off_start": 0, "off_end": 51, "para_id": 509}]}, {"lang": 1, "words": [{"off_start": 0, "wf": "Где-то", "wtype": "word", "off_end": 6, "next_word": 1, "sentence_index": 0, "sentence_index_neg": 8}, {"off_start": 7, "wf": "наверное", "wtype": "word", "off_end": 15, "next_word": 2, "sentence_index": 1, "sentence_index_neg": 7}, {"off_start": 16, "wf": "на", "wtype": "word", "off_end": 18, "next_word": 3, "sentence_index": 2, "sentence_index_neg": 6}, {"off_start": 19, "wf": "полкилометра", "wtype": "word", "off_end": 31, "next_word": 4, "sentence_index": 3, "sentence_index_neg": 5}, {"off_start": 32, "wf": "мы", "wtype": "word", "off_end": 34, "next_word": 5, "sentence_index": 4, "sentence_index_neg": 4}, {"off_start": 35, "wf": "свалились", "wtype": "word", "off_end": 44, "next_word": 6, "sentence_index": 5, "sentence_index_neg": 3}, {"off_start": 45, "wf": "на", "wtype": "word", "off_end": 47, "next_word": 7, "sentence_index": 6, "sentence_index_neg": 2}, {"off_start": 48, "wf": "дно", "wtype": "word", "off_end": 51, "next_word": 8, "sentence_index": 7, "sentence_index_neg": 1}, {"off_start": 52, "wf": "обрыва", "wtype": "word", "off_end": 58, "next_word": 9, "sentence_index": 8, "sentence_index_neg": 0}, {"off_start": 58, "wf": ".", "wtype": "punct", "off_end": 59, "next_word": 10}], "text": "Где-то наверное на полкилометра мы свалились на дно обрыва.", "para_alignment": [{"off_start": 0, "off_end": 59, "para_id": 510}]}, {"lang": 1, "words": [{"off_start": 0, "wf": "Потом", "wtype": "word", "off_end": 5, "next_word": 1, "sentence_index": 0, "sentence_index_neg": 8}, {"off_start": 6, "wf": "думали-думали", "wtype": "word", "off_end": 19, "next_word": 2, "sentence_index": 1, "sentence_index_neg": 7}, {"off_start": 19, "wf": ",", "wtype": "punct", "off_end": 20, "next_word": 3, "sentence_index": 2, "sentence_index_neg": 6}, {"off_start": 21, "wf": "снег", "wtype": "word", "off_end": 25, "next_word": 4, "sentence_index": 3, "sentence_index_neg": 5}, {"off_start": 26, "wf": "глубокий", "wtype": "word", "off_end": 34, "next_word": 5, "sentence_index": 4, "sentence_index_neg": 4}, {"off_start": 34, "wf": ",", "wtype": "punct", "off_end": 35, "next_word": 6, "sentence_index": 5, "sentence_index_neg": 3}, {"off_start": 36, "wf": "как", "wtype": "word", "off_end": 39, "next_word": 7, "sentence_index": 6, "sentence_index_neg": 2}, {"off_start": 40, "wf": "выйти", "wtype": "word", "off_end": 45, "next_word": 8, "sentence_index": 7, "sentence_index_neg": 1}, {"off_start": 46, "wf": "оттуда", "wtype": "word", "off_end": 52, "next_word": 9, "sentence_index": 8, "sentence_index_neg": 0}, {"off_start": 52, "wf": ".", "wtype": "punct", "off_end": 53, "next_word": 10}], "text": "Потом думали-думали, снег глубокий, как выйти оттуда.", "para_alignment": [{"off_start": 0, "off_end": 53, "para_id": 511}]}, {"lang": 1, "words": [{"off_start": 0, "wf": "Сестра", "wtype": "word", "off_end": 6, "next_word": 1, "sentence_index": 0, "sentence_index_neg": 4}, {"off_start": 7, "wf": "тянула", "wtype": "word", "off_end": 13, "next_word": 2, "sentence_index": 1, "sentence_index_neg": 3}, {"off_start": 13, "wf": ",", "wtype": "punct", "off_end": 14, "next_word": 3, "sentence_index": 2, "sentence_index_neg": 2}, {"off_start": 15, "wf": "я", "wtype": "word", "off_end": 16, "next_word": 4, "sentence_index": 3, "sentence_index_neg": 1}, {"off_start": 17, "wf": "толкала", "wtype": "word", "off_end": 24, "next_word": 5, "sentence_index": 4, "sentence_index_neg": 0}, {"off_start": 24, "wf": ".", "wtype": "punct", "off_end": 25, "next_word": 6}], "text": "Сестра тянула, я толкала.", "para_alignment": [{"off_start": 0, "off_end": 25, "para_id": 512}]}, {"lang": 1, "words": [{"off_start": 0, "wf": "Только", "wtype": "word", "off_end": 6, "next_word": 1, "sentence_index": 0, "sentence_index_neg": 6}, {"off_start": 7, "wf": "к", "wtype": "word", "off_end": 8, "next_word": 2, "sentence_index": 1, "sentence_index_neg": 5}, {"off_start": 9, "wf": "вечеру", "wtype": "word", "off_end": 15, "next_word": 3, "sentence_index": 2, "sentence_index_neg": 4}, {"off_start": 16, "wf": "мы", "wtype": "word", "off_end": 18, "next_word": 4, "sentence_index": 3, "sentence_index_neg": 3}, {"off_start": 19, "wf": "дошли", "wtype": "word", "off_end": 24, "next_word": 5, "sentence_index": 4, "sentence_index_neg": 2}, {"off_start": 25, "wf": "до", "wtype": "word", "off_end": 27, "next_word": 6, "sentence_index": 5, "sentence_index_neg": 1}, {"off_start": 28, "wf": "мельницы", "wtype": "word", "off_end": 36, "next_word": 7, "sentence_index": 6, "sentence_index_neg": 0}, {"off_start": 36, "wf": ".", "wtype": "punct", "off_end": 37, "next_word": 8}], "text": "Только к вечеру мы дошли до мельницы.", "para_alignment": [{"off_start": 0, "off_end": 37, "para_id": 513}]}, {"lang": 1, "words": [{"off_start": 0, "wf": "Дошли", "wtype": "word", "off_end": 5, "next_word": 1, "sentence_index": 0, "sentence_index_neg": 3}, {"off_start": 6, "wf": "вечером", "wtype": "word", "off_end": 13, "next_word": 2, "sentence_index": 1, "sentence_index_neg": 2}, {"off_start": 13, "wf": ",", "wtype": "punct", "off_end": 14, "next_word": 3, "sentence_index": 2, "sentence_index_neg": 1}, {"off_start": 15, "wf": "устали", "wtype": "word", "off_end": 21, "next_word": 4, "sentence_index": 3, "sentence_index_neg": 0}, {"off_start": 21, "wf": ".", "wtype": "punct", "off_end": 22, "next_word": 5}], "text": "Дошли вечером, устали.", "para_alignment": [{"off_start": 0, "off_end": 22, "para_id": 514}]}, {"lang": 1, "words": [{"off_start": 0, "wf": "Уже", "wtype": "word", "off_end": 3, "next_word": 1, "sentence_index": 0, "sentence_index_neg": 6}, {"off_start": 4, "wf": "другие", "wtype": "word", "off_end": 10, "next_word": 2, "sentence_index": 1, "sentence_index_neg": 5}, {"off_start": 10, "wf": ",", "wtype": "punct", "off_end": 11, "next_word": 3, "sentence_index": 2, "sentence_index_neg": 4}, {"off_start": 12, "wf": "смолов", "wtype": "word", "off_end": 18, "next_word": 4, "sentence_index": 3, "sentence_index_neg": 3}, {"off_start": 19, "wf": "муку", "wtype": "word", "off_end": 23, "next_word": 5, "sentence_index": 4, "sentence_index_neg": 2}, {"off_start": 23, "wf": ",", "wtype": "punct", "off_end": 24, "next_word": 6, "sentence_index": 5, "sentence_index_neg": 1}, {"off_start": 25, "wf": "ушли", "wtype": "word", "off_end": 29, "next_word": 7, "sentence_index": 6, "sentence_index_neg": 0}, {"off_start": 29, "wf": ".", "wtype": "punct", "off_end": 30, "next_word": 8}], "text": "Уже другие, смолов муку, ушли.", "para_alignment": [{"off_start": 0, "off_end": 30, "para_id": 515}]}, {"lang": 1, "words": [{"off_start": 0, "wf": "Там", "wtype": "word", "off_end": 3, "next_word": 1, "sentence_index": 0, "sentence_index_neg": 6}, {"off_start": 4, "wf": "были", "wtype": "word", "off_end": 8, "next_word": 2, "sentence_index": 1, "sentence_index_neg": 5}, {"off_start": 9, "wf": "люди", "wtype": "word", "off_end": 13, "next_word": 3, "sentence_index": 2, "sentence_index_neg": 4}, {"off_start": 13, "wf": ",", "wtype": "punct", "off_end": 14, "next_word": 4, "sentence_index": 3, "sentence_index_neg": 3}, {"off_start": 15, "wf": "которые", "wtype": "word", "off_end": 22, "next_word": 5, "sentence_index": 4, "sentence_index_neg": 2}, {"off_start": 23, "wf": "счесывали", "wtype": "word", "off_end": 32, "next_word": 6, "sentence_index": 5, "sentence_index_neg": 1}, {"off_start": 33, "wf": "шерсть", "wtype": "word", "off_end": 39, "next_word": 7, "sentence_index": 6, "sentence_index_neg": 0}, {"off_start": 39, "wf": ".", "wtype": "punct", "off_end": 40, "next_word": 8}], "text": "Там были люди, которые счесывали шерсть.", "para_alignment": [{"off_start": 0, "off_end": 40, "para_id": 516}]}, {"lang": 1, "words": [{"off_start": 0, "wf": "Нас", "wtype": "word", "off_end": 3, "next_word": 1, "sentence_index": 0, "sentence_index_neg": 7}, {"off_start": 4, "wf": "быстренько", "wtype": "word", "off_end": 14, "next_word": 2, "sentence_index": 1, "sentence_index_neg": 6}, {"off_start": 15, "wf": "напоили", "wtype": "word", "off_end": 22, "next_word": 3, "sentence_index": 2, "sentence_index_neg": 5}, {"off_start": 23, "wf": "горячей", "wtype": "word", "off_end": 30, "next_word": 4, "sentence_index": 3, "sentence_index_neg": 4}, {"off_start": 31, "wf": "водой", "wtype": "word", "off_end": 36, "next_word": 5, "sentence_index": 4, "sentence_index_neg": 3}, {"off_start": 37, "wf": "и", "wtype": "word", "off_end": 38, "next_word": 6, "sentence_index": 5, "sentence_index_neg": 2}, {"off_start": 39, "wf": "уложили", "wtype": "word", "off_end": 46, "next_word": 7, "sentence_index": 6, "sentence_index_neg": 1}, {"off_start": 47, "wf": "спать", "wtype": "word", "off_end": 52, "next_word": 8, "sentence_index": 7, "sentence_index_neg": 0}, {"off_start": 52, "wf": ".", "wtype": "punct", "off_end": 53, "next_word": 9}], "text": "Нас быстренько напоили горячей водой и уложили спать.", "para_alignment": [{"off_start": 0, "off_end": 53, "para_id": 517}]}, {"lang": 1, "words": [{"off_start": 0, "wf": "Смололи", "wtype": "word", "off_end": 7, "next_word": 1, "sentence_index": 0, "sentence_index_neg": 3}, {"off_start": 8, "wf": "наш", "wtype": "word", "off_end": 11, "next_word": 2, "sentence_index": 1, "sentence_index_neg": 2}, {"off_start": 12, "wf": "мешок", "wtype": "word", "off_end": 17, "next_word": 3, "sentence_index": 2, "sentence_index_neg": 1}, {"off_start": 18, "wf": "зерна", "wtype": "word", "off_end": 23, "next_word": 4, "sentence_index": 3, "sentence_index_neg": 0}], "text": "Смололи наш мешок зерна", "para_alignment": [{"off_start": 0, "off_end": 23, "para_id": 518}]}, {"lang": 1, "words": [{"off_start": 0, "wf": "Нас", "wtype": "word", "off_end": 3, "next_word": 1, "sentence_index": 0, "sentence_index_neg": 5}, {"off_start": 4, "wf": "разбудили", "wtype": "word", "off_end": 13, "next_word": 2, "sentence_index": 1, "sentence_index_neg": 4}, {"off_start": 14, "wf": "и", "wtype": "word", "off_end": 15, "next_word": 3, "sentence_index": 2, "sentence_index_neg": 3}, {"off_start": 16, "wf": "проводили", "wtype": "word", "off_end": 25, "next_word": 4, "sentence_index": 3, "sentence_index_neg": 2}, {"off_start": 26, "wf": "до", "wtype": "word", "off_end": 28, "next_word": 5, "sentence_index": 4, "sentence_index_neg": 1}, {"off_start": 29, "wf": "дома", "wtype": "word", "off_end": 33, "next_word": 6, "sentence_index": 5, "sentence_index_neg": 0}, {"off_start": 33, "wf": ".", "wtype": "punct", "off_end": 34, "next_word": 7}], "text": "Нас разбудили и проводили до дома.", "para_alignment": [{"off_start": 0, "off_end": 34, "para_id": 519}]}]}