{"meta": {"title": "Как перегородили Волгу", "filename": "corpus\\xml\\hill.xml"}, "sentences": [{"lang": 0, "words": [{"wtype": "punct", "wf": "1.1.", "off_start": 0, "off_end": 4, "next_word": 1}, {"wtype": "word", "wf": "jə̑leš", "ana": [{"parts": "jə̑l-eš", "gloss": "", "gloss_index": "", "lex": "jə̑l", "trans_ru": "Волга", "gloss_ru": "Волга-LAT", "gloss_index_ru": "STEM{jə̑l}-LAT{eš}-", "gr.pos": "n"}], "off_start": 5, "off_end": 11, "next_word": 2, "sentence_index": 0, "sentence_index_neg": 2}, {"wtype": "word", "wf": "mängə̈vläm", "ana": [{"parts": "mängə̈-vlä-m", "gloss": "", "gloss_index": "", "lex": "mängə̈", "trans_ru": "столб", "gloss_ru": "столб-PL-ACC", "gloss_index_ru": "STEM{mängə̈}-PL{vlä}-ACC{m}-", "gr.pos": "n"}], "off_start": 12, "off_end": 22, "next_word": 3, "sentence_index": 1, "sentence_index_neg": 1}, {"wtype": "word", "wf": "šimäš", "ana": [{"parts": "ši-mäš", "gloss": "", "gloss_index": "", "lex": "ši", "trans_ru": "бить", "gloss_ru": "бить-NMLZ2", "gloss_index_ru": "STEM{ši}-NMLZ2{mäš}-", "gr.pos": ["v", "n"]}], "off_start": 23, "off_end": 28, "next_word": 4, "sentence_index": 2, "sentence_index_neg": 0}, {"wtype": "punct", "wf": ".", "off_start": 28, "off_end": 29, "next_word": 5}], "text": "1.1. jə̑leš mängə̈vläm šimäš.", "para_alignment": [{"off_start": 0, "off_end": 29, "para_id": 3908}]}, {"lang": 0, "words": [{"wtype": "punct", "wf": "1.2.", "off_start": 0, "off_end": 4, "next_word": 1}, {"wtype": "word", "wf": "marə̑vlä", "ana": [{"parts": "marə̑-vlä", "gloss": "", "gloss_index": "", "lex": "marə̑", "trans_ru": "мари", "gloss_ru": "мари-PL", "gloss_index_ru": "STEM{marə̑}-PL{vlä}-", "gr.pos": "n"}], "off_start": 5, "off_end": 13, "next_word": 2, "sentence_index": 0, "sentence_index_neg": 8}, {"wtype": "word", "wf": "jə̑leš", "ana": [{"parts": "jə̑l-eš", "gloss": "", "gloss_index": "", "lex": "jə̑l", "trans_ru": "Волга", "gloss_ru": "Волга-LAT", "gloss_index_ru": "STEM{jə̑l}-LAT{eš}-", "gr.pos": "n"}], "off_start": 14, "off_end": 20, "next_word": 3, "sentence_index": 1, "sentence_index_neg": 7}, {"wtype": "word", "wf": "akozin", "ana": [{"parts": "akozin", "gloss": "", "gloss_index": "", "lex": "akozin", "trans_ru": "Акозино", "gloss_ru": "Акозино", "gloss_index_ru": "STEM{akozin}-", "gr.pos": "n"}], "off_start": 21, "off_end": 27, "next_word": 4, "sentence_index": 2, "sentence_index_neg": 6}, {"wtype": "word", "wf": "doran", "ana": [{"parts": "do-ran", "gloss": "", "gloss_index": "", "lex": "do", "trans_ru": "у", "gloss_ru": "у-LAT2", "gloss_index_ru": "STEM{do}-LAT2{ran}-", "gr.pos": "post"}], "off_start": 28, "off_end": 33, "next_word": 5, "sentence_index": 3, "sentence_index_neg": 5}, {"wtype": "word", "wf": "tum", "ana": [{"parts": "tum", "gloss": "", "gloss_index": "", "lex": "tum", "trans_ru": "дуб", "gloss_ru": "дуб", "gloss_index_ru": "STEM{tum}-", "gr.pos": "n"}], "off_start": 34, "off_end": 37, "next_word": 6, "sentence_index": 4, "sentence_index_neg": 4}, {"wtype": "word", "wf": "mängə̈vläm", "ana": [{"parts": "mängə̈-vlä-m", "gloss": "", "gloss_index": "", "lex": "mängə̈", "trans_ru": "столб", "gloss_ru": "столб-PL-ACC", "gloss_index_ru": "STEM{mängə̈}-PL{vlä}-ACC{m}-", "gr.pos": "n"}], "off_start": 38, "off_end": 48, "next_word": 7, "sentence_index": 5, "sentence_index_neg": 3}, {"wtype": "word", "wf": "pə̑š", "ana": [{"parts": "pə̑š", "gloss": "", "gloss_index": "", "lex": "pə̑š", "trans_ru": "лодка", "gloss_ru": "лодка", "gloss_index_ru": "STEM{pə̑š}-", "gr.pos": "n"}], "off_start": 49, "off_end": 53, "next_word": 8, "sentence_index": 6, "sentence_index_neg": 2}, {"wtype": "word", "wf": "valtaš", "ana": [{"parts": "val-t-aš", "gloss": "", "gloss_index": "", "lex": "val", "trans_ru": "спускаться", "gloss_ru": "спускаться-CAUS-INF", "gloss_index_ru": "STEM{val}-CAUS{t}-INF{aš}-", "gr.pos": "v"}], "off_start": 54, "off_end": 60, "next_word": 9, "sentence_index": 7, "sentence_index_neg": 1}, {"wtype": "word", "wf": "šinə̈t", "ana": [{"parts": "ši-n-ə̈t", "gloss": "", "gloss_index": "", "lex": "ši", "trans_ru": "бить", "gloss_ru": "бить-PRET-3PL", "gloss_index_ru": "STEM{ši}-PRET{n}-3PL{ə̈t}-", "gr.pos": "v"}], "off_start": 61, "off_end": 67, "next_word": 10, "sentence_index": 8, "sentence_index_neg": 0}, {"wtype": "punct", "wf": ".", "off_start": 67, "off_end": 68, "next_word": 11}], "text": "1.2. marə̑vlä jə̑leš akozin doran tum mängə̈vläm pə̑š valtaš šinə̈t.", "para_alignment": [{"off_start": 0, "off_end": 68, "para_id": 3909}]}, {"lang": 0, "words": [{"wtype": "punct", "wf": "1.3.", "off_start": 0, "off_end": 4, "next_word": 1}, {"wtype": "word", "wf": "nə̈nə̈m", "ana": [{"parts": "nə̈nə̈-m", "gloss": "", "gloss_index": "", "lex": "nə̈nə̈", "trans_ru": "те", "gloss_ru": "те-ACC", "gloss_index_ru": "STEM{nə̈nə̈}-ACC{m}-", "gr.pos": ["pro-form", "pro"]}], "off_start": 5, "off_end": 12, "next_word": 2, "sentence_index": 0, "sentence_index_neg": 9}, {"wtype": "word", "wf": "jə̑l", "ana": [{"parts": "jə̑l", "gloss": "", "gloss_index": "", "lex": "jə̑l", "trans_ru": "Волга", "gloss_ru": "Волга", "gloss_index_ru": "STEM{jə̑l}-", "gr.pos": ["n", "v"]}], "off_start": 13, "off_end": 17, "next_word": 3, "sentence_index": 1, "sentence_index_neg": 8}, {"wtype": "word", "wf": "toreš", "ana": [{"parts": "tor-eš", "gloss": "", "gloss_index": "", "lex": "tor", "trans_ru": "поперек", "gloss_ru": "поперек-LAT", "gloss_index_ru": "STEM{tor}-LAT{eš}-", "gr.pos": "post"}], "off_start": 18, "off_end": 23, "next_word": 4, "sentence_index": 2, "sentence_index_neg": 7}, {"wtype": "word", "wf": "šinə̈t", "ana": [{"parts": "ši-n-ə̈t", "gloss": "", "gloss_index": "", "lex": "ši", "trans_ru": "бить", "gloss_ru": "бить-PRET-3PL", "gloss_index_ru": "STEM{ši}-PRET{n}-3PL{ə̈t}-", "gr.pos": "v"}], "off_start": 24, "off_end": 30, "next_word": 5, "sentence_index": 3, "sentence_index_neg": 6}, {"wtype": "word", "wf": "ivan", "ana": [{"parts": "ivan", "gloss": "", "gloss_index": "", "lex": "ivan", "trans_ru": "Иван", "gloss_ru": "Иван", "gloss_index_ru": "STEM{ivan}-", "gr.pos": "n"}], "off_start": 31, "off_end": 35, "next_word": 6, "sentence_index": 4, "sentence_index_neg": 5}, {"wtype": "word", "wf": "groznə̑jə̑m", "ana": [{"parts": "groznə̑j-ə̑m", "gloss": "", "gloss_index": "", "lex": "groznə̑j", "trans_ru": "Грозный", "gloss_ru": "Грозный-ACC", "gloss_index_ru": "STEM{groznə̑j}-ACC{ə̑m}-", "gr.pos": "n"}], "off_start": 36, "off_end": 47, "next_word": 7, "sentence_index": 5, "sentence_index_neg": 4}, {"wtype": "word", "wf": "koltaš", "ana": [{"parts": "kolt-aš", "gloss": "", "gloss_index": "", "lex": "kolt", "trans_ru": "посылать", "gloss_ru": "посылать-INF", "gloss_index_ru": "STEM{kolt}-INF{aš}-", "gr.pos": "v"}], "off_start": 48, "off_end": 54, "next_word": 8, "sentence_index": 6, "sentence_index_neg": 3}, {"wtype": "word", "wf": "ə̈nžə̈", "ana": [{"parts": "ə̈nžə̈", "gloss": "", "gloss_index": "", "lex": "ə̈nžə̈", "trans_ru": "NEG", "gloss_ru": "NEG.JUSS", "gloss_index_ru": "STEM{ə̈nžə̈}-", "gr.pos": "negp"}], "off_start": 55, "off_end": 61, "next_word": 9, "sentence_index": 7, "sentence_index_neg": 2}, {"wtype": "word", "wf": "li", "ana": [{"parts": "li", "gloss": "", "gloss_index": "", "lex": "li", "trans_ru": "становиться", "gloss_ru": "становиться", "gloss_index_ru": "STEM{li}-", "gr.pos": "v"}], "off_start": 62, "off_end": 64, "next_word": 10, "sentence_index": 8, "sentence_index_neg": 1}, {"wtype": "word", "wf": "manə̑n", "ana": [{"parts": "man-ə̑n", "gloss": "", "gloss_index": "", "lex": "man", "trans_ru": "говорить", "gloss_ru": "говорить-CVB", "gloss_index_ru": "STEM{man}-CVB{ə̑n}-", "gr.pos": "v"}], "off_start": 65, "off_end": 71, "next_word": 11, "sentence_index": 9, "sentence_index_neg": 0}, {"wtype": "punct", "wf": ".", "off_start": 71, "off_end": 72, "next_word": 12}], "text": "1.3. nə̈nə̈m jə̑l toreš šinə̈t ivan groznə̑jə̑m koltaš ə̈nžə̈ li manə̑n.", "para_alignment": [{"off_start": 0, "off_end": 72, "para_id": 3910}]}, {"lang": 0, "words": [{"wtype": "punct", "wf": "1.4.", "off_start": 0, "off_end": 4, "next_word": 1}, {"wtype": "word", "wf": "ivan", "ana": [{"parts": "ivan", "gloss": "", "gloss_index": "", "lex": "ivan", "trans_ru": "Иван", "gloss_ru": "Иван", "gloss_index_ru": "STEM{ivan}-", "gr.pos": "n"}], "off_start": 5, "off_end": 9, "next_word": 2, "sentence_index": 0, "sentence_index_neg": 4}, {"wtype": "word", "wf": "groznə̑jžə̑", "ana": [{"parts": "groznə̑j-žə̑", "gloss": "", "gloss_index": "", "lex": "groznə̑j", "trans_ru": "Грозный", "gloss_ru": "Грозный-POSS.3SG", "gloss_index_ru": "STEM{groznə̑j}-POSS.3SG{žə̑}-", "gr.pos": "n"}], "off_start": 10, "off_end": 21, "next_word": 3, "sentence_index": 1, "sentence_index_neg": 3}, {"wtype": "word", "wf": "gor'k'ij", "ana": [{"parts": "gor'k'ij", "gloss": "", "gloss_index": "", "lex": "gor'k'ij", "trans_ru": "Горький", "gloss_ru": "Горький", "gloss_index_ru": "STEM{gor'k'ij}-", "gr.pos": "n"}], "off_start": 22, "off_end": 30, "next_word": 4, "sentence_index": 2, "sentence_index_neg": 2}, {"wtype": "word", "wf": "dorc", "ana": [{"parts": "dor-c", "gloss": "", "gloss_index": "", "lex": "dor", "trans_ru": "у", "gloss_ru": "у-EL", "gloss_index_ru": "STEM{dor}-EL{c}-", "gr.pos": "post"}], "off_start": 31, "off_end": 35, "next_word": 5, "sentence_index": 3, "sentence_index_neg": 1}, {"wtype": "word", "wf": "valen", "ana": [{"parts": "val-en", "gloss": "", "gloss_index": "", "lex": "val", "trans_ru": "спускаться", "gloss_ru": "спускаться-PRET", "gloss_index_ru": "STEM{val}-PRET{en}-", "gr.pos": "v"}], "off_start": 36, "off_end": 41, "next_word": 6, "sentence_index": 4, "sentence_index_neg": 0}, {"wtype": "punct", "wf": ".", "off_start": 41, "off_end": 42, "next_word": 7}], "text": "1.4. ivan groznə̑jžə̑ gor'k'ij dorc valen.", "para_alignment": [{"off_start": 0, "off_end": 42, "para_id": 3911}]}, {"lang": 0, "words": [{"wtype": "punct", "wf": "1.5.", "off_start": 0, "off_end": 4, "next_word": 1}, {"wtype": "word", "wf": "vara", "ana": [{"parts": "vara", "gloss": "", "gloss_index": "", "lex": "vara", "trans_ru": "потом", "gloss_ru": "потом", "gloss_index_ru": "STEM{vara}-", "gr.pos": "adv"}], "off_start": 5, "off_end": 9, "next_word": 2, "sentence_index": 0, "sentence_index_neg": 6}, {"wtype": "word", "wf": "marə̑vlä", "ana": [{"parts": "marə̑-vlä", "gloss": "", "gloss_index": "", "lex": "marə̑", "trans_ru": "мари", "gloss_ru": "мари-PL", "gloss_index_ru": "STEM{marə̑}-PL{vlä}-", "gr.pos": "n"}], "off_start": 10, "off_end": 18, "next_word": 3, "sentence_index": 1, "sentence_index_neg": 5}, {"wtype": "word", "wf": "tə̈də̈n", "ana": [{"parts": "tə̈də̈-n", "gloss": "", "gloss_index": "", "lex": "tə̈də̈", "trans_ru": "он", "gloss_ru": "он-GEN", "gloss_index_ru": "STEM{tə̈də̈}-GEN{n}-", "gr.pos": "pro-form"}], "off_start": 19, "off_end": 26, "next_word": 4, "sentence_index": 2, "sentence_index_neg": 4}, {"wtype": "word", "wf": "saga", "ana": [{"parts": "saga", "gloss": "", "gloss_index": "", "lex": "saga", "trans_ru": "около", "gloss_ru": "около", "gloss_index_ru": "STEM{saga}-", "gr.pos": "post"}], "off_start": 27, "off_end": 31, "next_word": 5, "sentence_index": 3, "sentence_index_neg": 3}, {"wtype": "word", "wf": "pə̑š", "ana": [{"parts": "pə̑š", "gloss": "", "gloss_index": "", "lex": "pə̑š", "trans_ru": "лодка", "gloss_ru": "лодка", "gloss_index_ru": "STEM{pə̑š}-", "gr.pos": "n"}], "off_start": 32, "off_end": 36, "next_word": 6, "sentence_index": 4, "sentence_index_neg": 2}, {"wtype": "word", "wf": "dono", "ana": [{"parts": "dono", "gloss": "", "gloss_index": "", "lex": "dono", "trans_ru": "с", "gloss_ru": "с", "gloss_index_ru": "STEM{dono}-", "gr.pos": "post"}], "off_start": 37, "off_end": 41, "next_word": 7, "sentence_index": 5, "sentence_index_neg": 1}, {"wtype": "word", "wf": "kenə̈t", "ana": [{"parts": "ke-n-ə̈t", "gloss": "", "gloss_index": "", "lex": "ke", "trans_ru": "идти", "gloss_ru": "идти-PRET-3PL", "gloss_index_ru": "STEM{ke}-PRET{n}-3PL{ə̈t}-", "gr.pos": "v"}], "off_start": 42, "off_end": 48, "next_word": 8, "sentence_index": 6, "sentence_index_neg": 0}, {"wtype": "punct", "wf": ".", "off_start": 48, "off_end": 49, "next_word": 9}], "text": "1.5. vara marə̑vlä tə̈də̈n saga pə̑š dono kenə̈t.", "para_alignment": [{"off_start": 0, "off_end": 49, "para_id": 3912}]}, {"lang": 0, "words": [{"wtype": "punct", "wf": "1.6.", "off_start": 0, "off_end": 4, "next_word": 1}, {"wtype": "word", "wf": "kazan'ə̑štə̑", "ana": [{"parts": "kazan'-ə̑štə̑", "gloss": "", "gloss_index": "", "lex": "kazan'", "trans_ru": "Казань", "gloss_ru": "Казань-IN", "gloss_index_ru": "STEM{kazan'}-IN{ə̑štə̑}-", "gr.pos": "n"}], "off_start": 5, "off_end": 17, "next_word": 2, "sentence_index": 0, "sentence_index_neg": 5}, {"wtype": "word", "wf": "akpars", "ana": [{"parts": "akpars", "gloss": "", "gloss_index": "", "lex": "akpars", "trans_ru": "Акпарс", "gloss_ru": "Акпарс", "gloss_index_ru": "STEM{akpars}-", "gr.pos": "n"}], "off_start": 18, "off_end": 24, "next_word": 3, "sentence_index": 1, "sentence_index_neg": 4}, {"wtype": "word", "wf": "kärš", "ana": [{"parts": "kärš", "gloss": "", "gloss_index": "", "lex": "kärš", "trans_ru": "гусли", "gloss_ru": "гусли", "gloss_index_ru": "STEM{kärš}-", "gr.pos": "n"}], "off_start": 25, "off_end": 29, "next_word": 4, "sentence_index": 2, "sentence_index_neg": 3}, {"wtype": "word", "wf": "dono", "ana": [{"parts": "dono", "gloss": "", "gloss_index": "", "lex": "dono", "trans_ru": "с", "gloss_ru": "с", "gloss_index_ru": "STEM{dono}-", "gr.pos": "post"}], "off_start": 30, "off_end": 34, "next_word": 5, "sentence_index": 3, "sentence_index_neg": 2}, {"wtype": "word", "wf": "šakten", "ana": [{"parts": "šakt-en", "gloss": "", "gloss_index": "", "lex": "šakt", "trans_ru": "играть", "gloss_ru": "играть-CVB", "gloss_index_ru": "STEM{šakt}-CVB{en}-", "gr.pos": "v"}], "off_start": 35, "off_end": 41, "next_word": 6, "sentence_index": 4, "sentence_index_neg": 1}, {"wtype": "word", "wf": "altalen", "ana": [{"parts": "altal-en", "gloss": "", "gloss_index": "", "lex": "altal", "trans_ru": "обманывать", "gloss_ru": "обманывать-PRET", "gloss_index_ru": "STEM{altal}-PRET{en}-", "gr.pos": "v"}], "off_start": 42, "off_end": 49, "next_word": 7, "sentence_index": 5, "sentence_index_neg": 0}, {"wtype": "punct", "wf": ".", "off_start": 49, "off_end": 50, "next_word": 8}], "text": "1.6. kazan'ə̑štə̑ akpars kärš dono šakten altalen.", "para_alignment": [{"off_start": 0, "off_end": 50, "para_id": 3913}]}, {"lang": 0, "words": [{"wtype": "punct", "wf": "1.7.", "off_start": 0, "off_end": 4, "next_word": 1}, {"wtype": "word", "wf": "vara", "ana": [{"parts": "vara", "gloss": "", "gloss_index": "", "lex": "vara", "trans_ru": "потом", "gloss_ru": "потом", "gloss_index_ru": "STEM{vara}-", "gr.pos": "adv"}], "off_start": 5, "off_end": 9, "next_word": 2, "sentence_index": 0, "sentence_index_neg": 2}, {"wtype": "word", "wf": "kazan'ə̑m", "ana": [{"parts": "kazan'-ə̑m", "gloss": "", "gloss_index": "", "lex": "kazan'", "trans_ru": "Казань", "gloss_ru": "Казань-ACC", "gloss_index_ru": "STEM{kazan'}-ACC{ə̑m}-", "gr.pos": "n"}], "off_start": 10, "off_end": 19, "next_word": 3, "sentence_index": 1, "sentence_index_neg": 1}, {"wtype": "word", "wf": "nälə̈nə̈t", "ana": [{"parts": "näl-ə̈n-ə̈t", "gloss": "", "gloss_index": "", "lex": "näl", "trans_ru": "брать", "gloss_ru": "брать-PRET-3PL", "gloss_index_ru": "STEM{näl}-PRET{ə̈n}-3PL{ə̈t}-", "gr.pos": "v"}], "off_start": 20, "off_end": 29, "next_word": 4, "sentence_index": 2, "sentence_index_neg": 0}, {"wtype": "punct", "wf": ".", "off_start": 29, "off_end": 30, "next_word": 5}], "text": "1.7. vara kazan'ə̑m nälə̈nə̈t.", "para_alignment": [{"off_start": 0, "off_end": 30, "para_id": 3914}], "last": true}, {"lang": 1, "words": [{"off_start": 0, "wf": "Как", "wtype": "word", "off_end": 3, "next_word": 1, "sentence_index": 0, "sentence_index_neg": 9}, {"off_start": 4, "wf": "перегородили", "wtype": "word", "off_end": 16, "next_word": 2, "sentence_index": 1, "sentence_index_neg": 8}, {"off_start": 17, "wf": "Волгу", "wtype": "word", "off_end": 22, "next_word": 3, "sentence_index": 2, "sentence_index_neg": 7}, {"off_start": 23, "wf": "(", "wtype": "punct", "off_end": 24, "next_word": 4, "sentence_index": 3, "sentence_index_neg": 6}, {"off_start": 24, "wf": "букв", "wtype": "word", "off_end": 28, "next_word": 5, "sentence_index": 4, "sentence_index_neg": 5}, {"off_start": 28, "wf": ".:", "wtype": "punct", "off_end": 30, "next_word": 6, "sentence_index": 5, "sentence_index_neg": 4}, {"off_start": 31, "wf": "Вбивание", "wtype": "word", "off_end": 39, "next_word": 7, "sentence_index": 6, "sentence_index_neg": 3}, {"off_start": 40, "wf": "столбов", "wtype": "word", "off_end": 47, "next_word": 8, "sentence_index": 7, "sentence_index_neg": 2}, {"off_start": 48, "wf": "в", "wtype": "word", "off_end": 49, "next_word": 9, "sentence_index": 8, "sentence_index_neg": 1}, {"off_start": 50, "wf": "Волгу", "wtype": "word", "off_end": 55, "next_word": 10, "sentence_index": 9, "sentence_index_neg": 0}, {"off_start": 55, "wf": ").", "wtype": "punct", "off_end": 57, "next_word": 11}], "text": "Как перегородили Волгу (букв.: Вбивание столбов в Волгу).", "para_alignment": [{"off_start": 0, "off_end": 57, "para_id": 3908}]}, {"lang": 1, "words": [{"off_start": 0, "wf": "Марийцы", "wtype": "word", "off_end": 7, "next_word": 1, "sentence_index": 0, "sentence_index_neg": 11}, {"off_start": 8, "wf": "около", "wtype": "word", "off_end": 13, "next_word": 2, "sentence_index": 1, "sentence_index_neg": 10}, {"off_start": 14, "wf": "Акозино", "wtype": "word", "off_end": 21, "next_word": 3, "sentence_index": 2, "sentence_index_neg": 9}, {"off_start": 22, "wf": "забивали", "wtype": "word", "off_end": 30, "next_word": 4, "sentence_index": 3, "sentence_index_neg": 8}, {"off_start": 31, "wf": "дубовые", "wtype": "word", "off_end": 38, "next_word": 5, "sentence_index": 4, "sentence_index_neg": 7}, {"off_start": 39, "wf": "столбы", "wtype": "word", "off_end": 45, "next_word": 6, "sentence_index": 5, "sentence_index_neg": 6}, {"off_start": 46, "wf": "на", "wtype": "word", "off_end": 48, "next_word": 7, "sentence_index": 6, "sentence_index_neg": 5}, {"off_start": 49, "wf": "Волге", "wtype": "word", "off_end": 54, "next_word": 8, "sentence_index": 7, "sentence_index_neg": 4}, {"off_start": 54, "wf": ",", "wtype": "punct", "off_end": 55, "next_word": 9, "sentence_index": 8, "sentence_index_neg": 3}, {"off_start": 56, "wf": "чтобы", "wtype": "word", "off_end": 61, "next_word": 10, "sentence_index": 9, "sentence_index_neg": 2}, {"off_start": 62, "wf": "затопить", "wtype": "word", "off_end": 70, "next_word": 11, "sentence_index": 10, "sentence_index_neg": 1}, {"off_start": 71, "wf": "лодки", "wtype": "word", "off_end": 76, "next_word": 12, "sentence_index": 11, "sentence_index_neg": 0}, {"off_start": 76, "wf": ".", "wtype": "punct", "off_end": 77, "next_word": 13}], "text": "Марийцы около Акозино забивали дубовые столбы на Волге, чтобы затопить лодки.", "para_alignment": [{"off_start": 0, "off_end": 77, "para_id": 3909}]}, {"lang": 1, "words": [{"off_start": 0, "wf": "Они", "wtype": "word", "off_end": 3, "next_word": 1, "sentence_index": 0, "sentence_index_neg": 10}, {"off_start": 4, "wf": "их", "wtype": "word", "off_end": 6, "next_word": 2, "sentence_index": 1, "sentence_index_neg": 9}, {"off_start": 7, "wf": "забивали", "wtype": "word", "off_end": 15, "next_word": 3, "sentence_index": 2, "sentence_index_neg": 8}, {"off_start": 16, "wf": "поперек", "wtype": "word", "off_end": 23, "next_word": 4, "sentence_index": 3, "sentence_index_neg": 7}, {"off_start": 24, "wf": "Волги", "wtype": "word", "off_end": 29, "next_word": 5, "sentence_index": 4, "sentence_index_neg": 6}, {"off_start": 29, "wf": ",", "wtype": "punct", "off_end": 30, "next_word": 6, "sentence_index": 5, "sentence_index_neg": 5}, {"off_start": 31, "wf": "чтобы", "wtype": "word", "off_end": 36, "next_word": 7, "sentence_index": 6, "sentence_index_neg": 4}, {"off_start": 37, "wf": "не", "wtype": "word", "off_end": 39, "next_word": 8, "sentence_index": 7, "sentence_index_neg": 3}, {"off_start": 40, "wf": "пропустить", "wtype": "word", "off_end": 50, "next_word": 9, "sentence_index": 8, "sentence_index_neg": 2}, {"off_start": 51, "wf": "Ивана", "wtype": "word", "off_end": 56, "next_word": 10, "sentence_index": 9, "sentence_index_neg": 1}, {"off_start": 57, "wf": "Грозного", "wtype": "word", "off_end": 65, "next_word": 11, "sentence_index": 10, "sentence_index_neg": 0}, {"off_start": 65, "wf": ".", "wtype": "punct", "off_end": 66, "next_word": 12}], "text": "Они их забивали поперек Волги, чтобы не пропустить Ивана Грозного.", "para_alignment": [{"off_start": 0, "off_end": 66, "para_id": 3910}]}, {"lang": 1, "words": [{"off_start": 0, "wf": "А", "wtype": "word", "off_end": 1, "next_word": 1, "sentence_index": 0, "sentence_index_neg": 6}, {"off_start": 2, "wf": "Иван", "wtype": "word", "off_end": 6, "next_word": 2, "sentence_index": 1, "sentence_index_neg": 5}, {"off_start": 7, "wf": "Грозный", "wtype": "word", "off_end": 14, "next_word": 3, "sentence_index": 2, "sentence_index_neg": 4}, {"off_start": 15, "wf": "плыл", "wtype": "word", "off_end": 19, "next_word": 4, "sentence_index": 3, "sentence_index_neg": 3}, {"off_start": 20, "wf": "со", "wtype": "word", "off_end": 22, "next_word": 5, "sentence_index": 4, "sentence_index_neg": 2}, {"off_start": 23, "wf": "стороны", "wtype": "word", "off_end": 30, "next_word": 6, "sentence_index": 5, "sentence_index_neg": 1}, {"off_start": 31, "wf": "Горького", "wtype": "word", "off_end": 39, "next_word": 7, "sentence_index": 6, "sentence_index_neg": 0}, {"off_start": 39, "wf": ".", "wtype": "punct", "off_end": 40, "next_word": 8}], "text": "А Иван Грозный плыл со стороны Горького.", "para_alignment": [{"off_start": 0, "off_end": 40, "para_id": 3911}]}, {"lang": 1, "words": [{"off_start": 0, "wf": "Позже", "wtype": "word", "off_end": 5, "next_word": 1, "sentence_index": 0, "sentence_index_neg": 8}, {"off_start": 6, "wf": "марийцы", "wtype": "word", "off_end": 13, "next_word": 2, "sentence_index": 1, "sentence_index_neg": 7}, {"off_start": 14, "wf": "плыли", "wtype": "word", "off_end": 19, "next_word": 3, "sentence_index": 2, "sentence_index_neg": 6}, {"off_start": 20, "wf": "вместе", "wtype": "word", "off_end": 26, "next_word": 4, "sentence_index": 3, "sentence_index_neg": 5}, {"off_start": 27, "wf": "с", "wtype": "word", "off_end": 28, "next_word": 5, "sentence_index": 4, "sentence_index_neg": 4}, {"off_start": 29, "wf": "ним", "wtype": "word", "off_end": 32, "next_word": 6, "sentence_index": 5, "sentence_index_neg": 3}, {"off_start": 33, "wf": "на", "wtype": "word", "off_end": 35, "next_word": 7, "sentence_index": 6, "sentence_index_neg": 2}, {"off_start": 36, "wf": "лодках", "wtype": "word", "off_end": 42, "next_word": 8, "sentence_index": 7, "sentence_index_neg": 1}, {"off_start": 43, "wf": "вниз", "wtype": "word", "off_end": 47, "next_word": 9, "sentence_index": 8, "sentence_index_neg": 0}, {"off_start": 47, "wf": ".", "wtype": "punct", "off_end": 48, "next_word": 10}], "text": "Позже марийцы плыли вместе с ним на лодках вниз.", "para_alignment": [{"off_start": 0, "off_end": 48, "para_id": 3912}]}, {"lang": 1, "words": [{"off_start": 0, "wf": "У", "wtype": "word", "off_end": 1, "next_word": 1, "sentence_index": 0, "sentence_index_neg": 10}, {"off_start": 2, "wf": "казанской", "wtype": "word", "off_end": 11, "next_word": 2, "sentence_index": 1, "sentence_index_neg": 9}, {"off_start": 12, "wf": "крепости", "wtype": "word", "off_end": 20, "next_word": 3, "sentence_index": 2, "sentence_index_neg": 8}, {"off_start": 21, "wf": "Акпарс", "wtype": "word", "off_end": 27, "next_word": 4, "sentence_index": 3, "sentence_index_neg": 7}, {"off_start": 28, "wf": "перехитрил", "wtype": "word", "off_end": 38, "next_word": 5, "sentence_index": 4, "sentence_index_neg": 6}, {"off_start": 39, "wf": "хана", "wtype": "word", "off_end": 43, "next_word": 6, "sentence_index": 5, "sentence_index_neg": 5}, {"off_start": 43, "wf": ",", "wtype": "punct", "off_end": 44, "next_word": 7, "sentence_index": 6, "sentence_index_neg": 4}, {"off_start": 45, "wf": "играя", "wtype": "word", "off_end": 50, "next_word": 8, "sentence_index": 7, "sentence_index_neg": 3}, {"off_start": 51, "wf": "на", "wtype": "word", "off_end": 53, "next_word": 9, "sentence_index": 8, "sentence_index_neg": 2}, {"off_start": 54, "wf": "своих", "wtype": "word", "off_end": 59, "next_word": 10, "sentence_index": 9, "sentence_index_neg": 1}, {"off_start": 60, "wf": "гуслях", "wtype": "word", "off_end": 66, "next_word": 11, "sentence_index": 10, "sentence_index_neg": 0}, {"off_start": 66, "wf": ".", "wtype": "punct", "off_end": 67, "next_word": 12}], "text": "У казанской крепости Акпарс перехитрил хана, играя на своих гуслях.", "para_alignment": [{"off_start": 0, "off_end": 67, "para_id": 3913}]}, {"lang": 1, "words": [{"off_start": 0, "wf": "Так", "wtype": "word", "off_end": 3, "next_word": 1, "sentence_index": 0, "sentence_index_neg": 3}, {"off_start": 4, "wf": "они", "wtype": "word", "off_end": 7, "next_word": 2, "sentence_index": 1, "sentence_index_neg": 2}, {"off_start": 8, "wf": "взяли", "wtype": "word", "off_end": 13, "next_word": 3, "sentence_index": 2, "sentence_index_neg": 1}, {"off_start": 14, "wf": "Казань", "wtype": "word", "off_end": 20, "next_word": 4, "sentence_index": 3, "sentence_index_neg": 0}, {"off_start": 20, "wf": ".", "wtype": "punct", "off_end": 21, "next_word": 5}], "text": "Так они взяли Казань.", "para_alignment": [{"off_start": 0, "off_end": 21, "para_id": 3914}]}]}