{"meta": {"title": "Стихи из букваря", "filename": "corpus\\xml\\hill.xml"}, "sentences": [{"lang": 0, "words": [{"wtype": "punct", "wf": "1.1.", "off_start": 0, "off_end": 4, "next_word": 1}, {"wtype": "word", "wf": "moren", "ana": [{"parts": "moren", "gloss": "", "gloss_index": "", "lex": "moren", "trans_ru": "заяц", "gloss_ru": "заяц", "gloss_index_ru": "STEM{moren}-", "gr.pos": "n"}], "off_start": 5, "off_end": 10, "next_word": 2, "sentence_index": 0}, {"wtype": "punct", "wf": ".", "off_start": 10, "off_end": 11, "next_word": 3}], "text": "1.1. moren.", "para_alignment": [{"off_start": 0, "off_end": 11, "para_id": 9409}]}, {"lang": 0, "words": [{"wtype": "punct", "wf": "1.2.", "off_start": 0, "off_end": 4, "next_word": 1}, {"wtype": "word", "wf": "šäjə̈k", "ana": [{"parts": "šäjə̈k", "gloss": "", "gloss_index": "", "lex": "šäjə̈k", "trans_ru": "косой", "gloss_ru": "косой", "gloss_index_ru": "STEM{šäjə̈k}-", "gr.pos": "adj"}], "off_start": 5, "off_end": 11, "next_word": 2, "sentence_index": 0, "sentence_index_neg": 3}, {"wtype": "word", "wf": "sə̈nzän", "ana": [{"parts": "sə̈nzä-n", "gloss": "", "gloss_index": "", "lex": "sə̈nzä", "trans_ru": "глаз", "gloss_ru": "глаз-PROP", "gloss_index_ru": "STEM{sə̈nzä}-PROP{n}-", "gr.pos": ["n", "v"]}], "off_start": 12, "off_end": 19, "next_word": 3, "sentence_index": 1, "sentence_index_neg": 2}, {"wtype": "word", "wf": "ludə̑", "ana": [{"parts": "ludə̑", "gloss": "", "gloss_index": "", "lex": "ludə̑", "trans_ru": "серый", "gloss_ru": "серый", "gloss_index_ru": "STEM{ludə̑}-", "gr.pos": "adj"}], "off_start": 20, "off_end": 25, "next_word": 4, "sentence_index": 2, "sentence_index_neg": 1}, {"wtype": "word", "wf": "moren", "ana": [{"parts": "moren", "gloss": "", "gloss_index": "", "lex": "moren", "trans_ru": "заяц", "gloss_ru": "заяц", "gloss_index_ru": "STEM{moren}-", "gr.pos": "n"}], "off_start": 26, "off_end": 31, "next_word": 5, "sentence_index": 3, "sentence_index_neg": 0}, {"wtype": "punct", "wf": "§", "off_start": 32, "off_end": 33, "next_word": 6}], "text": "1.2. šäjə̈k sə̈nzän ludə̑ moren §", "para_alignment": [{"off_start": 0, "off_end": 33, "para_id": 9410}]}, {"lang": 0, "words": [{"wtype": "punct", "wf": "1.3.", "off_start": 0, "off_end": 4, "next_word": 1}, {"wtype": "word", "wf": "nə̑r", "ana": [{"parts": "nə̑r", "gloss": "", "gloss_index": "", "lex": "nə̑r", "trans_ru": "поле", "gloss_ru": "поле", "gloss_index_ru": "STEM{nə̑r}-", "gr.pos": "n"}], "off_start": 5, "off_end": 9, "next_word": 2, "sentence_index": 0, "sentence_index_neg": 5}, {"wtype": "word", "wf": "mə̑č", "ana": [{"parts": "mə̑č", "gloss": "", "gloss_index": "", "lex": "mə̑č", "trans_ru": "конец", "gloss_ru": "конец", "gloss_index_ru": "STEM{mə̑č}-", "gr.pos": "post"}], "off_start": 10, "off_end": 14, "next_word": 3, "sentence_index": 1, "sentence_index_neg": 4}, {"wtype": "word", "wf": "čüktä", "ana": [{"parts": "čükt-ä", "gloss": "", "gloss_index": "", "lex": "čükt", "trans_ru": "зажигать", "gloss_ru": "зажигать-NPST.3SG", "gloss_index_ru": "STEM{čükt}-NPST.3SG{ä}-", "gr.pos": "v"}], "off_start": 15, "off_end": 20, "next_word": 4, "sentence_index": 2, "sentence_index_neg": 3}, {"wtype": "punct", "wf": ",", "off_start": 20, "off_end": 21, "next_word": 5, "sentence_index": 3, "sentence_index_neg": 2}, {"wtype": "word", "wf": "vujta", "ana": [{"parts": "vujta", "gloss": "", "gloss_index": "", "lex": "vujta", "trans_ru": "будто", "gloss_ru": "будто", "gloss_index_ru": "STEM{vujta}-", "gr.pos": "subordconn"}], "off_start": 22, "off_end": 27, "next_word": 6, "sentence_index": 4, "sentence_index_neg": 1}, {"wtype": "word", "wf": "ojen", "ana": [{"parts": "oj-en", "gloss": "", "gloss_index": "", "lex": "oj", "trans_ru": "взбеситься", "gloss_ru": "взбеситься-PRET", "gloss_index_ru": "STEM{oj}-PRET{en}-", "gr.pos": "v"}], "off_start": 28, "off_end": 32, "next_word": 7, "sentence_index": 5, "sentence_index_neg": 0}, {"wtype": "punct", "wf": ".", "off_start": 32, "off_end": 33, "next_word": 8}], "text": "1.3. nə̑r mə̑č čüktä, vujta ojen.", "para_alignment": [{"off_start": 0, "off_end": 33, "para_id": 9411}]}, {"lang": 0, "words": [{"wtype": "punct", "wf": "1.4.", "off_start": 0, "off_end": 4, "next_word": 1}, {"wtype": "word", "wf": "a", "ana": [{"parts": "a", "gloss": "", "gloss_index": "", "lex": "a", "trans_ru": "а", "gloss_ru": "а", "gloss_index_ru": "STEM{a}-", "gr.pos": ["coordconn", "negp"]}], "off_start": 5, "off_end": 6, "next_word": 2, "sentence_index": 0, "sentence_index_neg": 3}, {"wtype": "word", "wf": "paštekšə̑", "ana": [{"parts": "paštek-šə̑", "gloss": "", "gloss_index": "", "lex": "paštek", "trans_ru": "после", "gloss_ru": "после-POSS.3SG", "gloss_index_ru": "STEM{paštek}-POSS.3SG{šə̑}-", "gr.pos": "post"}], "off_start": 7, "off_end": 16, "next_word": 3, "sentence_index": 1, "sentence_index_neg": 2}, {"wtype": "word", "wf": "izi", "ana": [{"parts": "izi", "gloss": "", "gloss_index": "", "lex": "izi", "trans_ru": "маленький", "gloss_ru": "маленький", "gloss_index_ru": "STEM{izi}-", "gr.pos": "adj"}], "off_start": 17, "off_end": 20, "next_word": 4, "sentence_index": 2, "sentence_index_neg": 1}, {"wtype": "word", "wf": "pi", "ana": [{"parts": "pi", "gloss": "", "gloss_index": "", "lex": "pi", "trans_ru": "собака", "gloss_ru": "собака", "gloss_index_ru": "STEM{pi}-", "gr.pos": "n"}], "off_start": 21, "off_end": 23, "next_word": 5, "sentence_index": 3, "sentence_index_neg": 0}, {"wtype": "punct", "wf": "§", "off_start": 24, "off_end": 25, "next_word": 6}], "text": "1.4. a paštekšə̑ izi pi §", "para_alignment": [{"off_start": 0, "off_end": 25, "para_id": 9412}]}, {"lang": 0, "words": [{"wtype": "punct", "wf": "1.5.", "off_start": 0, "off_end": 4, "next_word": 1}, {"wtype": "word", "wf": "pokta", "ana": [{"parts": "pokt-a", "gloss": "", "gloss_index": "", "lex": "pokt", "trans_ru": "гнать", "gloss_ru": "гнать-NPST.3SG", "gloss_index_ru": "STEM{pokt}-NPST.3SG{a}-", "gr.pos": "v"}], "off_start": 5, "off_end": 10, "next_word": 2, "sentence_index": 0, "sentence_index_neg": 4}, {"wtype": "punct", "wf": ",", "off_start": 10, "off_end": 11, "next_word": 3, "sentence_index": 1, "sentence_index_neg": 3}, {"wtype": "word", "wf": "keä", "ana": [{"parts": "ke-ä", "gloss": "", "gloss_index": "", "lex": "ke", "trans_ru": "идти", "gloss_ru": "идти-NPST.3SG", "gloss_index_ru": "STEM{ke}-NPST.3SG{ä}-", "gr.pos": "v"}], "off_start": 12, "off_end": 15, "next_word": 4, "sentence_index": 2, "sentence_index_neg": 2}, {"wtype": "word", "wf": "vujta", "ana": [{"parts": "vujta", "gloss": "", "gloss_index": "", "lex": "vujta", "trans_ru": "будто", "gloss_ru": "будто", "gloss_index_ru": "STEM{vujta}-", "gr.pos": "subordconn"}], "off_start": 16, "off_end": 21, "next_word": 5, "sentence_index": 3, "sentence_index_neg": 1}, {"wtype": "word", "wf": "pikš", "ana": [{"parts": "pikš", "gloss": "", "gloss_index": "", "lex": "pikš", "trans_ru": "стрела", "gloss_ru": "стрела", "gloss_index_ru": "STEM{pikš}-", "gr.pos": "n"}], "off_start": 22, "off_end": 26, "next_word": 6, "sentence_index": 4, "sentence_index_neg": 0}, {"wtype": "punct", "wf": ".", "off_start": 26, "off_end": 27, "next_word": 7}], "text": "1.5. pokta, keä vujta pikš.", "para_alignment": [{"off_start": 0, "off_end": 27, "para_id": 9413}]}, {"lang": 0, "words": [{"wtype": "punct", "wf": "1.6.", "off_start": 0, "off_end": 4, "next_word": 1}, {"wtype": "word", "wf": "šoeš", "ana": [{"parts": "šo-eš", "gloss": "", "gloss_index": "", "lex": "šo", "trans_ru": "достигать", "gloss_ru": "достигать-NPST.3SG", "gloss_index_ru": "STEM{šo}-NPST.3SG{eš}-", "gr.pos": "v"}], "off_start": 5, "off_end": 9, "next_word": 2, "sentence_index": 0, "sentence_index_neg": 3}, {"wtype": "word", "wf": "vele", "ana": [{"parts": "vele", "gloss": "", "gloss_index": "", "lex": "vele", "trans_ru": "только", "gloss_ru": "только", "gloss_index_ru": "STEM{vele}-", "gr.pos": "prt"}], "off_start": 10, "off_end": 14, "next_word": 3, "sentence_index": 1, "sentence_index_neg": 2}, {"wtype": "word", "wf": "pi", "ana": [{"parts": "pi", "gloss": "", "gloss_index": "", "lex": "pi", "trans_ru": "собака", "gloss_ru": "собака", "gloss_index_ru": "STEM{pi}-", "gr.pos": "n"}], "off_start": 15, "off_end": 17, "next_word": 4, "sentence_index": 2, "sentence_index_neg": 1}, {"wtype": "word", "wf": "morenə̈m", "ana": [{"parts": "moren-ə̈m", "gloss": "", "gloss_index": "", "lex": "moren", "trans_ru": "заяц", "gloss_ru": "заяц-ACC", "gloss_index_ru": "STEM{moren}-ACC{ə̈m}-", "gr.pos": "n"}], "off_start": 18, "off_end": 26, "next_word": 5, "sentence_index": 3, "sentence_index_neg": 0}, {"wtype": "punct", "wf": ",", "off_start": 26, "off_end": 27, "next_word": 6}, {"wtype": "punct", "wf": "§", "off_start": 28, "off_end": 29, "next_word": 7}], "text": "1.6. šoeš vele pi morenə̈m, §", "para_alignment": [{"off_start": 0, "off_end": 29, "para_id": 9414}]}, {"lang": 0, "words": [{"wtype": "punct", "wf": "1.7.", "off_start": 0, "off_end": 4, "next_word": 1}, {"wtype": "word", "wf": "šana", "ana": [{"parts": "šan-a", "gloss": "", "gloss_index": "", "lex": "šan", "trans_ru": "думать", "gloss_ru": "думать-NPST.3SG", "gloss_index_ru": "STEM{šan}-NPST.3SG{a}-", "gr.pos": "v"}], "off_start": 5, "off_end": 9, "next_word": 2, "sentence_index": 0}, {"wtype": "punct", "wf": ":", "off_start": 10, "off_end": 11, "next_word": 3}, {"wtype": "punct", "wf": "§", "off_start": 12, "off_end": 13, "next_word": 4}], "text": "1.7. šana : §", "para_alignment": [{"off_start": 0, "off_end": 13, "para_id": 9415}]}, {"lang": 0, "words": [{"wtype": "punct", "wf": "1.8.", "off_start": 0, "off_end": 4, "next_word": 1}, {"wtype": "punct", "wf": "\"", "off_start": 5, "off_end": 6, "next_word": 2}, {"wtype": "word", "wf": "kə̑čem", "ana": [{"parts": "kə̑č-em", "gloss": "", "gloss_index": "", "lex": "kə̑č", "trans_ru": "держать", "gloss_ru": "держать-NPST.1SG", "gloss_index_ru": "STEM{kə̑č}-NPST.1SG{em}-", "gr.pos": "v"}], "off_start": 7, "off_end": 13, "next_word": 3, "sentence_index": 0, "sentence_index_neg": 1}, {"wtype": "word", "wf": "soitok", "ana": [{"parts": "soitok", "gloss": "", "gloss_index": "", "lex": "soitok", "trans_ru": "всё равно", "gloss_ru": "всё.равно", "gloss_index_ru": "STEM{soitok}-", "gr.pos": "adv"}], "off_start": 14, "off_end": 20, "next_word": 4, "sentence_index": 1, "sentence_index_neg": 0}, {"wtype": "punct", "wf": "\".", "off_start": 21, "off_end": 23, "next_word": 5}], "text": "1.8. \" kə̑čem soitok \".", "para_alignment": [{"off_start": 0, "off_end": 23, "para_id": 9416}]}, {"lang": 0, "words": [{"wtype": "punct", "wf": "1.9.", "off_start": 0, "off_end": 4, "next_word": 1}, {"wtype": "word", "wf": "a", "ana": [{"parts": "a", "gloss": "", "gloss_index": "", "lex": "a", "trans_ru": "а", "gloss_ru": "а", "gloss_index_ru": "STEM{a}-", "gr.pos": ["coordconn", "negp"]}], "off_start": 5, "off_end": 6, "next_word": 2, "sentence_index": 0, "sentence_index_neg": 1}, {"wtype": "word", "wf": "morenžə̈", "ana": [{"parts": "moren-žə̈", "gloss": "", "gloss_index": "", "lex": "moren", "trans_ru": "заяц", "gloss_ru": "заяц-POSS.3SG", "gloss_index_ru": "STEM{moren}-POSS.3SG{žə̈}-", "gr.pos": "n"}], "off_start": 7, "off_end": 15, "next_word": 3, "sentence_index": 1, "sentence_index_neg": 0}, {"wtype": "punct", "wf": "§", "off_start": 16, "off_end": 17, "next_word": 4}], "text": "1.9. a morenžə̈ §", "para_alignment": [{"off_start": 0, "off_end": 17, "para_id": 9417}]}, {"lang": 0, "words": [{"wtype": "punct", "wf": "1.10.", "off_start": 0, "off_end": 5, "next_word": 1}, {"wtype": "word", "wf": "iziš", "ana": [{"parts": "izi-š", "gloss": "", "gloss_index": "", "lex": "izi", "trans_ru": "маленький", "gloss_ru": "маленький-ADV", "gloss_index_ru": "STEM{izi}-ADV{š}-", "gr.pos": "adj"}], "off_start": 6, "off_end": 10, "next_word": 2, "sentence_index": 0, "sentence_index_neg": 1}, {"wtype": "word", "wf": "kemə̈k", "ana": [{"parts": "ke-mə̈k", "gloss": "", "gloss_index": "", "lex": "ke", "trans_ru": "идти", "gloss_ru": "идти-CVB.ANT", "gloss_index_ru": "STEM{ke}-CVB.ANT{mə̈k}-", "gr.pos": ["v", "n"]}], "off_start": 11, "off_end": 17, "next_word": 3, "sentence_index": 1, "sentence_index_neg": 0}, {"wtype": "punct", "wf": ",", "off_start": 17, "off_end": 18, "next_word": 4}, {"wtype": "punct", "wf": "§", "off_start": 19, "off_end": 20, "next_word": 5}], "text": "1.10. iziš kemə̈k, §", "para_alignment": [{"off_start": 0, "off_end": 20, "para_id": 9418}]}, {"lang": 0, "words": [{"wtype": "punct", "wf": "1.11.", "off_start": 0, "off_end": 5, "next_word": 1}, {"wtype": "word", "wf": "lə̑k", "ana": [{"parts": "lə̑k", "gloss": "", "gloss_index": "", "lex": "lə̑k", "trans_ru": "угол", "gloss_ru": "угол", "gloss_index_ru": "STEM{lə̑k}-", "gr.pos": "n"}], "off_start": 6, "off_end": 10, "next_word": 2, "sentence_index": 0, "sentence_index_neg": 4}, {"wtype": "punct", "wf": "...", "off_start": 10, "off_end": 13, "next_word": 3, "sentence_index": 1, "sentence_index_neg": 3}, {"wtype": "word", "wf": "lə̑kə̑m", "ana": [{"parts": "lə̑k-ə̑m", "gloss": "", "gloss_index": "", "lex": "lə̑k", "trans_ru": "угол", "gloss_ru": "угол-ACC", "gloss_index_ru": "STEM{lə̑k}-ACC{ə̑m}-", "gr.pos": "n"}], "off_start": 14, "off_end": 21, "next_word": 4, "sentence_index": 2, "sentence_index_neg": 2}, {"wtype": "word", "wf": "pua", "ana": [{"parts": "pu-a", "gloss": "", "gloss_index": "", "lex": "pu", "trans_ru": "давать", "gloss_ru": "давать-NPST.3SG", "gloss_index_ru": "STEM{pu}-NPST.3SG{a}-", "gr.pos": "v"}], "off_start": 22, "off_end": 25, "next_word": 5, "sentence_index": 3, "sentence_index_neg": 1}, {"wtype": "word", "wf": "və̑rtə̑štok", "ana": [{"parts": "və̑rt-ə̑št=ok", "gloss": "", "gloss_index": "", "lex": "və̑rt", "trans_ru": "миг", "gloss_ru": "миг-IN=EMPH", "gloss_index_ru": "STEM{və̑rt}-IN{ə̑št}-EMPH{ok}-", "gr.pos": "n"}], "off_start": 26, "off_end": 37, "next_word": 6, "sentence_index": 4, "sentence_index_neg": 0}, {"wtype": "punct", "wf": ".", "off_start": 37, "off_end": 38, "next_word": 7}], "text": "1.11. lə̑k... lə̑kə̑m pua və̑rtə̑štok.", "para_alignment": [{"off_start": 0, "off_end": 38, "para_id": 9419}]}, {"lang": 0, "words": [{"wtype": "punct", "wf": "1.12.", "off_start": 0, "off_end": 5, "next_word": 1}, {"wtype": "word", "wf": "akat", "ana": [{"parts": "a-k=at", "gloss": "", "gloss_index": "", "lex": "a", "trans_ru": "NEG", "gloss_ru": "NEG.NPST-3=ADD", "gloss_index_ru": "STEM{a}-3{k}-ADD{at}-", "gr.pos": "negp"}], "off_start": 6, "off_end": 10, "next_word": 2, "sentence_index": 0, "sentence_index_neg": 1}, {"wtype": "word", "wf": "caklə̑", "ana": [{"parts": "caklə̑", "gloss": "", "gloss_index": "", "lex": "caklə̑", "trans_ru": "замечать", "gloss_ru": "замечать", "gloss_index_ru": "STEM{caklə̑}-", "gr.pos": "v"}], "off_start": 11, "off_end": 17, "next_word": 3, "sentence_index": 1, "sentence_index_neg": 0}, {"wtype": "punct", "wf": ",", "off_start": 17, "off_end": 18, "next_word": 4}, {"wtype": "punct", "wf": "§", "off_start": 19, "off_end": 20, "next_word": 5}], "text": "1.12. akat caklə̑, §", "para_alignment": [{"off_start": 0, "off_end": 20, "para_id": 9420}]}, {"lang": 0, "words": [{"wtype": "punct", "wf": "1.13.", "off_start": 0, "off_end": 5, "next_word": 1}, {"wtype": "word", "wf": "pi", "ana": [{"parts": "pi", "gloss": "", "gloss_index": "", "lex": "pi", "trans_ru": "собака", "gloss_ru": "собака", "gloss_index_ru": "STEM{pi}-", "gr.pos": "n"}], "off_start": 6, "off_end": 8, "next_word": 2, "sentence_index": 0, "sentence_index_neg": 4}, {"wtype": "word", "wf": "mo", "ana": [{"parts": "mo", "gloss": "", "gloss_index": "", "lex": "mo", "trans_ru": "находить", "gloss_ru": "находить", "gloss_index_ru": "STEM{mo}-", "gr.pos": "v"}], "off_start": 9, "off_end": 11, "next_word": 3, "sentence_index": 1, "sentence_index_neg": 3}, {"wtype": "punct", "wf": "...", "off_start": 11, "off_end": 14, "next_word": 4, "sentence_index": 2, "sentence_index_neg": 2}, {"wtype": "word", "wf": "ken", "ana": [{"parts": "ke-n", "gloss": "", "gloss_index": "", "lex": "ke", "trans_ru": "идти", "gloss_ru": "идти-CVB", "gloss_index_ru": "STEM{ke}-CVB{n}-", "gr.pos": "v"}], "off_start": 15, "off_end": 18, "next_word": 5, "sentence_index": 3, "sentence_index_neg": 1}, {"wtype": "word", "wf": "vazeš", "ana": [{"parts": "vaz-eš", "gloss": "", "gloss_index": "", "lex": "vaz", "trans_ru": "ложиться", "gloss_ru": "ложиться-NPST.3SG", "gloss_index_ru": "STEM{vaz}-NPST.3SG{eš}-", "gr.pos": "v"}], "off_start": 19, "off_end": 24, "next_word": 6, "sentence_index": 4, "sentence_index_neg": 0}, {"wtype": "punct", "wf": ".", "off_start": 24, "off_end": 25, "next_word": 7}], "text": "1.13. pi mo... ken vazeš.", "para_alignment": [{"off_start": 0, "off_end": 25, "para_id": 9421}]}, {"lang": 0, "words": [{"wtype": "punct", "wf": "1.14.", "off_start": 0, "off_end": 5, "next_word": 1}, {"wtype": "word", "wf": "moren", "ana": [{"parts": "moren", "gloss": "", "gloss_index": "", "lex": "moren", "trans_ru": "заяц", "gloss_ru": "заяц", "gloss_index_ru": "STEM{moren}-", "gr.pos": "n"}], "off_start": 6, "off_end": 11, "next_word": 2, "sentence_index": 0, "sentence_index_neg": 3}, {"wtype": "word", "wf": "čüktä", "ana": [{"parts": "čükt-ä", "gloss": "", "gloss_index": "", "lex": "čükt", "trans_ru": "зажигать", "gloss_ru": "зажигать-NPST.3SG", "gloss_index_ru": "STEM{čükt}-NPST.3SG{ä}-", "gr.pos": "v"}], "off_start": 12, "off_end": 17, "next_word": 3, "sentence_index": 1, "sentence_index_neg": 2}, {"wtype": "word", "wf": "šə̈rgə̈", "ana": [{"parts": "šə̈rgə̈", "gloss": "", "gloss_index": "", "lex": "šə̈rgə̈", "trans_ru": "лес", "gloss_ru": "лес", "gloss_index_ru": "STEM{šə̈rgə̈}-", "gr.pos": "n"}], "off_start": 18, "off_end": 25, "next_word": 4, "sentence_index": 2, "sentence_index_neg": 1}, {"wtype": "word", "wf": "loš", "ana": [{"parts": "lo-š", "gloss": "", "gloss_index": "", "lex": "lo", "trans_ru": "середина", "gloss_ru": "середина-ILL", "gloss_index_ru": "STEM{lo}-ILL{š}-", "gr.pos": "post"}], "off_start": 26, "off_end": 29, "next_word": 5, "sentence_index": 3, "sentence_index_neg": 0}, {"wtype": "punct", "wf": ",", "off_start": 29, "off_end": 30, "next_word": 6}, {"wtype": "punct", "wf": "§", "off_start": 31, "off_end": 32, "next_word": 7}], "text": "1.14. moren čüktä šə̈rgə̈ loš, §", "para_alignment": [{"off_start": 0, "off_end": 32, "para_id": 9422}]}, {"lang": 0, "words": [{"wtype": "punct", "wf": "1.15.", "off_start": 0, "off_end": 5, "next_word": 1}, {"wtype": "word", "wf": "mə̑skə̑lalə̑n", "ana": [{"parts": "mə̑skə̑l-al-ə̑n", "gloss": "", "gloss_index": "", "lex": "mə̑skə̑l", "trans_ru": "насмехаться", "gloss_ru": "насмехаться-ATT-CVB", "gloss_index_ru": "STEM{mə̑skə̑l}-ATT{al}-CVB{ə̑n}-", "gr.pos": "v"}], "off_start": 6, "off_end": 19, "next_word": 2, "sentence_index": 0}, {"wtype": "punct", "wf": ".", "off_start": 19, "off_end": 20, "next_word": 3}], "text": "1.15. mə̑skə̑lalə̑n.", "para_alignment": [{"off_start": 0, "off_end": 20, "para_id": 9423}]}, {"lang": 0, "words": [{"wtype": "punct", "wf": "1.16.", "off_start": 0, "off_end": 5, "next_word": 1}, {"wtype": "word", "wf": "pilän", "ana": [{"parts": "pi-län", "gloss": "", "gloss_index": "", "lex": "pi", "trans_ru": "собака", "gloss_ru": "собака-DAT", "gloss_index_ru": "STEM{pi}-DAT{län}-", "gr.pos": "n"}], "off_start": 6, "off_end": 11, "next_word": 2, "sentence_index": 0, "sentence_index_neg": 1}, {"wtype": "word", "wf": "maneš", "ana": [{"parts": "man-eš", "gloss": "", "gloss_index": "", "lex": "man", "trans_ru": "говорить", "gloss_ru": "говорить-NPST.3SG", "gloss_index_ru": "STEM{man}-NPST.3SG{eš}-", "gr.pos": "v"}], "off_start": 12, "off_end": 17, "next_word": 3, "sentence_index": 1, "sentence_index_neg": 0}, {"wtype": "punct", "wf": ":", "off_start": 18, "off_end": 19, "next_word": 4}, {"wtype": "punct", "wf": "§", "off_start": 20, "off_end": 21, "next_word": 5}], "text": "1.16. pilän maneš : §", "para_alignment": [{"off_start": 0, "off_end": 21, "para_id": 9424}]}, {"lang": 0, "words": [{"wtype": "punct", "wf": "1.17.", "off_start": 0, "off_end": 5, "next_word": 1}, {"wtype": "punct", "wf": "\"", "off_start": 6, "off_end": 7, "next_word": 2}, {"wtype": "word", "wf": "pačem", "ana": [{"parts": "pač-em", "gloss": "", "gloss_index": "", "lex": "pač", "trans_ru": "хвост", "gloss_ru": "хвост-POSS.1SG", "gloss_index_ru": "STEM{pač}-POSS.1SG{em}-", "gr.pos": ["n", "v"]}], "off_start": 8, "off_end": 13, "next_word": 3, "sentence_index": 0, "sentence_index_neg": 1}, {"wtype": "word", "wf": "mə̑tə̑k", "ana": [{"parts": "mə̑tə̑k", "gloss": "", "gloss_index": "", "lex": "mə̑tə̑k", "trans_ru": "короткий", "gloss_ru": "короткий", "gloss_index_ru": "STEM{mə̑tə̑k}-", "gr.pos": "adj"}], "off_start": 14, "off_end": 21, "next_word": 4, "sentence_index": 1, "sentence_index_neg": 0}, {"wtype": "punct", "wf": ",", "off_start": 21, "off_end": 22, "next_word": 5}, {"wtype": "punct", "wf": "§", "off_start": 23, "off_end": 24, "next_word": 6}], "text": "1.17. \" pačem mə̑tə̑k, §", "para_alignment": [{"off_start": 0, "off_end": 24, "para_id": 9425}]}, {"lang": 0, "words": [{"wtype": "punct", "wf": "1.18.", "off_start": 0, "off_end": 5, "next_word": 1}, {"wtype": "word", "wf": "mə̈n'ə̈m", "ana": [{"parts": "mə̈n'-ə̈m", "gloss": "", "gloss_index": "", "lex": "mə̈n'", "trans_ru": "я", "gloss_ru": "я-ACC", "gloss_index_ru": "STEM{mə̈n'}-ACC{ə̈m}-", "gr.pos": "pro-form"}], "off_start": 6, "off_end": 14, "next_word": 2, "sentence_index": 0, "sentence_index_neg": 1}, {"wtype": "word", "wf": "šo", "ana": [{"parts": "šo-ø", "gloss": "", "gloss_index": "", "lex": "šo", "trans_ru": "достигать", "gloss_ru": "достигать-IMP", "gloss_index_ru": "STEM{šo}-IMP{ø}-", "gr.pos": "v"}], "off_start": 15, "off_end": 17, "next_word": 3, "sentence_index": 1, "sentence_index_neg": 0}, {"wtype": "punct", "wf": "\".", "off_start": 18, "off_end": 20, "next_word": 4}], "text": "1.18. mə̈n'ə̈m šo \".", "para_alignment": [{"off_start": 0, "off_end": 20, "para_id": 9426}]}, {"lang": 0, "words": [{"wtype": "punct", "wf": "1.19.", "off_start": 0, "off_end": 5, "next_word": 1}, {"wtype": "word", "wf": "pervišə̈", "ana": [{"parts": "pervi-šə̈", "gloss": "", "gloss_index": "", "lex": "pervi", "trans_ru": "прежде", "gloss_ru": "прежде-ATTR", "gloss_index_ru": "STEM{pervi}-ATTR{šə̈}-", "gr.pos": "adv"}], "off_start": 6, "off_end": 14, "next_word": 2, "sentence_index": 0, "sentence_index_neg": 12}, {"wtype": "word", "wf": "kn'igävläštə̈", "ana": [{"parts": "kn'igä-vlä-štə̈", "gloss": "", "gloss_index": "", "lex": "kn'igä", "trans_ru": "книга", "gloss_ru": "книга-PL-IN", "gloss_index_ru": "STEM{kn'igä}-PL{vlä}-IN{štə̈}-", "gr.pos": "n"}], "off_start": 15, "off_end": 28, "next_word": 3, "sentence_index": 1, "sentence_index_neg": 11}, {"wtype": "word", "wf": "piš", "ana": [{"parts": "piš", "gloss": "", "gloss_index": "", "lex": "piš", "trans_ru": "очень", "gloss_ru": "очень", "gloss_index_ru": "STEM{piš}-", "gr.pos": "adv"}], "off_start": 29, "off_end": 32, "next_word": 4, "sentence_index": 2, "sentence_index_neg": 10}, {"wtype": "word", "wf": "kogon", "ana": [{"parts": "kogo-n", "gloss": "", "gloss_index": "", "lex": "kogo", "trans_ru": "большой", "gloss_ru": "большой-ADV", "gloss_index_ru": "STEM{kogo}-ADV{n}-", "gr.pos": "adj"}], "off_start": 33, "off_end": 38, "next_word": 5, "sentence_index": 3, "sentence_index_neg": 9}, {"wtype": "word", "wf": "vn'atnə̑", "ana": [{"parts": "vn'atnə̑", "gloss": "", "gloss_index": "", "lex": "vn'atnə̑", "trans_ru": "внятный", "gloss_ru": "внятный", "gloss_index_ru": "STEM{vn'atnə̑}-", "gr.pos": ["adj", "adv"]}], "off_start": 39, "off_end": 47, "next_word": 6, "sentence_index": 4, "sentence_index_neg": 8}, {"wtype": "punct", "wf": "...", "off_start": 47, "off_end": 50, "next_word": 7, "sentence_index": 5, "sentence_index_neg": 7}, {"wtype": "word", "wf": "nu", "ana": [{"parts": "nu", "gloss": "", "gloss_index": "", "lex": "nu", "trans_ru": "ну", "gloss_ru": "ну", "gloss_index_ru": "STEM{nu}-", "gr.pos": "prt"}], "off_start": 51, "off_end": 53, "next_word": 8, "sentence_index": 6, "sentence_index_neg": 6}, {"wtype": "punct", "wf": "...", "off_start": 53, "off_end": 56, "next_word": 9, "sentence_index": 7, "sentence_index_neg": 5}, {"wtype": "word", "wf": "edemlän", "ana": [{"parts": "edem-län", "gloss": "", "gloss_index": "", "lex": "edem", "trans_ru": "человек", "gloss_ru": "человек-DAT", "gloss_index_ru": "STEM{edem}-DAT{län}-", "gr.pos": "n"}], "off_start": 57, "off_end": 64, "next_word": 10, "sentence_index": 8, "sentence_index_neg": 4}, {"wtype": "word", "wf": "šümə̈škə̈", "ana": [{"parts": "šüm-ə̈škə̈", "gloss": "", "gloss_index": "", "lex": "šüm", "trans_ru": "сердце", "gloss_ru": "сердце-ILL", "gloss_index_ru": "STEM{šüm}-ILL{ə̈škə̈}-", "gr.pos": "n"}], "off_start": 65, "off_end": 74, "next_word": 11, "sentence_index": 9, "sentence_index_neg": 3}, {"wtype": "word", "wf": "vazeš", "ana": [{"parts": "vaz-eš", "gloss": "", "gloss_index": "", "lex": "vaz", "trans_ru": "ложиться", "gloss_ru": "ложиться-NPST.3SG", "gloss_index_ru": "STEM{vaz}-NPST.3SG{eš}-", "gr.pos": "v"}], "off_start": 75, "off_end": 80, "next_word": 12, "sentence_index": 10, "sentence_index_neg": 2}, {"wtype": "word", "wf": "mam", "ana": [{"parts": "ma-m", "gloss": "", "gloss_index": "", "lex": "ma", "trans_ru": "что", "gloss_ru": "что-ACC", "gloss_index_ru": "STEM{ma}-ACC{m}-", "gr.pos": ["pro-form", "pro"]}], "off_start": 81, "off_end": 84, "next_word": 13, "sentence_index": 11, "sentence_index_neg": 1}, {"wtype": "word", "wf": "sirenə̈t", "ana": [{"parts": "sir-en-ə̈t", "gloss": "", "gloss_index": "", "lex": "sir", "trans_ru": "писать", "gloss_ru": "писать-PRET-3PL", "gloss_index_ru": "STEM{sir}-PRET{en}-3PL{ə̈t}-", "gr.pos": "v"}], "off_start": 85, "off_end": 93, "next_word": 14, "sentence_index": 12, "sentence_index_neg": 0}, {"wtype": "punct", "wf": ".", "off_start": 93, "off_end": 94, "next_word": 15}], "text": "1.19. pervišə̈ kn'igävläštə̈ piš kogon vn'atnə̑... nu... edemlän šümə̈škə̈ vazeš mam sirenə̈t.", "para_alignment": [{"off_start": 0, "off_end": 94, "para_id": 9427}]}, {"lang": 0, "words": [{"wtype": "punct", "wf": "1.20.", "off_start": 0, "off_end": 5, "next_word": 1}, {"wtype": "word", "wf": "a", "ana": [{"parts": "a", "gloss": "", "gloss_index": "", "lex": "a", "trans_ru": "а", "gloss_ru": "а", "gloss_index_ru": "STEM{a}-", "gr.pos": ["coordconn", "negp"]}], "off_start": 6, "off_end": 7, "next_word": 2, "sentence_index": 0, "sentence_index_neg": 9}, {"wtype": "word", "wf": "kə̈zə̈t", "ana": [{"parts": "kə̈zə̈t", "gloss": "", "gloss_index": "", "lex": "kə̈zə̈t", "trans_ru": "сейчас", "gloss_ru": "сейчас", "gloss_index_ru": "STEM{kə̈zə̈t}-", "gr.pos": "adv"}], "off_start": 8, "off_end": 15, "next_word": 3, "sentence_index": 1, "sentence_index_neg": 8}, {"wtype": "word", "wf": "vot", "ana": [{"parts": "vot", "gloss": "", "gloss_index": "", "lex": "vot", "trans_ru": "вот", "gloss_ru": "вот", "gloss_index_ru": "STEM{vot}-", "gr.pos": "prt"}], "off_start": 16, "off_end": 19, "next_word": 4, "sentence_index": 2, "sentence_index_neg": 7}, {"wtype": "word", "wf": "ə̑ə̑ə̑", "ana": [{"parts": "ə̑ə̑ə̑", "gloss": "", "gloss_index": "", "lex": "ə̑ə̑ə̑", "trans_ru": "HES", "gloss_ru": "HES", "gloss_index_ru": "STEM{ə̑ə̑ə̑}-", "gr.pos": "interj"}], "off_start": 20, "off_end": 26, "next_word": 5, "sentence_index": 3, "sentence_index_neg": 6}, {"wtype": "punct", "wf": "...", "off_start": 26, "off_end": 29, "next_word": 6, "sentence_index": 4, "sentence_index_neg": 5}, {"wtype": "word", "wf": "sirät", "ana": [{"parts": "sir-ät", "gloss": "", "gloss_index": "", "lex": "sir", "trans_ru": "писать", "gloss_ru": "писать-NPST.3PL", "gloss_index_ru": "STEM{sir}-NPST.3PL{ät}-", "gr.pos": "v"}], "off_start": 30, "off_end": 35, "next_word": 7, "sentence_index": 5, "sentence_index_neg": 4}, {"wtype": "punct", "wf": "...", "off_start": 35, "off_end": 38, "next_word": 8, "sentence_index": 6, "sentence_index_neg": 3}, {"wtype": "word", "wf": "pə̑n'imajə̑šə̑žat", "ana": [{"parts": "pə̑n'imajə̑-šə̑-ž=at", "gloss": "", "gloss_index": "", "lex": "pə̑n'imajə̑", "trans_ru": "понимать", "gloss_ru": "понимать-PTCP.ACT-POSS.3SG=ADD", "gloss_index_ru": "STEM{pə̑n'imajə̑}-PTCP.ACT{šə̑}-POSS.3SG{ž}-ADD{at}-", "gr.pos": "v"}], "off_start": 39, "off_end": 56, "next_word": 9, "sentence_index": 7, "sentence_index_neg": 2}, {"wtype": "word", "wf": "ak", "ana": [{"parts": "a-k", "gloss": "", "gloss_index": "", "lex": "a", "trans_ru": "NEG", "gloss_ru": "NEG.NPST-3", "gloss_index_ru": "STEM{a}-3{k}-", "gr.pos": "negp"}], "off_start": 57, "off_end": 59, "next_word": 10, "sentence_index": 8, "sentence_index_neg": 1}, {"wtype": "word", "wf": "li", "ana": [{"parts": "li", "gloss": "", "gloss_index": "", "lex": "li", "trans_ru": "становиться", "gloss_ru": "становиться", "gloss_index_ru": "STEM{li}-", "gr.pos": "v"}], "off_start": 60, "off_end": 62, "next_word": 11, "sentence_index": 9, "sentence_index_neg": 0}, {"wtype": "punct", "wf": ".", "off_start": 62, "off_end": 63, "next_word": 12}], "text": "1.20. a kə̈zə̈t vot ə̑ə̑ə̑... sirät... pə̑n'imajə̑šə̑žat ak li.", "para_alignment": [{"off_start": 0, "off_end": 63, "para_id": 9428}]}, {"lang": 0, "words": [{"wtype": "punct", "wf": "1.21.", "off_start": 0, "off_end": 5, "next_word": 1}, {"wtype": "word", "wf": "ipol'it", "ana": [{"parts": "ipol'it", "gloss": "", "gloss_index": "", "lex": "ipol'it", "trans_ru": "Ипполит", "gloss_ru": "Ипполит", "gloss_index_ru": "STEM{ipol'it}-", "gr.pos": "n"}], "off_start": 6, "off_end": 13, "next_word": 2, "sentence_index": 0, "sentence_index_neg": 10}, {"wtype": "word", "wf": "lobanof", "ana": [{"parts": "lobanof", "gloss": "", "gloss_index": "", "lex": "lobanof", "trans_ru": "Лобанов", "gloss_ru": "Лобанов", "gloss_index_ru": "STEM{lobanof}-", "gr.pos": "n"}], "off_start": 14, "off_end": 21, "next_word": 3, "sentence_index": 1, "sentence_index_neg": 9}, {"wtype": "word", "wf": "sirä", "ana": [{"parts": "sir-ä", "gloss": "", "gloss_index": "", "lex": "sir", "trans_ru": "писать", "gloss_ru": "писать-NPST.3SG", "gloss_index_ru": "STEM{sir}-NPST.3SG{ä}-", "gr.pos": "v"}], "off_start": 22, "off_end": 26, "next_word": 4, "sentence_index": 2, "sentence_index_neg": 8}, {"wtype": "word", "wf": "marla", "ana": [{"parts": "mar-la", "gloss": "", "gloss_index": "", "lex": "mar", "trans_ru": "мари", "gloss_ru": "мари-SIM", "gloss_index_ru": "STEM{mar}-SIM{la}-", "gr.pos": "n"}], "off_start": 27, "off_end": 32, "next_word": 5, "sentence_index": 3, "sentence_index_neg": 7}, {"wtype": "word", "wf": "piš", "ana": [{"parts": "piš", "gloss": "", "gloss_index": "", "lex": "piš", "trans_ru": "очень", "gloss_ru": "очень", "gloss_index_ru": "STEM{piš}-", "gr.pos": "adv"}], "off_start": 33, "off_end": 36, "next_word": 6, "sentence_index": 4, "sentence_index_neg": 6}, {"wtype": "word", "wf": "kogon", "ana": [{"parts": "kogo-n", "gloss": "", "gloss_index": "", "lex": "kogo", "trans_ru": "большой", "gloss_ru": "большой-ADV", "gloss_index_ru": "STEM{kogo}-ADV{n}-", "gr.pos": "adj"}], "off_start": 37, "off_end": 42, "next_word": 7, "sentence_index": 5, "sentence_index_neg": 5}, {"wtype": "word", "wf": "vn'atnə̑", "ana": [{"parts": "vn'atnə̑", "gloss": "", "gloss_index": "", "lex": "vn'atnə̑", "trans_ru": "внятный", "gloss_ru": "внятный", "gloss_index_ru": "STEM{vn'atnə̑}-", "gr.pos": ["adj", "adv"]}], "off_start": 43, "off_end": 51, "next_word": 8, "sentence_index": 6, "sentence_index_neg": 4}, {"wtype": "word", "wf": "cilä", "ana": [{"parts": "cilä", "gloss": "", "gloss_index": "", "lex": "cilä", "trans_ru": "весь", "gloss_ru": "весь", "gloss_index_ru": "STEM{cilä}-", "gr.pos": ["pro-form", "pro"]}], "off_start": 52, "off_end": 56, "next_word": 9, "sentence_index": 7, "sentence_index_neg": 3}, {"wtype": "word", "wf": "kuštə̑lgə̑", "ana": [{"parts": "kuštə̑lgə̑", "gloss": "", "gloss_index": "", "lex": "kuštə̑lgə̑", "trans_ru": "легко", "gloss_ru": "легко", "gloss_index_ru": "STEM{kuštə̑lgə̑}-", "gr.pos": "adv"}], "off_start": 57, "off_end": 67, "next_word": 10, "sentence_index": 8, "sentence_index_neg": 2}, {"wtype": "word", "wf": "lə̑daš", "ana": [{"parts": "lə̑d-aš", "gloss": "", "gloss_index": "", "lex": "lə̑d", "trans_ru": "читать", "gloss_ru": "читать-INF", "gloss_index_ru": "STEM{lə̑d}-INF{aš}-", "gr.pos": "v"}], "off_start": 68, "off_end": 74, "next_word": 11, "sentence_index": 9, "sentence_index_neg": 1}, {"wtype": "word", "wf": "vot", "ana": [{"parts": "vot", "gloss": "", "gloss_index": "", "lex": "vot", "trans_ru": "вот", "gloss_ru": "вот", "gloss_index_ru": "STEM{vot}-", "gr.pos": "prt"}], "off_start": 75, "off_end": 78, "next_word": 12, "sentence_index": 10, "sentence_index_neg": 0}, {"wtype": "punct", "wf": ".", "off_start": 78, "off_end": 79, "next_word": 13}], "text": "1.21. ipol'it lobanof sirä marla piš kogon vn'atnə̑ cilä kuštə̑lgə̑ lə̑daš vot.", "para_alignment": [{"off_start": 0, "off_end": 79, "para_id": 9429}]}, {"lang": 0, "words": [{"wtype": "punct", "wf": "1.22.", "off_start": 0, "off_end": 5, "next_word": 1}, {"wtype": "word", "wf": "mämnän", "ana": [{"parts": "mäm-nä-n", "gloss": "", "gloss_index": "", "lex": "mäm", "trans_ru": "мы", "gloss_ru": "мы-POSS.1PL-GEN", "gloss_index_ru": "STEM{mäm}-POSS.1PL{nä}-GEN{n}-", "gr.pos": "pro-form"}], "off_start": 6, "off_end": 12, "next_word": 2, "sentence_index": 0, "sentence_index_neg": 3}, {"wtype": "word", "wf": "ulə̑", "ana": [{"parts": "ulə̑", "gloss": "", "gloss_index": "", "gloss_ru": "EX", "gloss_index_ru": "EX{ulə̑}-"}], "off_start": 13, "off_end": 17, "next_word": 3, "sentence_index": 1, "sentence_index_neg": 2}, {"wtype": "word", "wf": "žerä", "ana": [{"parts": "žerä", "gloss": "", "gloss_index": "", "lex": "žerä", "trans_ru": "заря", "gloss_ru": "заря", "gloss_index_ru": "STEM{žerä}-", "gr.pos": "n"}], "off_start": 18, "off_end": 22, "next_word": 4, "sentence_index": 2, "sentence_index_neg": 1}, {"wtype": "word", "wf": "gazet", "ana": [{"parts": "gazet", "gloss": "", "gloss_index": "", "lex": "gazet", "trans_ru": "газета", "gloss_ru": "газета", "gloss_index_ru": "STEM{gazet}-", "gr.pos": "n"}], "off_start": 23, "off_end": 28, "next_word": 5, "sentence_index": 3, "sentence_index_neg": 0}, {"wtype": "punct", "wf": ".", "off_start": 28, "off_end": 29, "next_word": 6}], "text": "1.22. mämnän ulə̑ žerä gazet.", "para_alignment": [{"off_start": 0, "off_end": 29, "para_id": 9430}]}, {"lang": 0, "words": [{"wtype": "punct", "wf": "1.23.", "off_start": 0, "off_end": 5, "next_word": 1}, {"wtype": "word", "wf": "vot", "ana": [{"parts": "vot", "gloss": "", "gloss_index": "", "lex": "vot", "trans_ru": "вот", "gloss_ru": "вот", "gloss_index_ru": "STEM{vot}-", "gr.pos": "prt"}], "off_start": 6, "off_end": 9, "next_word": 2, "sentence_index": 0, "sentence_index_neg": 10}, {"wtype": "word", "wf": "gazetə̈m", "ana": [{"parts": "gazet-ə̈m", "gloss": "", "gloss_index": "", "lex": "gazet", "trans_ru": "газета", "gloss_ru": "газета-ACC", "gloss_index_ru": "STEM{gazet}-ACC{ə̈m}-", "gr.pos": "n"}], "off_start": 10, "off_end": 18, "next_word": 3, "sentence_index": 1, "sentence_index_neg": 9}, {"wtype": "word", "wf": "kuštə̑lgə̑", "ana": [{"parts": "kuštə̑lgə̑", "gloss": "", "gloss_index": "", "lex": "kuštə̑lgə̑", "trans_ru": "легко", "gloss_ru": "легко", "gloss_index_ru": "STEM{kuštə̑lgə̑}-", "gr.pos": "adv"}], "off_start": 19, "off_end": 29, "next_word": 4, "sentence_index": 2, "sentence_index_neg": 8}, {"wtype": "word", "wf": "lə̑daš", "ana": [{"parts": "lə̑d-aš", "gloss": "", "gloss_index": "", "lex": "lə̑d", "trans_ru": "читать", "gloss_ru": "читать-INF", "gloss_index_ru": "STEM{lə̑d}-INF{aš}-", "gr.pos": "v"}], "off_start": 30, "off_end": 36, "next_word": 5, "sentence_index": 3, "sentence_index_neg": 7}, {"wtype": "word", "wf": "vot", "ana": [{"parts": "vot", "gloss": "", "gloss_index": "", "lex": "vot", "trans_ru": "вот", "gloss_ru": "вот", "gloss_index_ru": "STEM{vot}-", "gr.pos": "prt"}], "off_start": 37, "off_end": 40, "next_word": 6, "sentence_index": 4, "sentence_index_neg": 6}, {"wtype": "word", "wf": "a", "ana": [{"parts": "a", "gloss": "", "gloss_index": "", "lex": "a", "trans_ru": "а", "gloss_ru": "а", "gloss_index_ru": "STEM{a}-", "gr.pos": ["coordconn", "negp"]}], "off_start": 41, "off_end": 42, "next_word": 7, "sentence_index": 5, "sentence_index_neg": 5}, {"wtype": "word", "wf": "vesə̈vläm", "ana": [{"parts": "ves-ə̈-vlä-m", "gloss": "", "gloss_index": "", "lex": "ves", "trans_ru": "другой", "gloss_ru": "другой-FULL-PL-ACC", "gloss_index_ru": "STEM{ves}-FULL{ə̈}-PL{vlä}-ACC{m}-", "gr.pos": "pro-form"}], "off_start": 43, "off_end": 52, "next_word": 8, "sentence_index": 6, "sentence_index_neg": 4}, {"wtype": "word", "wf": "vesə̈vlän", "ana": [{"parts": "ves-ə̈-vlä-n", "gloss": "", "gloss_index": "", "lex": "ves", "trans_ru": "другой", "gloss_ru": "другой-FULL-PL-GEN", "gloss_index_ru": "STEM{ves}-FULL{ə̈}-PL{vlä}-GEN{n}-", "gr.pos": ["pro-form", "v"]}], "off_start": 53, "off_end": 62, "next_word": 9, "sentence_index": 7, "sentence_index_neg": 3}, {"wtype": "word", "wf": "mam", "ana": [{"parts": "ma-m", "gloss": "", "gloss_index": "", "lex": "ma", "trans_ru": "что", "gloss_ru": "что-ACC", "gloss_index_ru": "STEM{ma}-ACC{m}-", "gr.pos": ["pro-form", "pro"]}], "off_start": 63, "off_end": 66, "next_word": 10, "sentence_index": 8, "sentence_index_neg": 2}, {"wtype": "word", "wf": "uže", "ana": [{"parts": "uže", "gloss": "", "gloss_index": "", "lex": "uže", "trans_ru": "уже", "gloss_ru": "уже", "gloss_index_ru": "STEM{uže}-", "gr.pos": "adv"}], "off_start": 67, "off_end": 70, "next_word": 11, "sentence_index": 9, "sentence_index_neg": 1}, {"wtype": "word", "wf": "nelə̈", "ana": [{"parts": "nelə̈", "gloss": "", "gloss_index": "", "lex": "nelə̈", "trans_ru": "трудно", "gloss_ru": "трудно", "gloss_index_ru": "STEM{nelə̈}-", "gr.pos": "adv"}], "off_start": 71, "off_end": 76, "next_word": 12, "sentence_index": 10, "sentence_index_neg": 0}, {"wtype": "punct", "wf": ".", "off_start": 76, "off_end": 77, "next_word": 13}], "text": "1.23. vot gazetə̈m kuštə̑lgə̑ lə̑daš vot a vesə̈vläm vesə̈vlän mam uže nelə̈.", "para_alignment": [{"off_start": 0, "off_end": 77, "para_id": 9431}], "last": true}, {"lang": 1, "words": [{"off_start": 0, "wf": "Заяц", "wtype": "word", "off_end": 4, "next_word": 1, "sentence_index": 0}, {"off_start": 4, "wf": ".", "wtype": "punct", "off_end": 5, "next_word": 2}], "text": "Заяц.", "para_alignment": [{"off_start": 0, "off_end": 5, "para_id": 9409}]}, {"lang": 1, "words": [{"off_start": 0, "wf": "Косоглазый", "wtype": "word", "off_end": 10, "next_word": 1, "sentence_index": 0, "sentence_index_neg": 2}, {"off_start": 11, "wf": "серый", "wtype": "word", "off_end": 16, "next_word": 2, "sentence_index": 1, "sentence_index_neg": 1}, {"off_start": 17, "wf": "заяц", "wtype": "word", "off_end": 21, "next_word": 3, "sentence_index": 2, "sentence_index_neg": 0}], "text": "Косоглазый серый заяц", "para_alignment": [{"off_start": 0, "off_end": 21, "para_id": 9410}]}, {"lang": 1, "words": [{"off_start": 0, "wf": "По", "wtype": "word", "off_end": 2, "next_word": 1, "sentence_index": 0, "sentence_index_neg": 5}, {"off_start": 3, "wf": "полю", "wtype": "word", "off_end": 7, "next_word": 2, "sentence_index": 1, "sentence_index_neg": 4}, {"off_start": 8, "wf": "бежит", "wtype": "word", "off_end": 13, "next_word": 3, "sentence_index": 2, "sentence_index_neg": 3}, {"off_start": 13, "wf": ",", "wtype": "punct", "off_end": 14, "next_word": 4, "sentence_index": 3, "sentence_index_neg": 2}, {"off_start": 15, "wf": "будто", "wtype": "word", "off_end": 20, "next_word": 5, "sentence_index": 4, "sentence_index_neg": 1}, {"off_start": 21, "wf": "взбесился", "wtype": "word", "off_end": 30, "next_word": 6, "sentence_index": 5, "sentence_index_neg": 0}, {"off_start": 30, "wf": ".", "wtype": "punct", "off_end": 31, "next_word": 7}], "text": "По полю бежит, будто взбесился.", "para_alignment": [{"off_start": 0, "off_end": 31, "para_id": 9411}]}, {"lang": 1, "words": [{"off_start": 0, "wf": "А", "wtype": "word", "off_end": 1, "next_word": 1, "sentence_index": 0, "sentence_index_neg": 4}, {"off_start": 2, "wf": "за", "wtype": "word", "off_end": 4, "next_word": 2, "sentence_index": 1, "sentence_index_neg": 3}, {"off_start": 5, "wf": "ним", "wtype": "word", "off_end": 8, "next_word": 3, "sentence_index": 2, "sentence_index_neg": 2}, {"off_start": 9, "wf": "маленький", "wtype": "word", "off_end": 18, "next_word": 4, "sentence_index": 3, "sentence_index_neg": 1}, {"off_start": 19, "wf": "щенок", "wtype": "word", "off_end": 24, "next_word": 5, "sentence_index": 4, "sentence_index_neg": 0}], "text": "А за ним маленький щенок", "para_alignment": [{"off_start": 0, "off_end": 24, "para_id": 9412}]}, {"lang": 1, "words": [{"off_start": 0, "wf": "гонит", "wtype": "word", "off_end": 5, "next_word": 1, "sentence_index": 0, "sentence_index_neg": 5}, {"off_start": 5, "wf": ",", "wtype": "punct", "off_end": 6, "next_word": 2, "sentence_index": 1, "sentence_index_neg": 4}, {"off_start": 7, "wf": "бежит", "wtype": "word", "off_end": 12, "next_word": 3, "sentence_index": 2, "sentence_index_neg": 3}, {"off_start": 12, "wf": ",", "wtype": "punct", "off_end": 13, "next_word": 4, "sentence_index": 3, "sentence_index_neg": 2}, {"off_start": 14, "wf": "будто", "wtype": "word", "off_end": 19, "next_word": 5, "sentence_index": 4, "sentence_index_neg": 1}, {"off_start": 20, "wf": "стрела", "wtype": "word", "off_end": 26, "next_word": 6, "sentence_index": 5, "sentence_index_neg": 0}, {"off_start": 26, "wf": ".", "wtype": "punct", "off_end": 27, "next_word": 7}], "text": "гонит, бежит, будто стрела.", "para_alignment": [{"off_start": 0, "off_end": 27, "para_id": 9413}]}, {"lang": 1, "words": [{"off_start": 0, "wf": "Догоняет", "wtype": "word", "off_end": 8, "next_word": 1, "sentence_index": 0, "sentence_index_neg": 2}, {"off_start": 9, "wf": "зайца", "wtype": "word", "off_end": 14, "next_word": 2, "sentence_index": 1, "sentence_index_neg": 1}, {"off_start": 15, "wf": "щенок", "wtype": "word", "off_end": 20, "next_word": 3, "sentence_index": 2, "sentence_index_neg": 0}, {"off_start": 20, "wf": ",", "wtype": "punct", "off_end": 21, "next_word": 4}], "text": "Догоняет зайца щенок,", "para_alignment": [{"off_start": 0, "off_end": 21, "para_id": 9414}]}, {"lang": 1, "words": [{"off_start": 0, "wf": "Думает", "wtype": "word", "off_end": 6, "next_word": 1, "sentence_index": 0}, {"off_start": 6, "wf": ":", "wtype": "punct", "off_end": 7, "next_word": 2}], "text": "Думает:", "para_alignment": [{"off_start": 0, "off_end": 7, "para_id": 9415}]}, {"lang": 1, "words": [{"off_start": 0, "wf": "\"", "wtype": "punct", "off_end": 1, "next_word": 1}, {"off_start": 1, "wf": "Поймаю", "wtype": "word", "off_end": 7, "next_word": 2, "sentence_index": 0, "sentence_index_neg": 2}, {"off_start": 8, "wf": "все", "wtype": "word", "off_end": 11, "next_word": 3, "sentence_index": 1, "sentence_index_neg": 1}, {"off_start": 12, "wf": "равно", "wtype": "word", "off_end": 17, "next_word": 4, "sentence_index": 2, "sentence_index_neg": 0}, {"off_start": 17, "wf": "».", "wtype": "punct", "off_end": 19, "next_word": 5}], "text": "\"Поймаю все равно».", "para_alignment": [{"off_start": 0, "off_end": 19, "para_id": 9416}]}, {"lang": 1, "words": [{"off_start": 0, "wf": "А", "wtype": "word", "off_end": 1, "next_word": 1, "sentence_index": 0, "sentence_index_neg": 1}, {"off_start": 2, "wf": "заяц", "wtype": "word", "off_end": 6, "next_word": 2, "sentence_index": 1, "sentence_index_neg": 0}], "text": "А заяц", "para_alignment": [{"off_start": 0, "off_end": 6, "para_id": 9417}]}, {"lang": 1, "words": [{"off_start": 0, "wf": "Немного", "wtype": "word", "off_end": 7, "next_word": 1, "sentence_index": 0, "sentence_index_neg": 1}, {"off_start": 8, "wf": "пробежав", "wtype": "word", "off_end": 16, "next_word": 2, "sentence_index": 1, "sentence_index_neg": 0}, {"off_start": 16, "wf": ",", "wtype": "punct", "off_end": 17, "next_word": 3}], "text": "Немного пробежав,", "para_alignment": [{"off_start": 0, "off_end": 17, "para_id": 9418}]}, {"lang": 1, "words": [{"off_start": 0, "wf": "Быстро", "wtype": "word", "off_end": 6, "next_word": 1, "sentence_index": 0, "sentence_index_neg": 1}, {"off_start": 7, "wf": "отскакивает", "wtype": "word", "off_end": 18, "next_word": 2, "sentence_index": 1, "sentence_index_neg": 0}, {"off_start": 18, "wf": ".", "wtype": "punct", "off_end": 19, "next_word": 3}], "text": "Быстро отскакивает.", "para_alignment": [{"off_start": 0, "off_end": 19, "para_id": 9419}]}, {"lang": 1, "words": [{"off_start": 0, "wf": "И", "wtype": "word", "off_end": 1, "next_word": 1, "sentence_index": 0, "sentence_index_neg": 2}, {"off_start": 2, "wf": "не", "wtype": "word", "off_end": 4, "next_word": 2, "sentence_index": 1, "sentence_index_neg": 1}, {"off_start": 5, "wf": "заметил", "wtype": "word", "off_end": 12, "next_word": 3, "sentence_index": 2, "sentence_index_neg": 0}, {"off_start": 12, "wf": ",", "wtype": "punct", "off_end": 13, "next_word": 4}], "text": "И не заметил,", "para_alignment": [{"off_start": 0, "off_end": 13, "para_id": 9420}]}, {"lang": 1, "words": [{"off_start": 0, "wf": "Щенок", "wtype": "word", "off_end": 5, "next_word": 1, "sentence_index": 0, "sentence_index_neg": 1}, {"off_start": 6, "wf": "падает", "wtype": "word", "off_end": 12, "next_word": 2, "sentence_index": 1, "sentence_index_neg": 0}, {"off_start": 12, "wf": ".", "wtype": "punct", "off_end": 13, "next_word": 3}], "text": "Щенок падает.", "para_alignment": [{"off_start": 0, "off_end": 13, "para_id": 9421}]}, {"lang": 1, "words": [{"off_start": 0, "wf": "Заяц", "wtype": "word", "off_end": 4, "next_word": 1, "sentence_index": 0, "sentence_index_neg": 3}, {"off_start": 5, "wf": "бежит", "wtype": "word", "off_end": 10, "next_word": 2, "sentence_index": 1, "sentence_index_neg": 2}, {"off_start": 11, "wf": "в", "wtype": "word", "off_end": 12, "next_word": 3, "sentence_index": 2, "sentence_index_neg": 1}, {"off_start": 13, "wf": "лес", "wtype": "word", "off_end": 16, "next_word": 4, "sentence_index": 3, "sentence_index_neg": 0}, {"off_start": 16, "wf": ",", "wtype": "punct", "off_end": 17, "next_word": 5}], "text": "Заяц бежит в лес,", "para_alignment": [{"off_start": 0, "off_end": 17, "para_id": 9422}]}, {"lang": 1, "words": [{"off_start": 0, "wf": "Обзываясь", "wtype": "word", "off_end": 9, "next_word": 1, "sentence_index": 0}, {"off_start": 9, "wf": ".", "wtype": "punct", "off_end": 10, "next_word": 2}], "text": "Обзываясь.", "para_alignment": [{"off_start": 0, "off_end": 10, "para_id": 9423}]}, {"lang": 1, "words": [{"off_start": 0, "wf": "Щенку", "wtype": "word", "off_end": 5, "next_word": 1, "sentence_index": 0, "sentence_index_neg": 1}, {"off_start": 6, "wf": "говорит", "wtype": "word", "off_end": 13, "next_word": 2, "sentence_index": 1, "sentence_index_neg": 0}, {"off_start": 13, "wf": ":", "wtype": "punct", "off_end": 14, "next_word": 3}], "text": "Щенку говорит:", "para_alignment": [{"off_start": 0, "off_end": 14, "para_id": 9424}]}, {"lang": 1, "words": [{"off_start": 0, "wf": "\"", "wtype": "punct", "off_end": 1, "next_word": 1}, {"off_start": 1, "wf": "Хвост", "wtype": "word", "off_end": 6, "next_word": 2, "sentence_index": 0, "sentence_index_neg": 1}, {"off_start": 7, "wf": "короткий", "wtype": "word", "off_end": 15, "next_word": 3, "sentence_index": 1, "sentence_index_neg": 0}, {"off_start": 15, "wf": ",", "wtype": "punct", "off_end": 16, "next_word": 4}], "text": "\"Хвост короткий,", "para_alignment": [{"off_start": 0, "off_end": 16, "para_id": 9425}]}, {"lang": 1, "words": [{"off_start": 0, "wf": "меня", "wtype": "word", "off_end": 4, "next_word": 1, "sentence_index": 0, "sentence_index_neg": 1}, {"off_start": 5, "wf": "догони", "wtype": "word", "off_end": 11, "next_word": 2, "sentence_index": 1, "sentence_index_neg": 0}, {"off_start": 11, "wf": "».", "wtype": "punct", "off_end": 13, "next_word": 3}], "text": "меня догони».", "para_alignment": [{"off_start": 0, "off_end": 13, "para_id": 9426}]}, {"lang": 1, "words": [{"off_start": 0, "wf": "Старые", "wtype": "word", "off_end": 6, "next_word": 1, "sentence_index": 0, "sentence_index_neg": 12}, {"off_start": 7, "wf": "книги", "wtype": "word", "off_end": 12, "next_word": 2, "sentence_index": 1, "sentence_index_neg": 11}, {"off_start": 13, "wf": "очень", "wtype": "word", "off_end": 18, "next_word": 3, "sentence_index": 2, "sentence_index_neg": 10}, {"off_start": 19, "wf": "внятные", "wtype": "word", "off_end": 26, "next_word": 4, "sentence_index": 3, "sentence_index_neg": 9}, {"off_start": 27, "wf": "для", "wtype": "word", "off_end": 30, "next_word": 5, "sentence_index": 4, "sentence_index_neg": 8}, {"off_start": 31, "wf": "людей", "wtype": "word", "off_end": 36, "next_word": 6, "sentence_index": 5, "sentence_index_neg": 7}, {"off_start": 36, "wf": ",", "wtype": "punct", "off_end": 37, "next_word": 7, "sentence_index": 6, "sentence_index_neg": 6}, {"off_start": 38, "wf": "в", "wtype": "word", "off_end": 39, "next_word": 8, "sentence_index": 7, "sentence_index_neg": 5}, {"off_start": 40, "wf": "сердце", "wtype": "word", "off_end": 46, "next_word": 9, "sentence_index": 8, "sentence_index_neg": 4}, {"off_start": 47, "wf": "ложатся", "wtype": "word", "off_end": 54, "next_word": 10, "sentence_index": 9, "sentence_index_neg": 3}, {"off_start": 54, "wf": ",", "wtype": "punct", "off_end": 55, "next_word": 11, "sentence_index": 10, "sentence_index_neg": 2}, {"off_start": 56, "wf": "что", "wtype": "word", "off_end": 59, "next_word": 12, "sentence_index": 11, "sentence_index_neg": 1}, {"off_start": 60, "wf": "писали", "wtype": "word", "off_end": 66, "next_word": 13, "sentence_index": 12, "sentence_index_neg": 0}, {"off_start": 66, "wf": ".", "wtype": "punct", "off_end": 67, "next_word": 14}], "text": "Старые книги очень внятные для людей, в сердце ложатся, что писали.", "para_alignment": [{"off_start": 0, "off_end": 67, "para_id": 9427}]}, {"lang": 1, "words": [{"off_start": 0, "wf": "А", "wtype": "word", "off_end": 1, "next_word": 1, "sentence_index": 0, "sentence_index_neg": 9}, {"off_start": 2, "wf": "сейчас", "wtype": "word", "off_end": 8, "next_word": 2, "sentence_index": 1, "sentence_index_neg": 8}, {"off_start": 9, "wf": "вот", "wtype": "word", "off_end": 12, "next_word": 3, "sentence_index": 2, "sentence_index_neg": 7}, {"off_start": 13, "wf": "э-э-э", "wtype": "word", "off_end": 18, "next_word": 4, "sentence_index": 3, "sentence_index_neg": 6}, {"off_start": 18, "wf": "...", "wtype": "punct", "off_end": 21, "next_word": 5, "sentence_index": 4, "sentence_index_neg": 5}, {"off_start": 22, "wf": "пишут", "wtype": "word", "off_end": 27, "next_word": 6, "sentence_index": 5, "sentence_index_neg": 4}, {"off_start": 27, "wf": ",", "wtype": "punct", "off_end": 28, "next_word": 7, "sentence_index": 6, "sentence_index_neg": 3}, {"off_start": 29, "wf": "даже", "wtype": "word", "off_end": 33, "next_word": 8, "sentence_index": 7, "sentence_index_neg": 2}, {"off_start": 34, "wf": "понять", "wtype": "word", "off_end": 40, "next_word": 9, "sentence_index": 8, "sentence_index_neg": 1}, {"off_start": 41, "wf": "нельзя", "wtype": "word", "off_end": 47, "next_word": 10, "sentence_index": 9, "sentence_index_neg": 0}, {"off_start": 47, "wf": ".", "wtype": "punct", "off_end": 48, "next_word": 11}], "text": "А сейчас вот э-э-э... пишут, даже понять нельзя.", "para_alignment": [{"off_start": 0, "off_end": 48, "para_id": 9428}]}, {"lang": 1, "words": [{"off_start": 0, "wf": "Ипполит", "wtype": "word", "off_end": 7, "next_word": 1, "sentence_index": 0, "sentence_index_neg": 9}, {"off_start": 8, "wf": "Лобанов", "wtype": "word", "off_end": 15, "next_word": 2, "sentence_index": 1, "sentence_index_neg": 8}, {"off_start": 16, "wf": "пишет", "wtype": "word", "off_end": 21, "next_word": 3, "sentence_index": 2, "sentence_index_neg": 7}, {"off_start": 22, "wf": "по-марийски", "wtype": "word", "off_end": 33, "next_word": 4, "sentence_index": 3, "sentence_index_neg": 6}, {"off_start": 34, "wf": "очень", "wtype": "word", "off_end": 39, "next_word": 5, "sentence_index": 4, "sentence_index_neg": 5}, {"off_start": 40, "wf": "внятно", "wtype": "word", "off_end": 46, "next_word": 6, "sentence_index": 5, "sentence_index_neg": 4}, {"off_start": 46, "wf": ",", "wtype": "punct", "off_end": 47, "next_word": 7, "sentence_index": 6, "sentence_index_neg": 3}, {"off_start": 48, "wf": "все", "wtype": "word", "off_end": 51, "next_word": 8, "sentence_index": 7, "sentence_index_neg": 2}, {"off_start": 52, "wf": "легко", "wtype": "word", "off_end": 57, "next_word": 9, "sentence_index": 8, "sentence_index_neg": 1}, {"off_start": 58, "wf": "читать", "wtype": "word", "off_end": 64, "next_word": 10, "sentence_index": 9, "sentence_index_neg": 0}, {"off_start": 64, "wf": ".", "wtype": "punct", "off_end": 65, "next_word": 11}], "text": "Ипполит Лобанов пишет по-марийски очень внятно, все легко читать.", "para_alignment": [{"off_start": 0, "off_end": 65, "para_id": 9429}]}, {"lang": 1, "words": [{"off_start": 0, "wf": "У", "wtype": "word", "off_end": 1, "next_word": 1, "sentence_index": 0, "sentence_index_neg": 5}, {"off_start": 2, "wf": "нас", "wtype": "word", "off_end": 5, "next_word": 2, "sentence_index": 1, "sentence_index_neg": 4}, {"off_start": 6, "wf": "есть", "wtype": "word", "off_end": 10, "next_word": 3, "sentence_index": 2, "sentence_index_neg": 3}, {"off_start": 11, "wf": "газета", "wtype": "word", "off_end": 17, "next_word": 4, "sentence_index": 3, "sentence_index_neg": 2}, {"off_start": 18, "wf": "«", "wtype": "punct", "off_end": 19, "next_word": 5, "sentence_index": 4, "sentence_index_neg": 1}, {"off_start": 19, "wf": "Жерä", "wtype": "word", "off_end": 23, "next_word": 6, "sentence_index": 5, "sentence_index_neg": 0}, {"off_start": 23, "wf": "».", "wtype": "punct", "off_end": 25, "next_word": 7}], "text": "У нас есть газета «Жерä».", "para_alignment": [{"off_start": 0, "off_end": 25, "para_id": 9430}]}, {"lang": 1, "words": [{"off_start": 0, "wf": "Вот", "wtype": "word", "off_end": 3, "next_word": 1, "sentence_index": 0, "sentence_index_neg": 9}, {"off_start": 4, "wf": "газету", "wtype": "word", "off_end": 10, "next_word": 2, "sentence_index": 1, "sentence_index_neg": 8}, {"off_start": 11, "wf": "легко", "wtype": "word", "off_end": 16, "next_word": 3, "sentence_index": 2, "sentence_index_neg": 7}, {"off_start": 17, "wf": "читать", "wtype": "word", "off_end": 23, "next_word": 4, "sentence_index": 3, "sentence_index_neg": 6}, {"off_start": 23, "wf": ",", "wtype": "punct", "off_end": 24, "next_word": 5, "sentence_index": 4, "sentence_index_neg": 5}, {"off_start": 25, "wf": "а", "wtype": "word", "off_end": 26, "next_word": 6, "sentence_index": 5, "sentence_index_neg": 4}, {"off_start": 27, "wf": "у", "wtype": "word", "off_end": 28, "next_word": 7, "sentence_index": 6, "sentence_index_neg": 3}, {"off_start": 29, "wf": "других", "wtype": "word", "off_end": 35, "next_word": 8, "sentence_index": 7, "sentence_index_neg": 2}, {"off_start": 36, "wf": "уже", "wtype": "word", "off_end": 39, "next_word": 9, "sentence_index": 8, "sentence_index_neg": 1}, {"off_start": 40, "wf": "трудно", "wtype": "word", "off_end": 46, "next_word": 10, "sentence_index": 9, "sentence_index_neg": 0}, {"off_start": 46, "wf": ".", "wtype": "punct", "off_end": 47, "next_word": 11}], "text": "Вот газету легко читать, а у других уже трудно.", "para_alignment": [{"off_start": 0, "off_end": 47, "para_id": 9431}]}]}