{"meta": {"title": "Акрям", "filename": "corpus\\xml\\hill.xml"}, "sentences": [{"lang": 0, "words": [{"wtype": "punct", "wf": "1.1.", "off_start": 0, "off_end": 4, "next_word": 1}, {"wtype": "word", "wf": "äkräm", "ana": [{"parts": "äkräm", "gloss": "", "gloss_index": "", "lex": "äkräm", "trans_ru": "Акрям", "gloss_ru": "Акрям", "gloss_index_ru": "STEM{äkräm}-", "gr.pos": "n"}], "off_start": 5, "off_end": 10, "next_word": 2, "sentence_index": 0}, {"wtype": "punct", "wf": ".", "off_start": 10, "off_end": 11, "next_word": 3}], "text": "1.1. äkräm.", "para_alignment": [{"off_start": 0, "off_end": 11, "para_id": 62}]}, {"lang": 0, "words": [{"wtype": "punct", "wf": "1.2.", "off_start": 0, "off_end": 4, "next_word": 1}, {"wtype": "word", "wf": "boj", "ana": [{"parts": "boj", "gloss": "", "gloss_index": "", "lex": "boj", "trans_ru": "бой", "gloss_ru": "бой", "gloss_index_ru": "STEM{boj}-", "gr.pos": "n"}], "off_start": 5, "off_end": 8, "next_word": 2, "sentence_index": 0, "sentence_index_neg": 4}, {"wtype": "word", "wf": "ken", "ana": [{"parts": "ke-n", "gloss": "", "gloss_index": "", "lex": "ke", "trans_ru": "идти", "gloss_ru": "идти-PRET", "gloss_index_ru": "STEM{ke}-PRET{n}-", "gr.pos": "v"}], "off_start": 9, "off_end": 12, "next_word": 3, "sentence_index": 1, "sentence_index_neg": 3}, {"wtype": "word", "wf": "ivan", "ana": [{"parts": "ivan", "gloss": "", "gloss_index": "", "lex": "ivan", "trans_ru": "Иван", "gloss_ru": "Иван", "gloss_index_ru": "STEM{ivan}-", "gr.pos": "n"}], "off_start": 13, "off_end": 17, "next_word": 4, "sentence_index": 2, "sentence_index_neg": 2}, {"wtype": "word", "wf": "groznə̑j", "ana": [{"parts": "groznə̑j", "gloss": "", "gloss_index": "", "lex": "groznə̑j", "trans_ru": "Грозный", "gloss_ru": "Грозный", "gloss_index_ru": "STEM{groznə̑j}-", "gr.pos": "n"}], "off_start": 18, "off_end": 26, "next_word": 5, "sentence_index": 3, "sentence_index_neg": 1}, {"wtype": "word", "wf": "godə̑m", "ana": [{"parts": "god-ə̑m", "gloss": "", "gloss_index": "", "lex": "god", "trans_ru": "время", "gloss_ru": "время-ACC", "gloss_index_ru": "STEM{god}-ACC{ə̑m}-", "gr.pos": "post"}], "off_start": 27, "off_end": 33, "next_word": 6, "sentence_index": 4, "sentence_index_neg": 0}, {"wtype": "punct", "wf": ".", "off_start": 33, "off_end": 34, "next_word": 7}], "text": "1.2. boj ken ivan groznə̑j godə̑m.", "para_alignment": [{"off_start": 0, "off_end": 34, "para_id": 63}]}, {"lang": 0, "words": [{"wtype": "punct", "wf": "1.3.", "off_start": 0, "off_end": 4, "next_word": 1}, {"wtype": "word", "wf": "orolə̑", "ana": [{"parts": "orolə̑", "gloss": "", "gloss_index": "", "lex": "orolə̑", "trans_ru": "Оролы", "gloss_ru": "Оролы", "gloss_index_ru": "STEM{orolə̑}-", "gr.pos": "n"}], "off_start": 5, "off_end": 11, "next_word": 2, "sentence_index": 0, "sentence_index_neg": 5}, {"wtype": "word", "wf": "kə̑rə̑k", "ana": [{"parts": "kə̑rə̑k", "gloss": "", "gloss_index": "", "lex": "kə̑rə̑k", "trans_ru": "гора", "gloss_ru": "гора", "gloss_index_ru": "STEM{kə̑rə̑k}-", "gr.pos": "n"}], "off_start": 12, "off_end": 19, "next_word": 3, "sentence_index": 1, "sentence_index_neg": 4}, {"wtype": "word", "wf": "nerə̈štə̈", "ana": [{"parts": "ner-ə̈štə̈", "gloss": "", "gloss_index": "", "lex": "ner", "trans_ru": "нос", "gloss_ru": "нос-IN", "gloss_index_ru": "STEM{ner}-IN{ə̈štə̈}-", "gr.pos": "n"}], "off_start": 20, "off_end": 29, "next_word": 4, "sentence_index": 2, "sentence_index_neg": 3}, {"wtype": "word", "wf": "voevoda", "ana": [{"parts": "vojevoda", "gloss": "", "gloss_index": "", "lex": "vojevoda", "trans_ru": "воевода", "gloss_ru": "воевода", "gloss_index_ru": "STEM{vojevoda}-", "gr.pos": "n"}], "off_start": 30, "off_end": 37, "next_word": 5, "sentence_index": 3, "sentence_index_neg": 2}, {"wtype": "word", "wf": "äkräm", "ana": [{"parts": "äkräm", "gloss": "", "gloss_index": "", "lex": "äkräm", "trans_ru": "Акрям", "gloss_ru": "Акрям", "gloss_index_ru": "STEM{äkräm}-", "gr.pos": "n"}], "off_start": 38, "off_end": 43, "next_word": 6, "sentence_index": 4, "sentence_index_neg": 1}, {"wtype": "word", "wf": "ə̑lə̑n", "ana": [{"parts": "ə̑l-ə̑n", "gloss": "", "gloss_index": "", "lex": "ə̑l", "trans_ru": "быть", "gloss_ru": "быть-PRET", "gloss_index_ru": "STEM{ə̑l}-PRET{ə̑n}-", "gr.pos": ["v", "prt"]}], "off_start": 44, "off_end": 50, "next_word": 7, "sentence_index": 5, "sentence_index_neg": 0}, {"wtype": "punct", "wf": ".", "off_start": 50, "off_end": 51, "next_word": 8}], "text": "1.3. orolə̑ kə̑rə̑k nerə̈štə̈ voevoda äkräm ə̑lə̑n.", "para_alignment": [{"off_start": 0, "off_end": 51, "para_id": 64}]}, {"lang": 0, "words": [{"wtype": "punct", "wf": "1.4.", "off_start": 0, "off_end": 4, "next_word": 1}, {"wtype": "word", "wf": "tə̈də̈", "ana": [{"parts": "tə̈də̈", "gloss": "", "gloss_index": "", "lex": "tə̈də̈", "trans_ru": "он", "gloss_ru": "он", "gloss_index_ru": "STEM{tə̈də̈}-", "gr.pos": ["pro-form", "pro"]}], "off_start": 5, "off_end": 11, "next_word": 2, "sentence_index": 0, "sentence_index_neg": 2}, {"wtype": "word", "wf": "marə̑n", "ana": [{"parts": "marə̑-n", "gloss": "", "gloss_index": "", "lex": "marə̑", "trans_ru": "мари", "gloss_ru": "мари-GEN", "gloss_index_ru": "STEM{marə̑}-GEN{n}-", "gr.pos": "n"}], "off_start": 12, "off_end": 18, "next_word": 3, "sentence_index": 1, "sentence_index_neg": 1}, {"wtype": "word", "wf": "ə̑lə̑n", "ana": [{"parts": "ə̑l-ə̑n", "gloss": "", "gloss_index": "", "lex": "ə̑l", "trans_ru": "быть", "gloss_ru": "быть-PRET", "gloss_index_ru": "STEM{ə̑l}-PRET{ə̑n}-", "gr.pos": ["v", "prt"]}], "off_start": 19, "off_end": 25, "next_word": 4, "sentence_index": 2, "sentence_index_neg": 0}, {"wtype": "punct", "wf": ".", "off_start": 25, "off_end": 26, "next_word": 5}], "text": "1.4. tə̈də̈ marə̑n ə̑lə̑n.", "para_alignment": [{"off_start": 0, "off_end": 26, "para_id": 65}]}, {"lang": 0, "words": [{"wtype": "punct", "wf": "1.5.", "off_start": 0, "off_end": 4, "next_word": 1}, {"wtype": "word", "wf": "tə̑l", "ana": [{"parts": "tə̑l", "gloss": "", "gloss_index": "", "lex": "tə̑l", "trans_ru": "огонь", "gloss_ru": "огонь", "gloss_index_ru": "STEM{tə̑l}-", "gr.pos": "n"}], "off_start": 5, "off_end": 9, "next_word": 2, "sentence_index": 0, "sentence_index_neg": 8}, {"wtype": "word", "wf": "pandə̑", "ana": [{"parts": "pandə̑", "gloss": "", "gloss_index": "", "lex": "pandə̑", "trans_ru": "палка", "gloss_ru": "палка", "gloss_index_ru": "STEM{pandə̑}-", "gr.pos": "n"}], "off_start": 10, "off_end": 16, "next_word": 3, "sentence_index": 1, "sentence_index_neg": 7}, {"wtype": "word", "wf": "dono", "ana": [{"parts": "dono", "gloss": "", "gloss_index": "", "lex": "dono", "trans_ru": "с", "gloss_ru": "с", "gloss_index_ru": "STEM{dono}-", "gr.pos": "post"}], "off_start": 17, "off_end": 21, "next_word": 4, "sentence_index": 2, "sentence_index_neg": 6}, {"wtype": "word", "wf": "jadro", "ana": [{"parts": "jadro", "gloss": "", "gloss_index": "", "lex": "jadro", "trans_ru": "ядро", "gloss_ru": "ядро", "gloss_index_ru": "STEM{jadro}-", "gr.pos": "n"}], "off_start": 22, "off_end": 27, "next_word": 5, "sentence_index": 3, "sentence_index_neg": 5}, {"wtype": "word", "wf": "dono", "ana": [{"parts": "dono", "gloss": "", "gloss_index": "", "lex": "dono", "trans_ru": "с", "gloss_ru": "с", "gloss_index_ru": "STEM{dono}-", "gr.pos": "post"}], "off_start": 28, "off_end": 32, "next_word": 6, "sentence_index": 4, "sentence_index_neg": 4}, {"wtype": "word", "wf": "kü", "ana": [{"parts": "kü", "gloss": "", "gloss_index": "", "lex": "kü", "trans_ru": "кто", "gloss_ru": "кто", "gloss_index_ru": "STEM{kü}-", "gr.pos": ["pro-form", "pro"]}], "off_start": 33, "off_end": 35, "next_word": 7, "sentence_index": 5, "sentence_index_neg": 3}, {"wtype": "word", "wf": "maklaka", "ana": [{"parts": "maklaka", "gloss": "", "gloss_index": "", "lex": "maklaka", "trans_ru": "комок", "gloss_ru": "комок", "gloss_index_ru": "STEM{maklaka}-", "gr.pos": "n"}], "off_start": 36, "off_end": 43, "next_word": 8, "sentence_index": 6, "sentence_index_neg": 2}, {"wtype": "word", "wf": "dono", "ana": [{"parts": "dono", "gloss": "", "gloss_index": "", "lex": "dono", "trans_ru": "с", "gloss_ru": "с", "gloss_index_ru": "STEM{dono}-", "gr.pos": "post"}], "off_start": 44, "off_end": 48, "next_word": 9, "sentence_index": 7, "sentence_index_neg": 1}, {"wtype": "word", "wf": "vojujenə̈t", "ana": [{"parts": "vojuj-en-ə̈t", "gloss": "", "gloss_index": "", "lex": "vojuj", "trans_ru": "воевать", "gloss_ru": "воевать-PRET-3PL", "gloss_index_ru": "STEM{vojuj}-PRET{en}-3PL{ə̈t}-", "gr.pos": "v"}], "off_start": 49, "off_end": 59, "next_word": 10, "sentence_index": 8, "sentence_index_neg": 0}, {"wtype": "punct", "wf": ".", "off_start": 59, "off_end": 60, "next_word": 11}], "text": "1.5. tə̑l pandə̑ dono jadro dono kü maklaka dono vojujenə̈t.", "para_alignment": [{"off_start": 0, "off_end": 60, "para_id": 66}]}, {"lang": 0, "words": [{"wtype": "punct", "wf": "1.6.", "off_start": 0, "off_end": 4, "next_word": 1}, {"wtype": "word", "wf": "kə̑rə̑k", "ana": [{"parts": "kə̑rə̑k", "gloss": "", "gloss_index": "", "lex": "kə̑rə̑k", "trans_ru": "гора", "gloss_ru": "гора", "gloss_index_ru": "STEM{kə̑rə̑k}-", "gr.pos": "n"}], "off_start": 5, "off_end": 12, "next_word": 2, "sentence_index": 0, "sentence_index_neg": 5}, {"wtype": "word", "wf": "gə̈c", "ana": [{"parts": "gə̈c", "gloss": "", "gloss_index": "", "lex": "gə̈c", "trans_ru": "EL", "gloss_ru": "EL", "gloss_index_ru": "STEM{gə̈c}-", "gr.pos": "post"}], "off_start": 13, "off_end": 17, "next_word": 3, "sentence_index": 1, "sentence_index_neg": 4}, {"wtype": "word", "wf": "pren'ävläm", "ana": [{"parts": "pren'ä-vlä-m", "gloss": "", "gloss_index": "", "lex": "pren'ä", "trans_ru": "бревно", "gloss_ru": "бревно-PL-ACC", "gloss_index_ru": "STEM{pren'ä}-PL{vlä}-ACC{m}-", "gr.pos": "n"}], "off_start": 18, "off_end": 28, "next_word": 4, "sentence_index": 2, "sentence_index_neg": 3}, {"wtype": "word", "wf": "kə̑rgə̑žtenə̈t", "ana": [{"parts": "kə̑rgə̑ž-t-en-ə̈t", "gloss": "", "gloss_index": "", "lex": "kə̑rgə̑ž", "trans_ru": "бежать", "gloss_ru": "бежать-CAUS-PRET-3PL", "gloss_index_ru": "STEM{kə̑rgə̑ž}-CAUS{t}-PRET{en}-3PL{ə̈t}-", "gr.pos": "v"}], "off_start": 29, "off_end": 43, "next_word": 5, "sentence_index": 3, "sentence_index_neg": 2}, {"wtype": "word", "wf": "tadarvlä", "ana": [{"parts": "tadar-vlä", "gloss": "", "gloss_index": "", "lex": "tadar", "trans_ru": "татарин", "gloss_ru": "татарин-PL", "gloss_index_ru": "STEM{tadar}-PL{vlä}-", "gr.pos": "n"}], "off_start": 44, "off_end": 52, "next_word": 6, "sentence_index": 4, "sentence_index_neg": 1}, {"wtype": "word", "wf": "və̈kə̈", "ana": [{"parts": "və̈-kə̈", "gloss": "", "gloss_index": "", "lex": "və̈", "trans_ru": "верх", "gloss_ru": "верх-ILL2", "gloss_index_ru": "STEM{və̈}-ILL2{kə̈}-", "gr.pos": "post"}], "off_start": 53, "off_end": 59, "next_word": 7, "sentence_index": 5, "sentence_index_neg": 0}, {"wtype": "punct", "wf": ".", "off_start": 59, "off_end": 60, "next_word": 8}], "text": "1.6. kə̑rə̑k gə̈c pren'ävläm kə̑rgə̑žtenə̈t tadarvlä və̈kə̈.", "para_alignment": [{"off_start": 0, "off_end": 60, "para_id": 67}]}, {"lang": 0, "words": [{"wtype": "punct", "wf": "1.7.", "off_start": 0, "off_end": 4, "next_word": 1}, {"wtype": "word", "wf": "kə̑rə̑k", "ana": [{"parts": "kə̑rə̑k", "gloss": "", "gloss_index": "", "lex": "kə̑rə̑k", "trans_ru": "гора", "gloss_ru": "гора", "gloss_index_ru": "STEM{kə̑rə̑k}-", "gr.pos": "n"}], "off_start": 5, "off_end": 12, "next_word": 2, "sentence_index": 0, "sentence_index_neg": 4}, {"wtype": "word", "wf": "gə̈c", "ana": [{"parts": "gə̈c", "gloss": "", "gloss_index": "", "lex": "gə̈c", "trans_ru": "EL", "gloss_ru": "EL", "gloss_index_ru": "STEM{gə̈c}-", "gr.pos": "post"}], "off_start": 13, "off_end": 17, "next_word": 3, "sentence_index": 1, "sentence_index_neg": 3}, {"wtype": "word", "wf": "kə̑rə̑kə̑š", "ana": [{"parts": "kə̑rə̑k-ə̑š", "gloss": "", "gloss_index": "", "lex": "kə̑rə̑k", "trans_ru": "гора", "gloss_ru": "гора-ILL", "gloss_index_ru": "STEM{kə̑rə̑k}-ILL{ə̑š}-", "gr.pos": "n"}], "off_start": 18, "off_end": 28, "next_word": 4, "sentence_index": 2, "sentence_index_neg": 2}, {"wtype": "word", "wf": "camavläm", "ana": [{"parts": "cama-vlä-m", "gloss": "", "gloss_index": "", "lex": "cama", "trans_ru": "жеребенок", "gloss_ru": "жеребенок-PL-ACC", "gloss_index_ru": "STEM{cama}-PL{vlä}-ACC{m}-", "gr.pos": "n"}], "off_start": 29, "off_end": 37, "next_word": 5, "sentence_index": 3, "sentence_index_neg": 1}, {"wtype": "word", "wf": "kə̈škenə̈t", "ana": [{"parts": "kə̈šk-en-ə̈t", "gloss": "", "gloss_index": "", "lex": "kə̈šk", "trans_ru": "бросать", "gloss_ru": "бросать-PRET-3PL", "gloss_index_ru": "STEM{kə̈šk}-PRET{en}-3PL{ə̈t}-", "gr.pos": "v"}], "off_start": 38, "off_end": 48, "next_word": 6, "sentence_index": 4, "sentence_index_neg": 0}, {"wtype": "punct", "wf": ".", "off_start": 48, "off_end": 49, "next_word": 7}], "text": "1.7. kə̑rə̑k gə̈c kə̑rə̑kə̑š camavläm kə̈škenə̈t.", "para_alignment": [{"off_start": 0, "off_end": 49, "para_id": 68}]}, {"lang": 0, "words": [{"wtype": "punct", "wf": "1.8.", "off_start": 0, "off_end": 4, "next_word": 1}, {"wtype": "word", "wf": "kol'caš", "ana": [{"parts": "kol'ca-š", "gloss": "", "gloss_index": "", "lex": "kol'ca", "trans_ru": "кольцо", "gloss_ru": "кольцо-ILL", "gloss_index_ru": "STEM{kol'ca}-ILL{š}-", "gr.pos": "n"}], "off_start": 5, "off_end": 12, "next_word": 2, "sentence_index": 0, "sentence_index_neg": 4}, {"wtype": "word", "wf": "camam", "ana": [{"parts": "cama-m", "gloss": "", "gloss_index": "", "lex": "cama", "trans_ru": "жеребенок", "gloss_ru": "жеребенок-ACC", "gloss_index_ru": "STEM{cama}-ACC{m}-", "gr.pos": "n"}], "off_start": 13, "off_end": 18, "next_word": 3, "sentence_index": 1, "sentence_index_neg": 3}, {"wtype": "word", "wf": "popazə̑ktat", "ana": [{"parts": "popaz-ə̑kt-at", "gloss": "", "gloss_index": "", "lex": "popaz", "trans_ru": "попада'ть", "gloss_ru": "попада'ть-CAUS.DIST-NPST.3PL", "gloss_index_ru": "STEM{popaz}-CAUS.DIST{ə̑kt}-NPST.3PL{at}-", "gr.pos": "v"}], "off_start": 19, "off_end": 30, "next_word": 4, "sentence_index": 2, "sentence_index_neg": 2}, {"wtype": "word", "wf": "kə̑čat", "ana": [{"parts": "kə̑č-at", "gloss": "", "gloss_index": "", "lex": "kə̑č", "trans_ru": "держать", "gloss_ru": "держать-NPST.3PL", "gloss_index_ru": "STEM{kə̑č}-NPST.3PL{at}-", "gr.pos": "v"}], "off_start": 31, "off_end": 37, "next_word": 5, "sentence_index": 3, "sentence_index_neg": 1}, {"wtype": "word", "wf": "vara", "ana": [{"parts": "vara", "gloss": "", "gloss_index": "", "lex": "vara", "trans_ru": "потом", "gloss_ru": "потом", "gloss_index_ru": "STEM{vara}-", "gr.pos": "adv"}], "off_start": 38, "off_end": 42, "next_word": 6, "sentence_index": 4, "sentence_index_neg": 0}, {"wtype": "punct", "wf": ".", "off_start": 42, "off_end": 43, "next_word": 7}], "text": "1.8. kol'caš camam popazə̑ktat kə̑čat vara.", "para_alignment": [{"off_start": 0, "off_end": 43, "para_id": 69}]}, {"lang": 0, "words": [{"wtype": "punct", "wf": "1.9.", "off_start": 0, "off_end": 4, "next_word": 1}, {"wtype": "word", "wf": "vara", "ana": [{"parts": "vara", "gloss": "", "gloss_index": "", "lex": "vara", "trans_ru": "потом", "gloss_ru": "потом", "gloss_index_ru": "STEM{vara}-", "gr.pos": "adv"}], "off_start": 5, "off_end": 9, "next_word": 2, "sentence_index": 0, "sentence_index_neg": 8}, {"wtype": "word", "wf": "ivan", "ana": [{"parts": "ivan", "gloss": "", "gloss_index": "", "lex": "ivan", "trans_ru": "Иван", "gloss_ru": "Иван", "gloss_index_ru": "STEM{ivan}-", "gr.pos": "n"}], "off_start": 10, "off_end": 14, "next_word": 3, "sentence_index": 1, "sentence_index_neg": 7}, {"wtype": "word", "wf": "groznə̑j", "ana": [{"parts": "groznə̑j", "gloss": "", "gloss_index": "", "lex": "groznə̑j", "trans_ru": "Грозный", "gloss_ru": "Грозный", "gloss_index_ru": "STEM{groznə̑j}-", "gr.pos": "n"}], "off_start": 15, "off_end": 23, "next_word": 4, "sentence_index": 2, "sentence_index_neg": 6}, {"wtype": "word", "wf": "jə̑l", "ana": [{"parts": "jə̑l", "gloss": "", "gloss_index": "", "lex": "jə̑l", "trans_ru": "Волга", "gloss_ru": "Волга", "gloss_index_ru": "STEM{jə̑l}-", "gr.pos": ["n", "v"]}], "off_start": 24, "off_end": 28, "next_word": 5, "sentence_index": 3, "sentence_index_neg": 5}, {"wtype": "word", "wf": "mə̑č", "ana": [{"parts": "mə̑č", "gloss": "", "gloss_index": "", "lex": "mə̑č", "trans_ru": "конец", "gloss_ru": "конец", "gloss_index_ru": "STEM{mə̑č}-", "gr.pos": ["n", "post"]}], "off_start": 29, "off_end": 33, "next_word": 6, "sentence_index": 4, "sentence_index_neg": 4}, {"wtype": "word", "wf": "cilä", "ana": [{"parts": "cilä", "gloss": "", "gloss_index": "", "lex": "cilä", "trans_ru": "весь", "gloss_ru": "весь", "gloss_index_ru": "STEM{cilä}-", "gr.pos": ["pro-form", "pro"]}], "off_start": 34, "off_end": 38, "next_word": 7, "sentence_index": 5, "sentence_index_neg": 3}, {"wtype": "word", "wf": "tadarə̑m", "ana": [{"parts": "tadar-ə̑m", "gloss": "", "gloss_index": "", "lex": "tadar", "trans_ru": "татарин", "gloss_ru": "татарин-ACC", "gloss_index_ru": "STEM{tadar}-ACC{ə̑m}-", "gr.pos": "n"}], "off_start": 39, "off_end": 47, "next_word": 8, "sentence_index": 6, "sentence_index_neg": 2}, {"wtype": "word", "wf": "pokten", "ana": [{"parts": "pokt-en", "gloss": "", "gloss_index": "", "lex": "pokt", "trans_ru": "гнать", "gloss_ru": "гнать-PRET", "gloss_index_ru": "STEM{pokt}-PRET{en}-", "gr.pos": "v"}], "off_start": 48, "off_end": 54, "next_word": 9, "sentence_index": 7, "sentence_index_neg": 1}, {"wtype": "word", "wf": "ken", "ana": [{"parts": "ke-n", "gloss": "", "gloss_index": "", "lex": "ke", "trans_ru": "идти", "gloss_ru": "идти-PRET", "gloss_index_ru": "STEM{ke}-PRET{n}-", "gr.pos": "v"}], "off_start": 55, "off_end": 58, "next_word": 10, "sentence_index": 8, "sentence_index_neg": 0}, {"wtype": "punct", "wf": ".", "off_start": 58, "off_end": 59, "next_word": 11}], "text": "1.9. vara ivan groznə̑j jə̑l mə̑č cilä tadarə̑m pokten ken.", "para_alignment": [{"off_start": 0, "off_end": 59, "para_id": 70}]}, {"lang": 0, "words": [{"wtype": "punct", "wf": "1.10.", "off_start": 0, "off_end": 5, "next_word": 1}, {"wtype": "word", "wf": "marə̑", "ana": [{"parts": "marə̑", "gloss": "", "gloss_index": "", "lex": "marə̑", "trans_ru": "мари", "gloss_ru": "мари", "gloss_index_ru": "STEM{marə̑}-", "gr.pos": "n"}], "off_start": 6, "off_end": 11, "next_word": 2, "sentence_index": 0, "sentence_index_neg": 6}, {"wtype": "word", "wf": "xalə̑k", "ana": [{"parts": "xalə̑k", "gloss": "", "gloss_index": "", "lex": "xalə̑k", "trans_ru": "народ", "gloss_ru": "народ", "gloss_index_ru": "STEM{xalə̑k}-", "gr.pos": "n"}], "off_start": 12, "off_end": 18, "next_word": 3, "sentence_index": 1, "sentence_index_neg": 5}, {"wtype": "word", "wf": "organ'izujaltə̑n", "ana": [{"parts": "organ'izuj-alt-ə̑n", "gloss": "", "gloss_index": "", "lex": "organ'izuj", "trans_ru": "организовывать", "gloss_ru": "организовывать-MED-PRET", "gloss_index_ru": "STEM{organ'izuj}-MED{alt}-PRET{ə̑n}-", "gr.pos": "v"}], "off_start": 19, "off_end": 35, "next_word": 4, "sentence_index": 2, "sentence_index_neg": 4}, {"wtype": "word", "wf": "äkräm", "ana": [{"parts": "äkräm", "gloss": "", "gloss_index": "", "lex": "äkräm", "trans_ru": "Акрям", "gloss_ru": "Акрям", "gloss_index_ru": "STEM{äkräm}-", "gr.pos": "n"}], "off_start": 36, "off_end": 41, "next_word": 5, "sentence_index": 3, "sentence_index_neg": 3}, {"wtype": "word", "wf": "vojevoda", "ana": [{"parts": "vojevoda", "gloss": "", "gloss_index": "", "lex": "vojevoda", "trans_ru": "воевода", "gloss_ru": "воевода", "gloss_index_ru": "STEM{vojevoda}-", "gr.pos": "n"}], "off_start": 42, "off_end": 50, "next_word": 6, "sentence_index": 4, "sentence_index_neg": 2}, {"wtype": "word", "wf": "vujlatə̑mə̑", "ana": [{"parts": "vujlatə̑-mə̑", "gloss": "", "gloss_index": "", "lex": "vujlatə̑", "trans_ru": "возглавлять", "gloss_ru": "возглавлять-PTCP.PASS/NMLZ", "gloss_index_ru": "STEM{vujlatə̑}-PTCP.PASS/NMLZ{mə̑}-", "gr.pos": "v"}], "off_start": 51, "off_end": 62, "next_word": 7, "sentence_index": 5, "sentence_index_neg": 1}, {"wtype": "word", "wf": "dono", "ana": [{"parts": "dono", "gloss": "", "gloss_index": "", "lex": "dono", "trans_ru": "с", "gloss_ru": "с", "gloss_index_ru": "STEM{dono}-", "gr.pos": "post"}], "off_start": 63, "off_end": 67, "next_word": 8, "sentence_index": 6, "sentence_index_neg": 0}, {"wtype": "punct", "wf": ".", "off_start": 67, "off_end": 68, "next_word": 9}], "text": "1.10. marə̑ xalə̑k organ'izujaltə̑n äkräm vojevoda vujlatə̑mə̑ dono.", "para_alignment": [{"off_start": 0, "off_end": 68, "para_id": 71}]}, {"lang": 0, "words": [{"wtype": "punct", "wf": "1.11.", "off_start": 0, "off_end": 5, "next_word": 1}, {"wtype": "word", "wf": "tadarə̑n", "ana": [{"parts": "tadar-ə̑n", "gloss": "", "gloss_index": "", "lex": "tadar", "trans_ru": "татарин", "gloss_ru": "татарин-GEN", "gloss_index_ru": "STEM{tadar}-GEN{ə̑n}-", "gr.pos": "n"}], "off_start": 6, "off_end": 14, "next_word": 2, "sentence_index": 0, "sentence_index_neg": 3}, {"wtype": "word", "wf": "axm'et", "ana": [{"parts": "axm'et", "gloss": "", "gloss_index": "", "lex": "axm'et", "trans_ru": "Ахмет", "gloss_ru": "Ахмет", "gloss_index_ru": "STEM{axm'et}-", "gr.pos": "n"}], "off_start": 15, "off_end": 21, "next_word": 3, "sentence_index": 1, "sentence_index_neg": 2}, {"wtype": "word", "wf": "kugižä", "ana": [{"parts": "kugižä", "gloss": "", "gloss_index": "", "lex": "kugižä", "trans_ru": "царь", "gloss_ru": "царь", "gloss_index_ru": "STEM{kugižä}-", "gr.pos": "n"}], "off_start": 22, "off_end": 28, "next_word": 4, "sentence_index": 2, "sentence_index_neg": 1}, {"wtype": "word", "wf": "ə̑lə̑n", "ana": [{"parts": "ə̑l-ə̑n", "gloss": "", "gloss_index": "", "lex": "ə̑l", "trans_ru": "быть", "gloss_ru": "быть-PRET", "gloss_index_ru": "STEM{ə̑l}-PRET{ə̑n}-", "gr.pos": ["v", "prt"]}], "off_start": 29, "off_end": 35, "next_word": 5, "sentence_index": 3, "sentence_index_neg": 0}, {"wtype": "punct", "wf": ".", "off_start": 35, "off_end": 36, "next_word": 6}], "text": "1.11. tadarə̑n axm'et kugižä ə̑lə̑n.", "para_alignment": [{"off_start": 0, "off_end": 36, "para_id": 72}]}, {"lang": 0, "words": [{"wtype": "punct", "wf": "1.12.", "off_start": 0, "off_end": 5, "next_word": 1}, {"wtype": "word", "wf": "tə̈də̈m", "ana": [{"parts": "tə̈də̈-m", "gloss": "", "gloss_index": "", "lex": "tə̈də̈", "trans_ru": "он", "gloss_ru": "он-ACC", "gloss_index_ru": "STEM{tə̈də̈}-ACC{m}-", "gr.pos": "pro-form"}], "off_start": 6, "off_end": 13, "next_word": 2, "sentence_index": 0, "sentence_index_neg": 4}, {"wtype": "word", "wf": "tadarvlä", "ana": [{"parts": "tadar-vlä", "gloss": "", "gloss_index": "", "lex": "tadar", "trans_ru": "татарин", "gloss_ru": "татарин-PL", "gloss_index_ru": "STEM{tadar}-PL{vlä}-", "gr.pos": "n"}], "off_start": 14, "off_end": 22, "next_word": 3, "sentence_index": 1, "sentence_index_neg": 3}, {"wtype": "word", "wf": "zeml'äštə̈š", "ana": [{"parts": "z'eml'ä-štə̈-š", "gloss": "", "gloss_index": "", "lex": "z'eml'ä", "trans_ru": "земля", "gloss_ru": "земля-IN-ATTR", "gloss_index_ru": "STEM{z'eml'ä}-IN{štə̈}-ATTR{š}-", "gr.pos": "n"}], "off_start": 23, "off_end": 34, "next_word": 4, "sentence_index": 2, "sentence_index_neg": 2}, {"wtype": "word", "wf": "jə̑meš", "ana": [{"parts": "jə̑m-eš", "gloss": "", "gloss_index": "", "lex": "jə̑m", "trans_ru": "бог", "gloss_ru": "бог-LAT", "gloss_index_ru": "STEM{jə̑m}-LAT{eš}-", "gr.pos": "n"}], "off_start": 35, "off_end": 41, "next_word": 5, "sentence_index": 3, "sentence_index_neg": 1}, {"wtype": "word", "wf": "šotlenə̈t", "ana": [{"parts": "šot-l-en-ə̈t", "gloss": "", "gloss_index": "", "lex": "šot", "trans_ru": "счет", "gloss_ru": "счет-DENOM-PRET-3PL", "gloss_index_ru": "STEM{šot}-DENOM{l}-PRET{en}-3PL{ə̈t}-", "gr.pos": ["n", "v"]}], "off_start": 42, "off_end": 51, "next_word": 6, "sentence_index": 4, "sentence_index_neg": 0}, {"wtype": "punct", "wf": ".", "off_start": 51, "off_end": 52, "next_word": 7}], "text": "1.12. tə̈də̈m tadarvlä zeml'äštə̈š jə̑meš šotlenə̈t.", "para_alignment": [{"off_start": 0, "off_end": 52, "para_id": 73}], "last": true}, {"lang": 1, "words": [{"off_start": 0, "wf": "Акрям", "wtype": "word", "off_end": 5, "next_word": 1, "sentence_index": 0}, {"off_start": 5, "wf": ".", "wtype": "punct", "off_end": 6, "next_word": 2}], "text": "Акрям.", "para_alignment": [{"off_start": 0, "off_end": 6, "para_id": 62}]}, {"lang": 1, "words": [{"off_start": 0, "wf": "Был", "wtype": "word", "off_end": 3, "next_word": 1, "sentence_index": 0, "sentence_index_neg": 5}, {"off_start": 4, "wf": "бой", "wtype": "word", "off_end": 7, "next_word": 2, "sentence_index": 1, "sentence_index_neg": 4}, {"off_start": 8, "wf": "во", "wtype": "word", "off_end": 10, "next_word": 3, "sentence_index": 2, "sentence_index_neg": 3}, {"off_start": 11, "wf": "времена", "wtype": "word", "off_end": 18, "next_word": 4, "sentence_index": 3, "sentence_index_neg": 2}, {"off_start": 19, "wf": "Ивана", "wtype": "word", "off_end": 24, "next_word": 5, "sentence_index": 4, "sentence_index_neg": 1}, {"off_start": 25, "wf": "Грозного", "wtype": "word", "off_end": 33, "next_word": 6, "sentence_index": 5, "sentence_index_neg": 0}, {"off_start": 33, "wf": ".", "wtype": "punct", "off_end": 34, "next_word": 7}], "text": "Был бой во времена Ивана Грозного.", "para_alignment": [{"off_start": 0, "off_end": 34, "para_id": 63}]}, {"lang": 1, "words": [{"off_start": 0, "wf": "На", "wtype": "word", "off_end": 2, "next_word": 1, "sentence_index": 0, "sentence_index_neg": 9}, {"off_start": 3, "wf": "горе", "wtype": "word", "off_end": 7, "next_word": 2, "sentence_index": 1, "sentence_index_neg": 8}, {"off_start": 8, "wf": "Орол-кырык", "wtype": "word", "off_end": 18, "next_word": 3, "sentence_index": 2, "sentence_index_neg": 7}, {"off_start": 19, "wf": "(", "wtype": "punct", "off_end": 20, "next_word": 4, "sentence_index": 3, "sentence_index_neg": 6}, {"off_start": 20, "wf": "Сторожевой", "wtype": "word", "off_end": 30, "next_word": 5, "sentence_index": 4, "sentence_index_neg": 5}, {"off_start": 31, "wf": "горе", "wtype": "word", "off_end": 35, "next_word": 6, "sentence_index": 5, "sentence_index_neg": 4}, {"off_start": 35, "wf": ")", "wtype": "punct", "off_end": 36, "next_word": 7, "sentence_index": 6, "sentence_index_neg": 3}, {"off_start": 37, "wf": "стоял", "wtype": "word", "off_end": 42, "next_word": 8, "sentence_index": 7, "sentence_index_neg": 2}, {"off_start": 43, "wf": "воевода", "wtype": "word", "off_end": 50, "next_word": 9, "sentence_index": 8, "sentence_index_neg": 1}, {"off_start": 51, "wf": "Акрям", "wtype": "word", "off_end": 56, "next_word": 10, "sentence_index": 9, "sentence_index_neg": 0}, {"off_start": 56, "wf": ".", "wtype": "punct", "off_end": 57, "next_word": 11}], "text": "На горе Орол-кырык (Сторожевой горе) стоял воевода Акрям.", "para_alignment": [{"off_start": 0, "off_end": 57, "para_id": 64}]}, {"lang": 1, "words": [{"off_start": 0, "wf": "Он", "wtype": "word", "off_end": 2, "next_word": 1, "sentence_index": 0, "sentence_index_neg": 2}, {"off_start": 3, "wf": "был", "wtype": "word", "off_end": 6, "next_word": 2, "sentence_index": 1, "sentence_index_neg": 1}, {"off_start": 7, "wf": "марийцем", "wtype": "word", "off_end": 15, "next_word": 3, "sentence_index": 2, "sentence_index_neg": 0}, {"off_start": 15, "wf": ".", "wtype": "punct", "off_end": 16, "next_word": 4}], "text": "Он был марийцем.", "para_alignment": [{"off_start": 0, "off_end": 16, "para_id": 65}]}, {"lang": 1, "words": [{"off_start": 0, "wf": "Воевали", "wtype": "word", "off_end": 7, "next_word": 1, "sentence_index": 0, "sentence_index_neg": 6}, {"off_start": 8, "wf": "факелами", "wtype": "word", "off_end": 16, "next_word": 2, "sentence_index": 1, "sentence_index_neg": 5}, {"off_start": 16, "wf": ",", "wtype": "punct", "off_end": 17, "next_word": 3, "sentence_index": 2, "sentence_index_neg": 4}, {"off_start": 18, "wf": "ядрами", "wtype": "word", "off_end": 24, "next_word": 4, "sentence_index": 3, "sentence_index_neg": 3}, {"off_start": 24, "wf": ",", "wtype": "punct", "off_end": 25, "next_word": 5, "sentence_index": 4, "sentence_index_neg": 2}, {"off_start": 26, "wf": "огромными", "wtype": "word", "off_end": 35, "next_word": 6, "sentence_index": 5, "sentence_index_neg": 1}, {"off_start": 36, "wf": "камнями", "wtype": "word", "off_end": 43, "next_word": 7, "sentence_index": 6, "sentence_index_neg": 0}, {"off_start": 43, "wf": ".", "wtype": "punct", "off_end": 44, "next_word": 8}], "text": "Воевали факелами, ядрами, огромными камнями.", "para_alignment": [{"off_start": 0, "off_end": 44, "para_id": 66}]}, {"lang": 1, "words": [{"off_start": 0, "wf": "С", "wtype": "word", "off_end": 1, "next_word": 1, "sentence_index": 0, "sentence_index_neg": 7}, {"off_start": 2, "wf": "горы", "wtype": "word", "off_end": 6, "next_word": 2, "sentence_index": 1, "sentence_index_neg": 6}, {"off_start": 7, "wf": "катали", "wtype": "word", "off_end": 13, "next_word": 3, "sentence_index": 2, "sentence_index_neg": 5}, {"off_start": 14, "wf": "огромные", "wtype": "word", "off_end": 22, "next_word": 4, "sentence_index": 3, "sentence_index_neg": 4}, {"off_start": 23, "wf": "бревна", "wtype": "word", "off_end": 29, "next_word": 5, "sentence_index": 4, "sentence_index_neg": 3}, {"off_start": 30, "wf": "на", "wtype": "word", "off_end": 32, "next_word": 6, "sentence_index": 5, "sentence_index_neg": 2}, {"off_start": 33, "wf": "воинов", "wtype": "word", "off_end": 39, "next_word": 7, "sentence_index": 6, "sentence_index_neg": 1}, {"off_start": 40, "wf": "хана", "wtype": "word", "off_end": 44, "next_word": 8, "sentence_index": 7, "sentence_index_neg": 0}, {"off_start": 44, "wf": ".", "wtype": "punct", "off_end": 45, "next_word": 9}], "text": "С горы катали огромные бревна на воинов хана.", "para_alignment": [{"off_start": 0, "off_end": 45, "para_id": 67}]}, {"lang": 1, "words": [{"off_start": 0, "wf": "С", "wtype": "word", "off_end": 1, "next_word": 1, "sentence_index": 0, "sentence_index_neg": 7}, {"off_start": 2, "wf": "горы", "wtype": "word", "off_end": 6, "next_word": 2, "sentence_index": 1, "sentence_index_neg": 6}, {"off_start": 7, "wf": "на", "wtype": "word", "off_end": 9, "next_word": 3, "sentence_index": 2, "sentence_index_neg": 5}, {"off_start": 10, "wf": "другую", "wtype": "word", "off_end": 16, "next_word": 4, "sentence_index": 3, "sentence_index_neg": 4}, {"off_start": 17, "wf": "гору", "wtype": "word", "off_end": 21, "next_word": 5, "sentence_index": 4, "sentence_index_neg": 3}, {"off_start": 22, "wf": "метали", "wtype": "word", "off_end": 28, "next_word": 6, "sentence_index": 5, "sentence_index_neg": 2}, {"off_start": 29, "wf": "даже", "wtype": "word", "off_end": 33, "next_word": 7, "sentence_index": 6, "sentence_index_neg": 1}, {"off_start": 34, "wf": "жеребят", "wtype": "word", "off_end": 41, "next_word": 8, "sentence_index": 7, "sentence_index_neg": 0}, {"off_start": 41, "wf": ".", "wtype": "punct", "off_end": 42, "next_word": 9}], "text": "С горы на другую гору метали даже жеребят.", "para_alignment": [{"off_start": 0, "off_end": 42, "para_id": 68}]}, {"lang": 1, "words": [{"off_start": 0, "wf": "Если", "wtype": "word", "off_end": 4, "next_word": 1, "sentence_index": 0, "sentence_index_neg": 9}, {"off_start": 5, "wf": "попадали", "wtype": "word", "off_end": 13, "next_word": 2, "sentence_index": 1, "sentence_index_neg": 8}, {"off_start": 14, "wf": "жеребенком", "wtype": "word", "off_end": 24, "next_word": 3, "sentence_index": 2, "sentence_index_neg": 7}, {"off_start": 25, "wf": "в", "wtype": "word", "off_end": 26, "next_word": 4, "sentence_index": 3, "sentence_index_neg": 6}, {"off_start": 27, "wf": "кольцо", "wtype": "word", "off_end": 33, "next_word": 5, "sentence_index": 4, "sentence_index_neg": 5}, {"off_start": 33, "wf": ",", "wtype": "punct", "off_end": 34, "next_word": 6, "sentence_index": 5, "sentence_index_neg": 4}, {"off_start": 35, "wf": "то", "wtype": "word", "off_end": 37, "next_word": 7, "sentence_index": 6, "sentence_index_neg": 3}, {"off_start": 38, "wf": "их", "wtype": "word", "off_end": 40, "next_word": 8, "sentence_index": 7, "sentence_index_neg": 2}, {"off_start": 41, "wf": "тогда", "wtype": "word", "off_end": 46, "next_word": 9, "sentence_index": 8, "sentence_index_neg": 1}, {"off_start": 47, "wf": "ловили", "wtype": "word", "off_end": 53, "next_word": 10, "sentence_index": 9, "sentence_index_neg": 0}, {"off_start": 53, "wf": ".", "wtype": "punct", "off_end": 54, "next_word": 11}], "text": "Если попадали жеребенком в кольцо, то их тогда ловили.", "para_alignment": [{"off_start": 0, "off_end": 54, "para_id": 69}]}, {"lang": 1, "words": [{"off_start": 0, "wf": "Потом", "wtype": "word", "off_end": 5, "next_word": 1, "sentence_index": 0, "sentence_index_neg": 9}, {"off_start": 6, "wf": "Иван", "wtype": "word", "off_end": 10, "next_word": 2, "sentence_index": 1, "sentence_index_neg": 8}, {"off_start": 11, "wf": "Грозный", "wtype": "word", "off_end": 18, "next_word": 3, "sentence_index": 2, "sentence_index_neg": 7}, {"off_start": 19, "wf": "Волгу", "wtype": "word", "off_end": 24, "next_word": 4, "sentence_index": 3, "sentence_index_neg": 6}, {"off_start": 25, "wf": "сверху", "wtype": "word", "off_end": 31, "next_word": 5, "sentence_index": 4, "sentence_index_neg": 5}, {"off_start": 32, "wf": "вниз", "wtype": "word", "off_end": 36, "next_word": 6, "sentence_index": 5, "sentence_index_neg": 4}, {"off_start": 37, "wf": "очистил", "wtype": "word", "off_end": 44, "next_word": 7, "sentence_index": 6, "sentence_index_neg": 3}, {"off_start": 45, "wf": "от", "wtype": "word", "off_end": 47, "next_word": 8, "sentence_index": 7, "sentence_index_neg": 2}, {"off_start": 48, "wf": "воинов", "wtype": "word", "off_end": 54, "next_word": 9, "sentence_index": 8, "sentence_index_neg": 1}, {"off_start": 55, "wf": "хана", "wtype": "word", "off_end": 59, "next_word": 10, "sentence_index": 9, "sentence_index_neg": 0}, {"off_start": 59, "wf": ".", "wtype": "punct", "off_end": 60, "next_word": 11}], "text": "Потом Иван Грозный Волгу сверху вниз очистил от воинов хана.", "para_alignment": [{"off_start": 0, "off_end": 60, "para_id": 70}]}, {"lang": 1, "words": [{"off_start": 0, "wf": "Марийцы", "wtype": "word", "off_end": 7, "next_word": 1, "sentence_index": 0, "sentence_index_neg": 4}, {"off_start": 8, "wf": "сплотились", "wtype": "word", "off_end": 18, "next_word": 2, "sentence_index": 1, "sentence_index_neg": 3}, {"off_start": 19, "wf": "вокруг", "wtype": "word", "off_end": 25, "next_word": 3, "sentence_index": 2, "sentence_index_neg": 2}, {"off_start": 26, "wf": "воеводы-предводителя", "wtype": "word", "off_end": 46, "next_word": 4, "sentence_index": 3, "sentence_index_neg": 1}, {"off_start": 47, "wf": "Акряма", "wtype": "word", "off_end": 53, "next_word": 5, "sentence_index": 4, "sentence_index_neg": 0}, {"off_start": 53, "wf": ".", "wtype": "punct", "off_end": 54, "next_word": 6}], "text": "Марийцы сплотились вокруг воеводы-предводителя Акряма.", "para_alignment": [{"off_start": 0, "off_end": 54, "para_id": 71}]}, {"lang": 1, "words": [{"off_start": 0, "wf": "А", "wtype": "word", "off_end": 1, "next_word": 1, "sentence_index": 0, "sentence_index_neg": 6}, {"off_start": 2, "wf": "у", "wtype": "word", "off_end": 3, "next_word": 2, "sentence_index": 1, "sentence_index_neg": 5}, {"off_start": 4, "wf": "татар", "wtype": "word", "off_end": 9, "next_word": 3, "sentence_index": 2, "sentence_index_neg": 4}, {"off_start": 10, "wf": "был", "wtype": "word", "off_end": 13, "next_word": 4, "sentence_index": 3, "sentence_index_neg": 3}, {"off_start": 14, "wf": "тогда", "wtype": "word", "off_end": 19, "next_word": 5, "sentence_index": 4, "sentence_index_neg": 2}, {"off_start": 20, "wf": "царем", "wtype": "word", "off_end": 25, "next_word": 6, "sentence_index": 5, "sentence_index_neg": 1}, {"off_start": 26, "wf": "Ахмет", "wtype": "word", "off_end": 31, "next_word": 7, "sentence_index": 6, "sentence_index_neg": 0}, {"off_start": 31, "wf": ".", "wtype": "punct", "off_end": 32, "next_word": 8}], "text": "А у татар был тогда царем Ахмет.", "para_alignment": [{"off_start": 0, "off_end": 32, "para_id": 72}]}, {"lang": 1, "words": [{"off_start": 0, "wf": "Его", "wtype": "word", "off_end": 3, "next_word": 1, "sentence_index": 0, "sentence_index_neg": 5}, {"off_start": 4, "wf": "татары", "wtype": "word", "off_end": 10, "next_word": 2, "sentence_index": 1, "sentence_index_neg": 4}, {"off_start": 11, "wf": "почитали", "wtype": "word", "off_end": 19, "next_word": 3, "sentence_index": 2, "sentence_index_neg": 3}, {"off_start": 20, "wf": "богом", "wtype": "word", "off_end": 25, "next_word": 4, "sentence_index": 3, "sentence_index_neg": 2}, {"off_start": 26, "wf": "всей", "wtype": "word", "off_end": 30, "next_word": 5, "sentence_index": 4, "sentence_index_neg": 1}, {"off_start": 31, "wf": "земли", "wtype": "word", "off_end": 36, "next_word": 6, "sentence_index": 5, "sentence_index_neg": 0}, {"off_start": 36, "wf": ".", "wtype": "punct", "off_end": 37, "next_word": 7}], "text": "Его татары почитали богом всей земли.", "para_alignment": [{"off_start": 0, "off_end": 37, "para_id": 73}]}]}