{"meta": {"title": "Рецепты-2", "filename": "corpus\\xml\\hill.xml"}, "sentences": [{"lang": 0, "words": [{"wtype": "punct", "wf": "1.1.", "off_start": 0, "off_end": 4, "next_word": 1}, {"wtype": "word", "wf": "mämnän", "ana": [{"parts": "mäm-nä-n", "gloss": "", "gloss_index": "", "lex": "mäm", "trans_ru": "мы", "gloss_ru": "мы-POSS.1PL-GEN", "gloss_index_ru": "STEM{mäm}-POSS.1PL{nä}-GEN{n}-", "gr.pos": "pro-form"}], "off_start": 5, "off_end": 11, "next_word": 2, "sentence_index": 0, "sentence_index_neg": 9}, {"wtype": "word", "wf": "trad'icionə̑j", "ana": [{"parts": "trad'icionə̑j", "gloss": "", "gloss_index": "", "lex": "trad'icionə̑j", "trans_ru": "традиционный", "gloss_ru": "традиционный", "gloss_index_ru": "STEM{trad'icionə̑j}-", "gr.pos": "adj"}], "off_start": 12, "off_end": 25, "next_word": 3, "sentence_index": 1, "sentence_index_neg": 8}, {"wtype": "word", "wf": "p'irog", "ana": [{"parts": "p'irog", "gloss": "", "gloss_index": "", "lex": "p'irog", "trans_ru": "пирог", "gloss_ru": "пирог", "gloss_index_ru": "STEM{p'irog}-", "gr.pos": "n"}], "off_start": 26, "off_end": 32, "next_word": 4, "sentence_index": 2, "sentence_index_neg": 7}, {"wtype": "punct", "wf": ",", "off_start": 32, "off_end": 33, "next_word": 5, "sentence_index": 3, "sentence_index_neg": 6}, {"wtype": "word", "wf": "trad'icionə̑j", "ana": [{"parts": "trad'icionə̑j", "gloss": "", "gloss_index": "", "lex": "trad'icionə̑j", "trans_ru": "традиционный", "gloss_ru": "традиционный", "gloss_index_ru": "STEM{trad'icionə̑j}-", "gr.pos": "adj"}], "off_start": 34, "off_end": 47, "next_word": 6, "sentence_index": 4, "sentence_index_neg": 5}, {"wtype": "word", "wf": "kravec", "ana": [{"parts": "kravec", "gloss": "", "gloss_index": "", "lex": "kravec", "trans_ru": "мясной пирог", "gloss_ru": "мясной.пирог", "gloss_index_ru": "STEM{kravec}-", "gr.pos": "n"}], "off_start": 48, "off_end": 54, "next_word": 7, "sentence_index": 5, "sentence_index_neg": 4}, {"wtype": "word", "wf": "sträpäjenä", "ana": [{"parts": "sträpäj-enä", "gloss": "", "gloss_index": "", "lex": "sträpäj", "trans_ru": "стряпать", "gloss_ru": "стряпать-NPST.1PL", "gloss_index_ru": "STEM{sträpäj}-NPST.1PL{enä}-", "gr.pos": "v"}], "off_start": 55, "off_end": 65, "next_word": 8, "sentence_index": 6, "sentence_index_neg": 3}, {"wtype": "punct", "wf": ",", "off_start": 65, "off_end": 66, "next_word": 9, "sentence_index": 7, "sentence_index_neg": 2}, {"wtype": "word", "wf": "kravecə̈m", "ana": [{"parts": "kravec-ə̈m", "gloss": "", "gloss_index": "", "lex": "kravec", "trans_ru": "мясной пирог", "gloss_ru": "мясной.пирог-ACC", "gloss_index_ru": "STEM{kravec}-ACC{ə̈m}-", "gr.pos": "n"}], "off_start": 67, "off_end": 76, "next_word": 10, "sentence_index": 8, "sentence_index_neg": 1}, {"wtype": "word", "wf": "sträpäjenä", "ana": [{"parts": "sträpäj-enä", "gloss": "", "gloss_index": "", "lex": "sträpäj", "trans_ru": "стряпать", "gloss_ru": "стряпать-NPST.1PL", "gloss_index_ru": "STEM{sträpäj}-NPST.1PL{enä}-", "gr.pos": "v"}], "off_start": 77, "off_end": 87, "next_word": 11, "sentence_index": 9, "sentence_index_neg": 0}, {"wtype": "punct", "wf": ".", "off_start": 87, "off_end": 88, "next_word": 12}], "text": "1.1. mämnän trad'icionə̑j p'irog, trad'icionə̑j kravec sträpäjenä, kravecə̈m sträpäjenä.", "para_alignment": [{"off_start": 0, "off_end": 88, "para_id": 8779}]}, {"lang": 0, "words": [{"wtype": "punct", "wf": "1.2.", "off_start": 0, "off_end": 4, "next_word": 1}, {"wtype": "word", "wf": "tidə̈", "ana": [{"parts": "tidə̈", "gloss": "", "gloss_index": "", "lex": "tidə̈", "trans_ru": "этот", "gloss_ru": "этот", "gloss_index_ru": "STEM{tidə̈}-", "gr.pos": ["pro-form", "pro"]}], "off_start": 5, "off_end": 10, "next_word": 2, "sentence_index": 0, "sentence_index_neg": 7}, {"wtype": "word", "wf": "texen'", "ana": [{"parts": "texen'", "gloss": "", "gloss_index": "", "lex": "texen'", "trans_ru": "такой", "gloss_ru": "такой", "gloss_index_ru": "STEM{texen'}-", "gr.pos": "pro-form"}], "off_start": 11, "off_end": 17, "next_word": 3, "sentence_index": 1, "sentence_index_neg": 6}, {"wtype": "punct", "wf": "sna", "off_start": 18, "off_end": 21, "next_word": 4, "sentence_index": 2, "sentence_index_neg": 5}, {"wtype": "punct", "wf": "...", "off_start": 21, "off_end": 24, "next_word": 5, "sentence_index": 3, "sentence_index_neg": 4}, {"wtype": "word", "wf": "pə̈täri", "ana": [{"parts": "pə̈täri", "gloss": "", "gloss_index": "", "lex": "pə̈täri", "trans_ru": "сначала", "gloss_ru": "сначала", "gloss_index_ru": "STEM{pə̈täri}-", "gr.pos": "adv"}], "off_start": 25, "off_end": 32, "next_word": 6, "sentence_index": 4, "sentence_index_neg": 3}, {"wtype": "word", "wf": "t'estə̈m", "ana": [{"parts": "t'estə̈-m", "gloss": "", "gloss_index": "", "lex": "t'estə̈", "trans_ru": "тесто", "gloss_ru": "тесто-ACC", "gloss_index_ru": "STEM{t'estə̈}-ACC{m}-", "gr.pos": "n"}], "off_start": 33, "off_end": 41, "next_word": 7, "sentence_index": 5, "sentence_index_neg": 2}, {"wtype": "word", "wf": "katajen", "ana": [{"parts": "kataj-en", "gloss": "", "gloss_index": "", "lex": "kataj", "trans_ru": "катать", "gloss_ru": "катать-CVB", "gloss_index_ru": "STEM{kataj}-CVB{en}-", "gr.pos": "v"}], "off_start": 42, "off_end": 49, "next_word": 8, "sentence_index": 6, "sentence_index_neg": 1}, {"wtype": "word", "wf": "šə̈ndenä", "ana": [{"parts": "šə̈nd-enä", "gloss": "", "gloss_index": "", "lex": "šə̈nd", "trans_ru": "сажать", "gloss_ru": "сажать-NPST.1PL", "gloss_index_ru": "STEM{šə̈nd}-NPST.1PL{enä}-", "gr.pos": "v"}], "off_start": 50, "off_end": 58, "next_word": 9, "sentence_index": 7, "sentence_index_neg": 0}, {"wtype": "punct", "wf": ".", "off_start": 58, "off_end": 59, "next_word": 10}], "text": "1.2. tidə̈ texen' sna... pə̈täri t'estə̈m katajen šə̈ndenä.", "para_alignment": [{"off_start": 0, "off_end": 59, "para_id": 8780}]}, {"lang": 0, "words": [{"wtype": "punct", "wf": "1.3.", "off_start": 0, "off_end": 4, "next_word": 1}, {"wtype": "word", "wf": "vara", "ana": [{"parts": "vara", "gloss": "", "gloss_index": "", "lex": "vara", "trans_ru": "потом", "gloss_ru": "потом", "gloss_index_ru": "STEM{vara}-", "gr.pos": "adv"}], "off_start": 5, "off_end": 9, "next_word": 2, "sentence_index": 0, "sentence_index_neg": 2}, {"wtype": "word", "wf": "šə̈räšə̈m", "ana": [{"parts": "šə̈räš-ə̈m", "gloss": "", "gloss_index": "", "lex": "šə̈räš", "trans_ru": "крупа", "gloss_ru": "крупа-ACC", "gloss_index_ru": "STEM{šə̈räš}-ACC{ə̈m}-", "gr.pos": "n"}], "off_start": 10, "off_end": 19, "next_word": 3, "sentence_index": 1, "sentence_index_neg": 1}, {"wtype": "word", "wf": "pištenä", "ana": [{"parts": "pišt-enä", "gloss": "", "gloss_index": "", "lex": "pišt", "trans_ru": "класть", "gloss_ru": "класть-NPST.1PL", "gloss_index_ru": "STEM{pišt}-NPST.1PL{enä}-", "gr.pos": "v"}], "off_start": 20, "off_end": 27, "next_word": 4, "sentence_index": 2, "sentence_index_neg": 0}, {"wtype": "punct", "wf": ".", "off_start": 27, "off_end": 28, "next_word": 5}], "text": "1.3. vara šə̈räšə̈m pištenä.", "para_alignment": [{"off_start": 0, "off_end": 28, "para_id": 8781}]}, {"lang": 0, "words": [{"wtype": "punct", "wf": "1.4.", "off_start": 0, "off_end": 4, "next_word": 1}, {"wtype": "word", "wf": "osob'ennə̑", "ana": [{"parts": "osob'ennə̑", "gloss": "", "gloss_index": "", "lex": "osob'ennə̑", "trans_ru": "особенно", "gloss_ru": "особенно", "gloss_index_ru": "STEM{osob'ennə̑}-", "gr.pos": "adv"}], "off_start": 5, "off_end": 15, "next_word": 2, "sentence_index": 0, "sentence_index_neg": 4}, {"wtype": "word", "wf": "šož", "ana": [{"parts": "šož", "gloss": "", "gloss_index": "", "lex": "šož", "trans_ru": "ячмень", "gloss_ru": "ячмень", "gloss_index_ru": "STEM{šož}-", "gr.pos": "n"}], "off_start": 16, "off_end": 19, "next_word": 3, "sentence_index": 1, "sentence_index_neg": 3}, {"wtype": "word", "wf": "šə̈räš", "ana": [{"parts": "šə̈räš", "gloss": "", "gloss_index": "", "lex": "šə̈räš", "trans_ru": "крупа", "gloss_ru": "крупа", "gloss_index_ru": "STEM{šə̈räš}-", "gr.pos": "n"}], "off_start": 20, "off_end": 26, "next_word": 4, "sentence_index": 2, "sentence_index_neg": 2}, {"wtype": "word", "wf": "don", "ana": [{"parts": "don", "gloss": "", "gloss_index": "", "lex": "don", "trans_ru": "с", "gloss_ru": "с", "gloss_index_ru": "STEM{don}-", "gr.pos": "post"}], "off_start": 27, "off_end": 30, "next_word": 5, "sentence_index": 3, "sentence_index_neg": 1}, {"wtype": "word", "wf": "jažo", "ana": [{"parts": "jažo", "gloss": "", "gloss_index": "", "lex": "jažo", "trans_ru": "хороший", "gloss_ru": "хороший", "gloss_index_ru": "STEM{jažo}-", "gr.pos": "adj"}], "off_start": 31, "off_end": 35, "next_word": 6, "sentence_index": 4, "sentence_index_neg": 0}, {"wtype": "punct", "wf": ".", "off_start": 35, "off_end": 36, "next_word": 7}], "text": "1.4. osob'ennə̑ šož šə̈räš don jažo.", "para_alignment": [{"off_start": 0, "off_end": 36, "para_id": 8782}]}, {"lang": 0, "words": [{"wtype": "punct", "wf": "1.5.", "off_start": 0, "off_end": 4, "next_word": 1}, {"wtype": "word", "wf": "oxə̑ram", "ana": [{"parts": "oxə̑ra-m", "gloss": "", "gloss_index": "", "lex": "oxə̑ra", "trans_ru": "лук", "gloss_ru": "лук-ACC", "gloss_index_ru": "STEM{oxə̑ra}-ACC{m}-", "gr.pos": "n"}], "off_start": 5, "off_end": 12, "next_word": 2, "sentence_index": 0, "sentence_index_neg": 7}, {"wtype": "word", "wf": "žäräš", "ana": [{"parts": "žär-äš", "gloss": "", "gloss_index": "", "lex": "žär", "trans_ru": "жарить", "gloss_ru": "жарить-INF", "gloss_index_ru": "STEM{žär}-INF{äš}-", "gr.pos": "v"}], "off_start": 13, "off_end": 18, "next_word": 3, "sentence_index": 1, "sentence_index_neg": 6}, {"wtype": "word", "wf": "pištet", "ana": [{"parts": "pišt-et", "gloss": "", "gloss_index": "", "lex": "pišt", "trans_ru": "класть", "gloss_ru": "класть-NPST.2SG", "gloss_index_ru": "STEM{pišt}-NPST.2SG{et}-", "gr.pos": "v"}], "off_start": 19, "off_end": 25, "next_word": 4, "sentence_index": 2, "sentence_index_neg": 5}, {"wtype": "word", "wf": "i", "ana": [{"parts": "i", "gloss": "", "gloss_index": "", "lex": "i", "trans_ru": "и", "gloss_ru": "и", "gloss_index_ru": "STEM{i}-", "gr.pos": "coordconn"}], "off_start": 26, "off_end": 27, "next_word": 5, "sentence_index": 3, "sentence_index_neg": 4}, {"wtype": "word", "wf": "və̈lkə̈", "ana": [{"parts": "və̈l-kə̈", "gloss": "", "gloss_index": "", "lex": "və̈l", "trans_ru": "верх", "gloss_ru": "верх-ILL2", "gloss_index_ru": "STEM{və̈l}-ILL2{kə̈}-", "gr.pos": "n"}], "off_start": 28, "off_end": 35, "next_word": 6, "sentence_index": 4, "sentence_index_neg": 3}, {"wtype": "word", "wf": "pajə̑m", "ana": [{"parts": "paj-ə̑m", "gloss": "", "gloss_index": "", "lex": "paj", "trans_ru": "мясо", "gloss_ru": "мясо-ACC", "gloss_index_ru": "STEM{paj}-ACC{ə̑m}-", "gr.pos": "n"}], "off_start": 36, "off_end": 42, "next_word": 7, "sentence_index": 5, "sentence_index_neg": 2}, {"wtype": "word", "wf": "opten", "ana": [{"parts": "opt-en", "gloss": "", "gloss_index": "", "lex": "opt", "trans_ru": "класть", "gloss_ru": "класть-CVB", "gloss_index_ru": "STEM{opt}-CVB{en}-", "gr.pos": "v"}], "off_start": 43, "off_end": 48, "next_word": 8, "sentence_index": 6, "sentence_index_neg": 1}, {"wtype": "word", "wf": "šə̈ndet", "ana": [{"parts": "šə̈nd-et", "gloss": "", "gloss_index": "", "lex": "šə̈nd", "trans_ru": "сажать", "gloss_ru": "сажать-NPST.2SG", "gloss_index_ru": "STEM{šə̈nd}-NPST.2SG{et}-", "gr.pos": "v"}], "off_start": 49, "off_end": 56, "next_word": 9, "sentence_index": 7, "sentence_index_neg": 0}, {"wtype": "punct", "wf": ".", "off_start": 56, "off_end": 57, "next_word": 10}], "text": "1.5. oxə̑ram žäräš pištet i və̈lkə̈ pajə̑m opten šə̈ndet.", "para_alignment": [{"off_start": 0, "off_end": 57, "para_id": 8783}]}, {"lang": 0, "words": [{"wtype": "punct", "wf": "1.6.", "off_start": 0, "off_end": 4, "next_word": 1}, {"wtype": "word", "wf": "i", "ana": [{"parts": "i", "gloss": "", "gloss_index": "", "lex": "i", "trans_ru": "и", "gloss_ru": "и", "gloss_index_ru": "STEM{i}-", "gr.pos": "coordconn"}], "off_start": 5, "off_end": 6, "next_word": 2, "sentence_index": 0, "sentence_index_neg": 5}, {"wtype": "word", "wf": "öpät'", "ana": [{"parts": "öpät'", "gloss": "", "gloss_index": "", "lex": "öpät'", "trans_ru": "опять", "gloss_ru": "опять", "gloss_index_ru": "STEM{öpät'}-", "gr.pos": "adv"}], "off_start": 7, "off_end": 12, "next_word": 3, "sentence_index": 1, "sentence_index_neg": 4}, {"wtype": "word", "wf": "t'estə̈", "ana": [{"parts": "t'estə̈", "gloss": "", "gloss_index": "", "lex": "t'estə̈", "trans_ru": "тесто", "gloss_ru": "тесто", "gloss_index_ru": "STEM{t'estə̈}-", "gr.pos": "n"}], "off_start": 13, "off_end": 20, "next_word": 4, "sentence_index": 2, "sentence_index_neg": 3}, {"wtype": "word", "wf": "don", "ana": [{"parts": "don", "gloss": "", "gloss_index": "", "lex": "don", "trans_ru": "с", "gloss_ru": "с", "gloss_index_ru": "STEM{don}-", "gr.pos": "post"}], "off_start": 21, "off_end": 24, "next_word": 5, "sentence_index": 3, "sentence_index_neg": 2}, {"wtype": "word", "wf": "leved", "ana": [{"parts": "leved-ø", "gloss": "", "gloss_index": "", "lex": "leved", "trans_ru": "накрывать", "gloss_ru": "накрывать-CVB", "gloss_index_ru": "STEM{leved}-CVB{ø}-", "gr.pos": "v"}], "off_start": 25, "off_end": 30, "next_word": 6, "sentence_index": 4, "sentence_index_neg": 1}, {"wtype": "word", "wf": "šə̈ndet", "ana": [{"parts": "šə̈nd-et", "gloss": "", "gloss_index": "", "lex": "šə̈nd", "trans_ru": "сажать", "gloss_ru": "сажать-NPST.2SG", "gloss_index_ru": "STEM{šə̈nd}-NPST.2SG{et}-", "gr.pos": "v"}], "off_start": 31, "off_end": 38, "next_word": 7, "sentence_index": 5, "sentence_index_neg": 0}, {"wtype": "punct", "wf": ".", "off_start": 38, "off_end": 39, "next_word": 8}], "text": "1.6. i öpät' t'estə̈ don leved šə̈ndet.", "para_alignment": [{"off_start": 0, "off_end": 39, "para_id": 8784}]}, {"lang": 0, "words": [{"wtype": "punct", "wf": "1.7.", "off_start": 0, "off_end": 4, "next_word": 1}, {"wtype": "word", "wf": "i", "ana": [{"parts": "i", "gloss": "", "gloss_index": "", "lex": "i", "trans_ru": "и", "gloss_ru": "и", "gloss_index_ru": "STEM{i}-", "gr.pos": "coordconn"}], "off_start": 5, "off_end": 6, "next_word": 2, "sentence_index": 0, "sentence_index_neg": 5}, {"wtype": "word", "wf": "duxofkə̑š", "ana": [{"parts": "duxofkə̑-š", "gloss": "", "gloss_index": "", "lex": "duxofkə̑", "trans_ru": "духовка", "gloss_ru": "духовка-ILL", "gloss_index_ru": "STEM{duxofkə̑}-ILL{š}-", "gr.pos": "n"}], "off_start": 7, "off_end": 16, "next_word": 3, "sentence_index": 1, "sentence_index_neg": 4}, {"wtype": "word", "wf": "pə̑rten", "ana": [{"parts": "pə̑r-t-en", "gloss": "", "gloss_index": "", "lex": "pə̑r", "trans_ru": "входить", "gloss_ru": "входить-CAUS-CVB", "gloss_index_ru": "STEM{pə̑r}-CAUS{t}-CVB{en}-", "gr.pos": "v"}], "off_start": 17, "off_end": 24, "next_word": 4, "sentence_index": 2, "sentence_index_neg": 3}, {"wtype": "word", "wf": "šə̈ndet", "ana": [{"parts": "šə̈nd-et", "gloss": "", "gloss_index": "", "lex": "šə̈nd", "trans_ru": "сажать", "gloss_ru": "сажать-NPST.2SG", "gloss_index_ru": "STEM{šə̈nd}-NPST.2SG{et}-", "gr.pos": "v"}], "off_start": 25, "off_end": 32, "next_word": 5, "sentence_index": 3, "sentence_index_neg": 2}, {"wtype": "punct", "wf": ",", "off_start": 32, "off_end": 33, "next_word": 6, "sentence_index": 4, "sentence_index_neg": 1}, {"wtype": "word", "wf": "pečkə̈škə̈", "ana": [{"parts": "pečkə̈-škə̈", "gloss": "", "gloss_index": "", "lex": "pečkə̈", "trans_ru": "печка", "gloss_ru": "печка-ILL", "gloss_index_ru": "STEM{pečkə̈}-ILL{škə̈}-", "gr.pos": "n"}], "off_start": 34, "off_end": 44, "next_word": 7, "sentence_index": 5, "sentence_index_neg": 0}, {"wtype": "punct", "wf": ".", "off_start": 44, "off_end": 45, "next_word": 8}], "text": "1.7. i duxofkə̑š pə̑rten šə̈ndet, pečkə̈škə̈.", "para_alignment": [{"off_start": 0, "off_end": 45, "para_id": 8785}]}, {"lang": 0, "words": [{"wtype": "punct", "wf": "1.8.", "off_start": 0, "off_end": 4, "next_word": 1}, {"wtype": "word", "wf": "šə̈nzä", "ana": [{"parts": "šə̈nz-ä", "gloss": "", "gloss_index": "", "lex": "šə̈nz", "trans_ru": "сидеть", "gloss_ru": "сидеть-NPST.3SG", "gloss_index_ru": "STEM{šə̈nz}-NPST.3SG{ä}-", "gr.pos": "v"}], "off_start": 5, "off_end": 11, "next_word": 2, "sentence_index": 0, "sentence_index_neg": 12}, {"wtype": "punct", "wf": ",", "off_start": 11, "off_end": 12, "next_word": 3, "sentence_index": 1, "sentence_index_neg": 11}, {"wtype": "word", "wf": "kə̑nam", "ana": [{"parts": "kə̑nam", "gloss": "", "gloss_index": "", "lex": "kə̑nam", "trans_ru": "когда", "gloss_ru": "когда", "gloss_index_ru": "STEM{kə̑nam}-", "gr.pos": "pro-form"}], "off_start": 13, "off_end": 19, "next_word": 4, "sentence_index": 2, "sentence_index_neg": 10}, {"wtype": "word", "wf": "və̈l", "ana": [{"parts": "və̈l", "gloss": "", "gloss_index": "", "lex": "və̈l", "trans_ru": "верх", "gloss_ru": "верх", "gloss_index_ru": "STEM{və̈l}-", "gr.pos": "post"}], "off_start": 20, "off_end": 24, "next_word": 5, "sentence_index": 3, "sentence_index_neg": 9}, {"wtype": "word", "wf": "cə̈rem", "ana": [{"parts": "cə̈re-m", "gloss": "", "gloss_index": "", "lex": "cə̈re", "trans_ru": "цвет", "gloss_ru": "цвет-ACC", "gloss_index_ru": "STEM{cə̈re}-ACC{m}-", "gr.pos": "n"}], "off_start": 25, "off_end": 31, "next_word": 6, "sentence_index": 4, "sentence_index_neg": 8}, {"wtype": "word", "wf": "nälə̈n", "ana": [{"parts": "näl-ə̈n", "gloss": "", "gloss_index": "", "lex": "näl", "trans_ru": "брать", "gloss_ru": "брать-CVB", "gloss_index_ru": "STEM{näl}-CVB{ə̈n}-", "gr.pos": "v"}], "off_start": 32, "off_end": 38, "next_word": 7, "sentence_index": 5, "sentence_index_neg": 7}, {"wtype": "word", "wf": "kolta", "ana": [{"parts": "kolt-a", "gloss": "", "gloss_index": "", "lex": "kolt", "trans_ru": "посылать", "gloss_ru": "посылать-NPST.3SG", "gloss_index_ru": "STEM{kolt}-NPST.3SG{a}-", "gr.pos": "v"}], "off_start": 39, "off_end": 44, "next_word": 8, "sentence_index": 6, "sentence_index_neg": 6}, {"wtype": "punct", "wf": ",", "off_start": 44, "off_end": 45, "next_word": 9, "sentence_index": 7, "sentence_index_neg": 5}, {"wtype": "word", "wf": "uže", "ana": [{"parts": "uže", "gloss": "", "gloss_index": "", "lex": "uže", "trans_ru": "уже", "gloss_ru": "уже", "gloss_index_ru": "STEM{uže}-", "gr.pos": "adv"}], "off_start": 46, "off_end": 49, "next_word": 10, "sentence_index": 8, "sentence_index_neg": 4}, {"wtype": "word", "wf": "tə̈də̈m", "ana": [{"parts": "tə̈də̈-m", "gloss": "", "gloss_index": "", "lex": "tə̈də̈", "trans_ru": "он", "gloss_ru": "он-ACC", "gloss_index_ru": "STEM{tə̈də̈}-ACC{m}-", "gr.pos": "pro-form"}], "off_start": 50, "off_end": 57, "next_word": 11, "sentence_index": 9, "sentence_index_neg": 3}, {"wtype": "word", "wf": "leved", "ana": [{"parts": "leved-ø", "gloss": "", "gloss_index": "", "lex": "leved", "trans_ru": "накрывать", "gloss_ru": "накрывать-CVB", "gloss_index_ru": "STEM{leved}-CVB{ø}-", "gr.pos": "v"}], "off_start": 58, "off_end": 63, "next_word": 12, "sentence_index": 10, "sentence_index_neg": 2}, {"wtype": "word", "wf": "šə̈ndäš", "ana": [{"parts": "šə̈nd-äš", "gloss": "", "gloss_index": "", "lex": "šə̈nd", "trans_ru": "сажать", "gloss_ru": "сажать-INF", "gloss_index_ru": "STEM{šə̈nd}-INF{äš}-", "gr.pos": "v"}], "off_start": 64, "off_end": 71, "next_word": 13, "sentence_index": 11, "sentence_index_neg": 1}, {"wtype": "word", "wf": "keleš", "ana": [{"parts": "kel-eš", "gloss": "", "gloss_index": "", "lex": "kel", "trans_ru": "быть нужным", "gloss_ru": "быть.нужным-NPST.3SG", "gloss_index_ru": "STEM{kel}-NPST.3SG{eš}-", "gr.pos": "v"}], "off_start": 72, "off_end": 77, "next_word": 14, "sentence_index": 12, "sentence_index_neg": 0}, {"wtype": "punct", "wf": ".", "off_start": 77, "off_end": 78, "next_word": 15}], "text": "1.8. šə̈nzä, kə̑nam və̈l cə̈rem nälə̈n kolta, uže tə̈də̈m leved šə̈ndäš keleš.", "para_alignment": [{"off_start": 0, "off_end": 78, "para_id": 8786}]}, {"lang": 0, "words": [{"wtype": "punct", "wf": "1.9.", "off_start": 0, "off_end": 4, "next_word": 1}, {"wtype": "word", "wf": "i", "ana": [{"parts": "i", "gloss": "", "gloss_index": "", "lex": "i", "trans_ru": "и", "gloss_ru": "и", "gloss_index_ru": "STEM{i}-", "gr.pos": "coordconn"}], "off_start": 5, "off_end": 6, "next_word": 2, "sentence_index": 0, "sentence_index_neg": 4}, {"wtype": "word", "wf": "štobə̑", "ana": [{"parts": "štobə̑", "gloss": "", "gloss_index": "", "lex": "štobə̑", "trans_ru": "чтобы", "gloss_ru": "чтобы", "gloss_index_ru": "STEM{štobə̑}-", "gr.pos": "subordconn"}], "off_start": 7, "off_end": 13, "next_word": 3, "sentence_index": 1, "sentence_index_neg": 3}, {"wtype": "word", "wf": "pajžə̑", "ana": [{"parts": "paj-žə̑", "gloss": "", "gloss_index": "", "lex": "paj", "trans_ru": "мясо", "gloss_ru": "мясо-POSS.3SG", "gloss_index_ru": "STEM{paj}-POSS.3SG{žə̑}-", "gr.pos": "n"}], "off_start": 14, "off_end": 20, "next_word": 4, "sentence_index": 2, "sentence_index_neg": 2}, {"wtype": "word", "wf": "körgə̈štə̈žə̈", "ana": [{"parts": "körgə̈-štə̈-žə̈", "gloss": "", "gloss_index": "", "lex": "körgə̈", "trans_ru": "внутренность", "gloss_ru": "внутренность-IN-POSS.3SG", "gloss_index_ru": "STEM{körgə̈}-IN{štə̈}-POSS.3SG{žə̈}-", "gr.pos": "n"}], "off_start": 21, "off_end": 34, "next_word": 5, "sentence_index": 3, "sentence_index_neg": 1}, {"wtype": "word", "wf": "prejə̈žə̈", "ana": [{"parts": "prejə̈-žə̈", "gloss": "", "gloss_index": "", "lex": "prejə̈", "trans_ru": "преть ", "gloss_ru": "преть.-JUSS.SG", "gloss_index_ru": "STEM{prejə̈}-JUSS.SG{žə̈}-", "gr.pos": "v"}], "off_start": 35, "off_end": 44, "next_word": 6, "sentence_index": 4, "sentence_index_neg": 0}, {"wtype": "punct", "wf": ".", "off_start": 44, "off_end": 45, "next_word": 7}], "text": "1.9. i štobə̑ pajžə̑ körgə̈štə̈žə̈ prejə̈žə̈.", "para_alignment": [{"off_start": 0, "off_end": 45, "para_id": 8787}]}, {"lang": 0, "words": [{"wtype": "punct", "wf": "1.10.", "off_start": 0, "off_end": 5, "next_word": 1}, {"wtype": "word", "wf": "vara", "ana": [{"parts": "vara", "gloss": "", "gloss_index": "", "lex": "vara", "trans_ru": "потом", "gloss_ru": "потом", "gloss_index_ru": "STEM{vara}-", "gr.pos": "adv"}], "off_start": 6, "off_end": 10, "next_word": 2, "sentence_index": 0, "sentence_index_neg": 6}, {"wtype": "word", "wf": "pə̑škə̑də̑", "ana": [{"parts": "pə̑škə̑də̑", "gloss": "", "gloss_index": "", "lex": "pə̑škə̑də̑", "trans_ru": "мягкий", "gloss_ru": "мягкий", "gloss_index_ru": "STEM{pə̑škə̑də̑}-", "gr.pos": "adj"}], "off_start": 11, "off_end": 21, "next_word": 3, "sentence_index": 1, "sentence_index_neg": 5}, {"wtype": "word", "wf": "i", "ana": [{"parts": "i", "gloss": "", "gloss_index": "", "lex": "i", "trans_ru": "и", "gloss_ru": "и", "gloss_index_ru": "STEM{i}-", "gr.pos": "coordconn"}], "off_start": 22, "off_end": 23, "next_word": 4, "sentence_index": 2, "sentence_index_neg": 4}, {"wtype": "word", "wf": "totlə̑", "ana": [{"parts": "totlə̑", "gloss": "", "gloss_index": "", "lex": "totlə̑", "trans_ru": "вкусный", "gloss_ru": "вкусный", "gloss_index_ru": "STEM{totlə̑}-", "gr.pos": "adj"}], "off_start": 24, "off_end": 30, "next_word": 5, "sentence_index": 3, "sentence_index_neg": 3}, {"wtype": "punct", "wf": ",", "off_start": 30, "off_end": 31, "next_word": 6, "sentence_index": 4, "sentence_index_neg": 2}, {"wtype": "word", "wf": "sočnə̑j", "ana": [{"parts": "sočnə̑j", "gloss": "", "gloss_index": "", "lex": "sočnə̑j", "trans_ru": "сочный", "gloss_ru": "сочный", "gloss_index_ru": "STEM{sočnə̑j}-", "gr.pos": "adj"}], "off_start": 32, "off_end": 39, "next_word": 7, "sentence_index": 5, "sentence_index_neg": 1}, {"wtype": "word", "wf": "lieš", "ana": [{"parts": "li-eš", "gloss": "", "gloss_index": "", "lex": "li", "trans_ru": "становиться", "gloss_ru": "становиться-NPST.3SG", "gloss_index_ru": "STEM{li}-NPST.3SG{eš}-", "gr.pos": "v"}], "off_start": 40, "off_end": 44, "next_word": 8, "sentence_index": 6, "sentence_index_neg": 0}, {"wtype": "punct", "wf": ".", "off_start": 44, "off_end": 45, "next_word": 9}], "text": "1.10. vara pə̑škə̑də̑ i totlə̑, sočnə̑j lieš.", "para_alignment": [{"off_start": 0, "off_end": 45, "para_id": 8788}]}, {"lang": 0, "words": [{"wtype": "punct", "wf": "1.11.", "off_start": 0, "off_end": 5, "next_word": 1}, {"wtype": "word", "wf": "eče", "ana": [{"parts": "eče", "gloss": "", "gloss_index": "", "lex": "eče", "trans_ru": "еще", "gloss_ru": "еще", "gloss_index_ru": "STEM{eče}-", "gr.pos": "adv"}], "off_start": 6, "off_end": 9, "next_word": 2, "sentence_index": 0, "sentence_index_neg": 8}, {"wtype": "word", "wf": "ulə̑", "ana": [{"parts": "ulə̑", "gloss": "", "gloss_index": "", "gloss_ru": "EX", "gloss_index_ru": "EX{ulə̑}-"}], "off_start": 10, "off_end": 14, "next_word": 3, "sentence_index": 1, "sentence_index_neg": 7}, {"wtype": "word", "wf": "trad'icionə̑j", "ana": [{"parts": "trad'icionə̑j", "gloss": "", "gloss_index": "", "lex": "trad'icionə̑j", "trans_ru": "традиционный", "gloss_ru": "традиционный", "gloss_index_ru": "STEM{trad'icionə̑j}-", "gr.pos": "adj"}], "off_start": 15, "off_end": 28, "next_word": 4, "sentence_index": 2, "sentence_index_neg": 6}, {"wtype": "word", "wf": "mämnän", "ana": [{"parts": "mäm-nä-n", "gloss": "", "gloss_index": "", "lex": "mäm", "trans_ru": "мы", "gloss_ru": "мы-POSS.1PL-GEN", "gloss_index_ru": "STEM{mäm}-POSS.1PL{nä}-GEN{n}-", "gr.pos": "pro-form"}], "off_start": 29, "off_end": 35, "next_word": 5, "sentence_index": 3, "sentence_index_neg": 5}, {"wtype": "punct", "wf": "...", "off_start": 35, "off_end": 38, "next_word": 6, "sentence_index": 4, "sentence_index_neg": 4}, {"wtype": "word", "wf": "š'as", "ana": [{"parts": "š'as", "gloss": "", "gloss_index": "", "lex": "š'as", "trans_ru": "сейчас", "gloss_ru": "сейчас", "gloss_index_ru": "STEM{š'as}-", "gr.pos": "adv"}], "off_start": 39, "off_end": 43, "next_word": 7, "sentence_index": 5, "sentence_index_neg": 3}, {"wtype": "punct", "wf": ",", "off_start": 43, "off_end": 44, "next_word": 8, "sentence_index": 6, "sentence_index_neg": 2}, {"wtype": "word", "wf": "oj", "ana": [{"parts": "oj", "gloss": "", "gloss_index": "", "lex": "oj", "trans_ru": "ой", "gloss_ru": "ой", "gloss_index_ru": "STEM{oj}-", "gr.pos": "interj"}], "off_start": 45, "off_end": 47, "next_word": 9, "sentence_index": 7, "sentence_index_neg": 1}, {"wtype": "word", "wf": "monden", "ana": [{"parts": "mond-en", "gloss": "", "gloss_index": "", "lex": "mond", "trans_ru": "забыть", "gloss_ru": "забыть-CVB", "gloss_index_ru": "STEM{mond}-CVB{en}-", "gr.pos": "v"}], "off_start": 48, "off_end": 54, "next_word": 10, "sentence_index": 8, "sentence_index_neg": 0}, {"wtype": "punct", "wf": "[", "off_start": 55, "off_end": 56, "next_word": 11}, {"wtype": "punct", "wf": "нрзб", "off_start": 56, "off_end": 60, "next_word": 12}, {"wtype": "punct", "wf": "].", "off_start": 60, "off_end": 62, "next_word": 13}], "text": "1.11. eče ulə̑ trad'icionə̑j mämnän... š'as, oj monden [нрзб].", "para_alignment": [{"off_start": 0, "off_end": 62, "para_id": 8789}]}, {"lang": 0, "words": [{"wtype": "punct", "wf": "1.12.", "off_start": 0, "off_end": 5, "next_word": 1}, {"wtype": "word", "wf": "kagə̑l'ə̑m", "ana": [{"parts": "kagə̑l'-ə̑m", "gloss": "", "gloss_index": "", "lex": "kagə̑l'", "trans_ru": "пирог", "gloss_ru": "пирог-ACC", "gloss_index_ru": "STEM{kagə̑l'}-ACC{ə̑m}-", "gr.pos": "n"}], "off_start": 6, "off_end": 16, "next_word": 2, "sentence_index": 0, "sentence_index_neg": 3}, {"wtype": "word", "wf": "ə̈štenä", "ana": [{"parts": "ə̈št-enä", "gloss": "", "gloss_index": "", "lex": "ə̈št", "trans_ru": "делать", "gloss_ru": "делать-NPST.1PL", "gloss_index_ru": "STEM{ə̈št}-NPST.1PL{enä}-", "gr.pos": "v"}], "off_start": 17, "off_end": 24, "next_word": 3, "sentence_index": 1, "sentence_index_neg": 2}, {"wtype": "punct", "wf": ",", "off_start": 24, "off_end": 25, "next_word": 4, "sentence_index": 2, "sentence_index_neg": 1}, {"wtype": "word", "wf": "tuatkalə̑m", "ana": [{"parts": "tuatkal-ə̑m", "gloss": "", "gloss_index": "", "lex": "tuatkal", "trans_ru": "ватрушка", "gloss_ru": "ватрушка-ACC", "gloss_index_ru": "STEM{tuatkal}-ACC{ə̑m}-", "gr.pos": "n"}], "off_start": 26, "off_end": 36, "next_word": 5, "sentence_index": 3, "sentence_index_neg": 0}, {"wtype": "punct", "wf": ".", "off_start": 36, "off_end": 37, "next_word": 6}], "text": "1.12. kagə̑l'ə̑m ə̈štenä, tuatkalə̑m.", "para_alignment": [{"off_start": 0, "off_end": 37, "para_id": 8790}]}, {"lang": 0, "words": [{"wtype": "punct", "wf": "1.13.", "off_start": 0, "off_end": 5, "next_word": 1}, {"wtype": "word", "wf": "tuatkal", "ana": [{"parts": "tuatkal", "gloss": "", "gloss_index": "", "lex": "tuatkal", "trans_ru": "ватрушка", "gloss_ru": "ватрушка", "gloss_index_ru": "STEM{tuatkal}-", "gr.pos": "n"}], "off_start": 6, "off_end": 13, "next_word": 2, "sentence_index": 0, "sentence_index_neg": 5}, {"wtype": "word", "wf": "tožə̑", "ana": [{"parts": "tožə̑", "gloss": "", "gloss_index": "", "lex": "tožə̑", "trans_ru": "тоже", "gloss_ru": "тоже", "gloss_index_ru": "STEM{tožə̑}-", "gr.pos": "prt"}], "off_start": 14, "off_end": 19, "next_word": 3, "sentence_index": 1, "sentence_index_neg": 4}, {"wtype": "punct", "wf": ",", "off_start": 19, "off_end": 20, "next_word": 4, "sentence_index": 2, "sentence_index_neg": 3}, {"wtype": "word", "wf": "nu", "ana": [{"parts": "nu", "gloss": "", "gloss_index": "", "lex": "nu", "trans_ru": "ну", "gloss_ru": "ну", "gloss_index_ru": "STEM{nu}-", "gr.pos": "prt"}], "off_start": 21, "off_end": 23, "next_word": 5, "sentence_index": 3, "sentence_index_neg": 2}, {"wtype": "word", "wf": "mämnän", "ana": [{"parts": "mäm-nä-n", "gloss": "", "gloss_index": "", "lex": "mäm", "trans_ru": "мы", "gloss_ru": "мы-POSS.1PL-GEN", "gloss_index_ru": "STEM{mäm}-POSS.1PL{nä}-GEN{n}-", "gr.pos": "pro-form"}], "off_start": 24, "off_end": 30, "next_word": 6, "sentence_index": 4, "sentence_index_neg": 1}, {"wtype": "word", "wf": "trad'icionə̑j", "ana": [{"parts": "trad'icionə̑j", "gloss": "", "gloss_index": "", "lex": "trad'icionə̑j", "trans_ru": "традиционный", "gloss_ru": "традиционный", "gloss_index_ru": "STEM{trad'icionə̑j}-", "gr.pos": "adj"}], "off_start": 31, "off_end": 44, "next_word": 7, "sentence_index": 5, "sentence_index_neg": 0}, {"wtype": "punct", "wf": ".", "off_start": 44, "off_end": 45, "next_word": 8}], "text": "1.13. tuatkal tožə̑, nu mämnän trad'icionə̑j.", "para_alignment": [{"off_start": 0, "off_end": 45, "para_id": 8791}]}, {"lang": 0, "words": [{"wtype": "punct", "wf": "1.14.", "off_start": 0, "off_end": 5, "next_word": 1}, {"wtype": "word", "wf": "vara", "ana": [{"parts": "vara", "gloss": "", "gloss_index": "", "lex": "vara", "trans_ru": "потом", "gloss_ru": "потом", "gloss_index_ru": "STEM{vara}-", "gr.pos": "adv"}], "off_start": 6, "off_end": 10, "next_word": 2, "sentence_index": 0, "sentence_index_neg": 4}, {"wtype": "word", "wf": "eče", "ana": [{"parts": "eče", "gloss": "", "gloss_index": "", "lex": "eče", "trans_ru": "еще", "gloss_ru": "еще", "gloss_index_ru": "STEM{eče}-", "gr.pos": "adv"}], "off_start": 11, "off_end": 14, "next_word": 3, "sentence_index": 1, "sentence_index_neg": 3}, {"wtype": "word", "wf": "maetšə̈", "ana": [{"parts": "ma-et-šə̈", "gloss": "", "gloss_index": "", "lex": "ma", "trans_ru": "что", "gloss_ru": "что-POSS.2SG-POSS.3SG", "gloss_index_ru": "STEM{ma}-POSS.2SG{et}-POSS.3SG{šə̈}-", "gr.pos": "pro-form"}], "off_start": 15, "off_end": 22, "next_word": 4, "sentence_index": 2, "sentence_index_neg": 2}, {"wtype": "punct", "wf": ",", "off_start": 22, "off_end": 23, "next_word": 5, "sentence_index": 3, "sentence_index_neg": 1}, {"wtype": "word", "wf": "avarcə̑", "ana": [{"parts": "avarcə̑", "gloss": "", "gloss_index": "", "lex": "avarcə̑", "trans_ru": "лепешка", "gloss_ru": "лепешка", "gloss_index_ru": "STEM{avarcə̑}-", "gr.pos": "n"}], "off_start": 24, "off_end": 31, "next_word": 6, "sentence_index": 4, "sentence_index_neg": 0}, {"wtype": "punct", "wf": ".", "off_start": 31, "off_end": 32, "next_word": 7}], "text": "1.14. vara eče maetšə̈, avarcə̑.", "para_alignment": [{"off_start": 0, "off_end": 32, "para_id": 8792}]}, {"lang": 0, "words": [{"wtype": "punct", "wf": "1.15.", "off_start": 0, "off_end": 5, "next_word": 1}, {"wtype": "word", "wf": "avarcšə̑", "ana": [{"parts": "avarc-šə̑", "gloss": "", "gloss_index": "", "lex": "avarc", "trans_ru": "лепешка", "gloss_ru": "лепешка-POSS.3SG", "gloss_index_ru": "STEM{avarc}-POSS.3SG{šə̑}-", "gr.pos": "n"}], "off_start": 6, "off_end": 14, "next_word": 2, "sentence_index": 0, "sentence_index_neg": 1}, {"wtype": "word", "wf": "pälet", "ana": [{"parts": "päl-et", "gloss": "", "gloss_index": "", "lex": "päl", "trans_ru": "знать", "gloss_ru": "знать-NPST.2SG", "gloss_index_ru": "STEM{päl}-NPST.2SG{et}-", "gr.pos": "v"}], "off_start": 15, "off_end": 20, "next_word": 3, "sentence_index": 1, "sentence_index_neg": 0}, {"wtype": "punct", "wf": ",", "off_start": 20, "off_end": 21, "next_word": 4}, {"wtype": "punct", "wf": "что", "off_start": 22, "off_end": 25, "next_word": 5}, {"wtype": "punct", "wf": "такой", "off_start": 26, "off_end": 31, "next_word": 6}, {"wtype": "punct", "wf": "?.", "off_start": 31, "off_end": 33, "next_word": 7}], "text": "1.15. avarcšə̑ pälet, что такой?.", "para_alignment": [{"off_start": 0, "off_end": 33, "para_id": 8793}]}, {"lang": 0, "words": [{"wtype": "punct", "wf": "1.16.", "off_start": 0, "off_end": 5, "next_word": 1}, {"wtype": "word", "wf": "avarcə̑", "ana": [{"parts": "avarcə̑", "gloss": "", "gloss_index": "", "lex": "avarcə̑", "trans_ru": "лепешка", "gloss_ru": "лепешка", "gloss_index_ru": "STEM{avarcə̑}-", "gr.pos": "n"}], "off_start": 6, "off_end": 13, "next_word": 2, "sentence_index": 0, "sentence_index_neg": 2}, {"wtype": "word", "wf": "tožə̑", "ana": [{"parts": "tožə̑", "gloss": "", "gloss_index": "", "lex": "tožə̑", "trans_ru": "тоже", "gloss_ru": "тоже", "gloss_index_ru": "STEM{tožə̑}-", "gr.pos": "prt"}], "off_start": 14, "off_end": 19, "next_word": 3, "sentence_index": 1, "sentence_index_neg": 1}, {"wtype": "word", "wf": "trad'icionə̑j", "ana": [{"parts": "trad'icionə̑j", "gloss": "", "gloss_index": "", "lex": "trad'icionə̑j", "trans_ru": "традиционный", "gloss_ru": "традиционный", "gloss_index_ru": "STEM{trad'icionə̑j}-", "gr.pos": "adj"}], "off_start": 20, "off_end": 33, "next_word": 4, "sentence_index": 2, "sentence_index_neg": 0}, {"wtype": "punct", "wf": ".", "off_start": 33, "off_end": 34, "next_word": 5}], "text": "1.16. avarcə̑ tožə̑ trad'icionə̑j.", "para_alignment": [{"off_start": 0, "off_end": 34, "para_id": 8794}]}, {"lang": 0, "words": [{"wtype": "punct", "wf": "1.17.", "off_start": 0, "off_end": 5, "next_word": 1}, {"wtype": "word", "wf": "tidə̈", "ana": [{"parts": "tidə̈", "gloss": "", "gloss_index": "", "lex": "tidə̈", "trans_ru": "этот", "gloss_ru": "этот", "gloss_index_ru": "STEM{tidə̈}-", "gr.pos": ["pro-form", "pro"]}], "off_start": 6, "off_end": 11, "next_word": 2, "sentence_index": 0, "sentence_index_neg": 3}, {"wtype": "word", "wf": "im'ennə̑", "ana": [{"parts": "im'ennə̑", "gloss": "", "gloss_index": "", "lex": "im'ennə̑", "trans_ru": "именно", "gloss_ru": "именно", "gloss_index_ru": "STEM{im'ennə̑}-", "gr.pos": "adv"}], "off_start": 12, "off_end": 20, "next_word": 3, "sentence_index": 1, "sentence_index_neg": 2}, {"wtype": "word", "wf": "pominkə̈vläštə̈", "ana": [{"parts": "pominkə̈-vlä-štə̈", "gloss": "", "gloss_index": "", "lex": "pominkə̈", "trans_ru": "поминки", "gloss_ru": "поминки-PL-IN", "gloss_index_ru": "STEM{pominkə̈}-PL{vlä}-IN{štə̈}-", "gr.pos": "n"}], "off_start": 21, "off_end": 36, "next_word": 4, "sentence_index": 2, "sentence_index_neg": 1}, {"wtype": "word", "wf": "ə̈štät", "ana": [{"parts": "ə̈št-ät", "gloss": "", "gloss_index": "", "lex": "ə̈št", "trans_ru": "делать", "gloss_ru": "делать-NPST.3PL", "gloss_index_ru": "STEM{ə̈št}-NPST.3PL{ät}-", "gr.pos": "v"}], "off_start": 37, "off_end": 43, "next_word": 5, "sentence_index": 3, "sentence_index_neg": 0}, {"wtype": "punct", "wf": ".", "off_start": 43, "off_end": 44, "next_word": 6}], "text": "1.17. tidə̈ im'ennə̑ pominkə̈vläštə̈ ə̈štät.", "para_alignment": [{"off_start": 0, "off_end": 44, "para_id": 8795}]}, {"lang": 0, "words": [{"wtype": "punct", "wf": "1.18.", "off_start": 0, "off_end": 5, "next_word": 1}, {"wtype": "punct", "wf": "Ну", "off_start": 6, "off_end": 8, "next_word": 2}, {"wtype": "punct", "wf": "когда", "off_start": 9, "off_end": 14, "next_word": 3}, {"wtype": "punct", "wf": "человек", "off_start": 15, "off_end": 22, "next_word": 4}, {"wtype": "punct", "wf": "умрёт", "off_start": 23, "off_end": 28, "next_word": 5}, {"wtype": "punct", "wf": ",", "off_start": 28, "off_end": 29, "next_word": 6}, {"wtype": "punct", "wf": "обязательно", "off_start": 30, "off_end": 41, "next_word": 7}, {"wtype": "word", "wf": "avarcə̑m", "ana": [{"parts": "avarcə̑-m", "gloss": "", "gloss_index": "", "lex": "avarcə̑", "trans_ru": "лепешка", "gloss_ru": "лепешка-ACC", "gloss_index_ru": "STEM{avarcə̑}-ACC{m}-", "gr.pos": "n"}], "off_start": 42, "off_end": 50, "next_word": 8, "sentence_index": 0, "sentence_index_neg": 2}, {"wtype": "word", "wf": "ə̈štäš", "ana": [{"parts": "ə̈št-äš", "gloss": "", "gloss_index": "", "lex": "ə̈št", "trans_ru": "делать", "gloss_ru": "делать-INF", "gloss_index_ru": "STEM{ə̈št}-INF{äš}-", "gr.pos": "v"}], "off_start": 51, "off_end": 57, "next_word": 9, "sentence_index": 1, "sentence_index_neg": 1}, {"wtype": "word", "wf": "keleš", "ana": [{"parts": "kel-eš", "gloss": "", "gloss_index": "", "lex": "kel", "trans_ru": "быть нужным", "gloss_ru": "быть.нужным-NPST.3SG", "gloss_index_ru": "STEM{kel}-NPST.3SG{eš}-", "gr.pos": "v"}], "off_start": 58, "off_end": 63, "next_word": 10, "sentence_index": 2, "sentence_index_neg": 0}, {"wtype": "punct", "wf": ".", "off_start": 63, "off_end": 64, "next_word": 11}], "text": "1.18. Ну когда человек умрёт, обязательно avarcə̑m ə̈štäš keleš.", "para_alignment": [{"off_start": 0, "off_end": 64, "para_id": 8796}]}, {"lang": 0, "words": [{"wtype": "punct", "wf": "1.19.", "off_start": 0, "off_end": 5, "next_word": 1}, {"wtype": "word", "wf": "i", "ana": [{"parts": "i", "gloss": "", "gloss_index": "", "lex": "i", "trans_ru": "и", "gloss_ru": "и", "gloss_index_ru": "STEM{i}-", "gr.pos": "coordconn"}], "off_start": 6, "off_end": 7, "next_word": 2, "sentence_index": 0, "sentence_index_neg": 14}, {"wtype": "word", "wf": "avarcə̑", "ana": [{"parts": "avarcə̑", "gloss": "", "gloss_index": "", "lex": "avarcə̑", "trans_ru": "лепешка", "gloss_ru": "лепешка", "gloss_index_ru": "STEM{avarcə̑}-", "gr.pos": "n"}], "off_start": 8, "off_end": 15, "next_word": 3, "sentence_index": 1, "sentence_index_neg": 13}, {"wtype": "word", "wf": "tidə̈", "ana": [{"parts": "tidə̈", "gloss": "", "gloss_index": "", "lex": "tidə̈", "trans_ru": "этот", "gloss_ru": "этот", "gloss_index_ru": "STEM{tidə̈}-", "gr.pos": ["pro-form", "pro"]}], "off_start": 16, "off_end": 21, "next_word": 4, "sentence_index": 2, "sentence_index_neg": 12}, {"wtype": "word", "wf": "lə̈välžə̈", "ana": [{"parts": "lə̈väl-žə̈", "gloss": "", "gloss_index": "", "lex": "lə̈väl", "trans_ru": "низ", "gloss_ru": "низ-POSS.3SG", "gloss_index_ru": "STEM{lə̈väl}-POSS.3SG{žə̈}-", "gr.pos": "n"}], "off_start": 22, "off_end": 31, "next_word": 5, "sentence_index": 3, "sentence_index_neg": 11}, {"wtype": "word", "wf": "t'estə̈", "ana": [{"parts": "t'estə̈", "gloss": "", "gloss_index": "", "lex": "t'estə̈", "trans_ru": "тесто", "gloss_ru": "тесто", "gloss_index_ru": "STEM{t'estə̈}-", "gr.pos": "n"}], "off_start": 32, "off_end": 39, "next_word": 6, "sentence_index": 4, "sentence_index_neg": 10}, {"wtype": "word", "wf": "dono", "ana": [{"parts": "dono", "gloss": "", "gloss_index": "", "lex": "dono", "trans_ru": "с", "gloss_ru": "с", "gloss_index_ru": "STEM{dono}-", "gr.pos": "post"}], "off_start": 40, "off_end": 44, "next_word": 7, "sentence_index": 5, "sentence_index_neg": 9}, {"wtype": "punct", "wf": ",", "off_start": 44, "off_end": 45, "next_word": 8, "sentence_index": 6, "sentence_index_neg": 8}, {"wtype": "word", "wf": "və̈lkə̈žə̈", "ana": [{"parts": "və̈l-kə̈-žə̈", "gloss": "", "gloss_index": "", "lex": "və̈l", "trans_ru": "верх", "gloss_ru": "верх-ILL2-POSS.3SG", "gloss_index_ru": "STEM{və̈l}-ILL2{kə̈}-POSS.3SG{žə̈}-", "gr.pos": "post"}], "off_start": 46, "off_end": 56, "next_word": 9, "sentence_index": 7, "sentence_index_neg": 7}, {"wtype": "word", "wf": "melenä", "ana": [{"parts": "melenä", "gloss": "", "gloss_index": "", "lex": "melenä", "trans_ru": "блины", "gloss_ru": "блины", "gloss_index_ru": "STEM{melenä}-", "gr.pos": "n"}], "off_start": 57, "off_end": 63, "next_word": 10, "sentence_index": 8, "sentence_index_neg": 6}, {"wtype": "word", "wf": "gan'ə̑m", "ana": [{"parts": "gan'-ə̑m", "gloss": "", "gloss_index": "", "lex": "gan'", "trans_ru": "EQU", "gloss_ru": "EQU-ACC", "gloss_index_ru": "STEM{gan'}-ACC{ə̑m}-", "gr.pos": "post"}], "off_start": 64, "off_end": 71, "next_word": 11, "sentence_index": 9, "sentence_index_neg": 5}, {"wtype": "word", "wf": "optal", "ana": [{"parts": "opt-al-ø", "gloss": "", "gloss_index": "", "lex": "opt", "trans_ru": "класть", "gloss_ru": "класть-ATT-CVB", "gloss_index_ru": "STEM{opt}-ATT{al}-CVB{ø}-", "gr.pos": "v"}], "off_start": 72, "off_end": 77, "next_word": 12, "sentence_index": 10, "sentence_index_neg": 4}, {"wtype": "word", "wf": "šə̈ndetät", "ana": [{"parts": "šə̈nd-et=ät", "gloss": "", "gloss_index": "", "lex": "šə̈nd", "trans_ru": "сажать", "gloss_ru": "сажать-NPST.2SG=ADD", "gloss_index_ru": "STEM{šə̈nd}-NPST.2SG{et}-ADD{ät}-", "gr.pos": "v"}], "off_start": 78, "off_end": 87, "next_word": 13, "sentence_index": 11, "sentence_index_neg": 3}, {"wtype": "word", "wf": "i", "ana": [{"parts": "i", "gloss": "", "gloss_index": "", "lex": "i", "trans_ru": "и", "gloss_ru": "и", "gloss_index_ru": "STEM{i}-", "gr.pos": "coordconn"}], "off_start": 88, "off_end": 89, "next_word": 14, "sentence_index": 12, "sentence_index_neg": 2}, {"wtype": "word", "wf": "tožə̑", "ana": [{"parts": "tožə̑", "gloss": "", "gloss_index": "", "lex": "tožə̑", "trans_ru": "тоже", "gloss_ru": "тоже", "gloss_index_ru": "STEM{tožə̑}-", "gr.pos": "prt"}], "off_start": 90, "off_end": 95, "next_word": 15, "sentence_index": 13, "sentence_index_neg": 1}, {"wtype": "word", "wf": "küktet", "ana": [{"parts": "kü-kt-et", "gloss": "", "gloss_index": "", "lex": "kü", "trans_ru": "cвариться", "gloss_ru": "cвариться-CAUS.DIST-NPST.2SG", "gloss_index_ru": "STEM{kü}-CAUS.DIST{kt}-NPST.2SG{et}-", "gr.pos": "v"}], "off_start": 96, "off_end": 102, "next_word": 16, "sentence_index": 14, "sentence_index_neg": 0}, {"wtype": "punct", "wf": ".", "off_start": 102, "off_end": 103, "next_word": 17}], "text": "1.19. i avarcə̑ tidə̈ lə̈välžə̈ t'estə̈ dono, və̈lkə̈žə̈ melenä gan'ə̑m optal šə̈ndetät i tožə̑ küktet.", "para_alignment": [{"off_start": 0, "off_end": 103, "para_id": 8797}]}, {"lang": 0, "words": [{"wtype": "punct", "wf": "1.20.", "off_start": 0, "off_end": 5, "next_word": 1}, {"wtype": "punct", "wf": "Земля", "off_start": 6, "off_end": 11, "next_word": 2}, {"wtype": "punct", "wf": "и", "off_start": 12, "off_end": 13, "next_word": 3}, {"wtype": "punct", "wf": "небо", "off_start": 14, "off_end": 18, "next_word": 4}, {"wtype": "word", "wf": "manalteš", "ana": [{"parts": "man-alt-eš", "gloss": "", "gloss_index": "", "lex": "man", "trans_ru": "говорить", "gloss_ru": "говорить-MED-NPST.3SG", "gloss_index_ru": "STEM{man}-MED{alt}-NPST.3SG{eš}-", "gr.pos": "v"}], "off_start": 19, "off_end": 27, "next_word": 5, "sentence_index": 0, "sentence_index_neg": 6}, {"wtype": "word", "wf": "tidə̈", "ana": [{"parts": "tidə̈", "gloss": "", "gloss_index": "", "lex": "tidə̈", "trans_ru": "этот", "gloss_ru": "этот", "gloss_index_ru": "STEM{tidə̈}-", "gr.pos": ["pro-form", "pro"]}], "off_start": 28, "off_end": 33, "next_word": 6, "sentence_index": 1, "sentence_index_neg": 5}, {"wtype": "punct", "wf": ",", "off_start": 33, "off_end": 34, "next_word": 7, "sentence_index": 2, "sentence_index_neg": 4}, {"wtype": "word", "wf": "malan", "ana": [{"parts": "ma-lan", "gloss": "", "gloss_index": "", "lex": "ma", "trans_ru": "что", "gloss_ru": "что-DAT", "gloss_index_ru": "STEM{ma}-DAT{lan}-", "gr.pos": "pro-form"}], "off_start": 35, "off_end": 40, "next_word": 8, "sentence_index": 3, "sentence_index_neg": 3}, {"wtype": "punct", "wf": ",", "off_start": 40, "off_end": 41, "next_word": 9, "sentence_index": 4, "sentence_index_neg": 2}, {"wtype": "word", "wf": "nu", "ana": [{"parts": "nu", "gloss": "", "gloss_index": "", "lex": "nu", "trans_ru": "ну", "gloss_ru": "ну", "gloss_index_ru": "STEM{nu}-", "gr.pos": "prt"}], "off_start": 42, "off_end": 44, "next_word": 10, "sentence_index": 5, "sentence_index_neg": 1}, {"wtype": "word", "wf": "pokojn'ikvlälän", "ana": [{"parts": "pokojn'ik-vlä-län", "gloss": "", "gloss_index": "", "lex": "pokojn'ik", "trans_ru": "покойник", "gloss_ru": "покойник-PL-DAT", "gloss_index_ru": "STEM{pokojn'ik}-PL{vlä}-DAT{län}-", "gr.pos": "n"}], "off_start": 45, "off_end": 60, "next_word": 11, "sentence_index": 6, "sentence_index_neg": 0}, {"wtype": "punct", "wf": ".", "off_start": 60, "off_end": 61, "next_word": 12}], "text": "1.20. Земля и небо manalteš tidə̈, malan, nu pokojn'ikvlälän.", "para_alignment": [{"off_start": 0, "off_end": 61, "para_id": 8798}]}, {"lang": 0, "words": [{"wtype": "punct", "wf": "1.21.", "off_start": 0, "off_end": 5, "next_word": 1}, {"wtype": "word", "wf": "ə̑ngə̑lə̑šda", "ana": [{"parts": "ə̑ngə̑l-ə̑š-da", "gloss": "", "gloss_index": "", "lex": "ə̑ngə̑l", "trans_ru": "понимать", "gloss_ru": "понимать-AOR-2PL", "gloss_index_ru": "STEM{ə̑ngə̑l}-AOR{ə̑š}-2PL{da}-", "gr.pos": "v"}], "off_start": 6, "off_end": 18, "next_word": 2, "sentence_index": 0, "sentence_index_neg": 3}, {"wtype": "punct", "wf": ",", "off_start": 18, "off_end": 19, "next_word": 3, "sentence_index": 1, "sentence_index_neg": 2}, {"wtype": "word", "wf": "avarcə̑", "ana": [{"parts": "avarcə̑", "gloss": "", "gloss_index": "", "lex": "avarcə̑", "trans_ru": "лепешка", "gloss_ru": "лепешка", "gloss_index_ru": "STEM{avarcə̑}-", "gr.pos": "n"}], "off_start": 20, "off_end": 27, "next_word": 4, "sentence_index": 2, "sentence_index_neg": 1}, {"wtype": "word", "wf": "ma", "ana": [{"parts": "ma", "gloss": "", "gloss_index": "", "lex": "ma", "trans_ru": "что", "gloss_ru": "что", "gloss_index_ru": "STEM{ma}-", "gr.pos": ["pro-form", "pro"]}], "off_start": 28, "off_end": 30, "next_word": 5, "sentence_index": 3, "sentence_index_neg": 0}, {"wtype": "punct", "wf": ",", "off_start": 30, "off_end": 31, "next_word": 6}, {"wtype": "punct", "wf": "что", "off_start": 32, "off_end": 35, "next_word": 7}, {"wtype": "punct", "wf": "такое", "off_start": 36, "off_end": 41, "next_word": 8}, {"wtype": "punct", "wf": "?.", "off_start": 41, "off_end": 43, "next_word": 9}], "text": "1.21. ə̑ngə̑lə̑šda, avarcə̑ ma, что такое?.", "para_alignment": [{"off_start": 0, "off_end": 43, "para_id": 8799}], "last": true}, {"lang": 1, "words": [{"off_start": 0, "wf": "Наш", "wtype": "word", "off_end": 3, "next_word": 1, "sentence_index": 0, "sentence_index_neg": 9}, {"off_start": 4, "wf": "традиционный", "wtype": "word", "off_end": 16, "next_word": 2, "sentence_index": 1, "sentence_index_neg": 8}, {"off_start": 17, "wf": "пирог", "wtype": "word", "off_end": 22, "next_word": 3, "sentence_index": 2, "sentence_index_neg": 7}, {"off_start": 22, "wf": ",", "wtype": "punct", "off_end": 23, "next_word": 4, "sentence_index": 3, "sentence_index_neg": 6}, {"off_start": 24, "wf": "традиционный", "wtype": "word", "off_end": 36, "next_word": 5, "sentence_index": 4, "sentence_index_neg": 5}, {"off_start": 37, "wf": "кравец", "wtype": "word", "off_end": 43, "next_word": 6, "sentence_index": 5, "sentence_index_neg": 4}, {"off_start": 44, "wf": "готовим", "wtype": "word", "off_end": 51, "next_word": 7, "sentence_index": 6, "sentence_index_neg": 3}, {"off_start": 51, "wf": ",", "wtype": "punct", "off_end": 52, "next_word": 8, "sentence_index": 7, "sentence_index_neg": 2}, {"off_start": 53, "wf": "кравец", "wtype": "word", "off_end": 59, "next_word": 9, "sentence_index": 8, "sentence_index_neg": 1}, {"off_start": 60, "wf": "готовим", "wtype": "word", "off_end": 67, "next_word": 10, "sentence_index": 9, "sentence_index_neg": 0}, {"off_start": 67, "wf": ".", "wtype": "punct", "off_end": 68, "next_word": 11}], "text": "Наш традиционный пирог, традиционный кравец готовим, кравец готовим.", "para_alignment": [{"off_start": 0, "off_end": 68, "para_id": 8779}]}, {"lang": 1, "words": [{"off_start": 0, "wf": "Он", "wtype": "word", "off_end": 2, "next_word": 1, "sentence_index": 0, "sentence_index_neg": 5}, {"off_start": 3, "wf": "такой", "wtype": "word", "off_end": 8, "next_word": 2, "sentence_index": 1, "sentence_index_neg": 4}, {"off_start": 8, "wf": ",", "wtype": "punct", "off_end": 9, "next_word": 3, "sentence_index": 2, "sentence_index_neg": 3}, {"off_start": 10, "wf": "сначала", "wtype": "word", "off_end": 17, "next_word": 4, "sentence_index": 3, "sentence_index_neg": 2}, {"off_start": 18, "wf": "раскатываем", "wtype": "word", "off_end": 29, "next_word": 5, "sentence_index": 4, "sentence_index_neg": 1}, {"off_start": 30, "wf": "тесто", "wtype": "word", "off_end": 35, "next_word": 6, "sentence_index": 5, "sentence_index_neg": 0}, {"off_start": 35, "wf": ".", "wtype": "punct", "off_end": 36, "next_word": 7}], "text": "Он такой, сначала раскатываем тесто.", "para_alignment": [{"off_start": 0, "off_end": 36, "para_id": 8780}]}, {"lang": 1, "words": [{"off_start": 0, "wf": "Потом", "wtype": "word", "off_end": 5, "next_word": 1, "sentence_index": 0, "sentence_index_neg": 2}, {"off_start": 6, "wf": "кладем", "wtype": "word", "off_end": 12, "next_word": 2, "sentence_index": 1, "sentence_index_neg": 1}, {"off_start": 13, "wf": "крупу", "wtype": "word", "off_end": 18, "next_word": 3, "sentence_index": 2, "sentence_index_neg": 0}, {"off_start": 18, "wf": ".", "wtype": "punct", "off_end": 19, "next_word": 4}], "text": "Потом кладем крупу.", "para_alignment": [{"off_start": 0, "off_end": 19, "para_id": 8781}]}, {"lang": 1, "words": [{"off_start": 0, "wf": "Особенно", "wtype": "word", "off_end": 8, "next_word": 1, "sentence_index": 0, "sentence_index_neg": 4}, {"off_start": 9, "wf": "с", "wtype": "word", "off_end": 10, "next_word": 2, "sentence_index": 1, "sentence_index_neg": 3}, {"off_start": 11, "wf": "ячменной", "wtype": "word", "off_end": 19, "next_word": 3, "sentence_index": 2, "sentence_index_neg": 2}, {"off_start": 20, "wf": "крупой", "wtype": "word", "off_end": 26, "next_word": 4, "sentence_index": 3, "sentence_index_neg": 1}, {"off_start": 27, "wf": "вкусно", "wtype": "word", "off_end": 33, "next_word": 5, "sentence_index": 4, "sentence_index_neg": 0}, {"off_start": 33, "wf": ".", "wtype": "punct", "off_end": 34, "next_word": 6}], "text": "Особенно с ячменной крупой вкусно.", "para_alignment": [{"off_start": 0, "off_end": 34, "para_id": 8782}]}, {"lang": 1, "words": [{"off_start": 0, "wf": "Добавляешь", "wtype": "word", "off_end": 10, "next_word": 1, "sentence_index": 0, "sentence_index_neg": 6}, {"off_start": 11, "wf": "лук", "wtype": "word", "off_end": 14, "next_word": 2, "sentence_index": 1, "sentence_index_neg": 5}, {"off_start": 15, "wf": "жарить", "wtype": "word", "off_end": 21, "next_word": 3, "sentence_index": 2, "sentence_index_neg": 4}, {"off_start": 22, "wf": "и", "wtype": "word", "off_end": 23, "next_word": 4, "sentence_index": 3, "sentence_index_neg": 3}, {"off_start": 24, "wf": "сверху", "wtype": "word", "off_end": 30, "next_word": 5, "sentence_index": 4, "sentence_index_neg": 2}, {"off_start": 31, "wf": "накладываешь", "wtype": "word", "off_end": 43, "next_word": 6, "sentence_index": 5, "sentence_index_neg": 1}, {"off_start": 44, "wf": "мясо", "wtype": "word", "off_end": 48, "next_word": 7, "sentence_index": 6, "sentence_index_neg": 0}, {"off_start": 48, "wf": ".", "wtype": "punct", "off_end": 49, "next_word": 8}], "text": "Добавляешь лук жарить и сверху накладываешь мясо.", "para_alignment": [{"off_start": 0, "off_end": 49, "para_id": 8783}]}, {"lang": 1, "words": [{"off_start": 0, "wf": "И", "wtype": "word", "off_end": 1, "next_word": 1, "sentence_index": 0, "sentence_index_neg": 3}, {"off_start": 2, "wf": "опять", "wtype": "word", "off_end": 7, "next_word": 2, "sentence_index": 1, "sentence_index_neg": 2}, {"off_start": 8, "wf": "тестом", "wtype": "word", "off_end": 14, "next_word": 3, "sentence_index": 2, "sentence_index_neg": 1}, {"off_start": 15, "wf": "накрываешь", "wtype": "word", "off_end": 25, "next_word": 4, "sentence_index": 3, "sentence_index_neg": 0}, {"off_start": 25, "wf": ".", "wtype": "punct", "off_end": 26, "next_word": 5}], "text": "И опять тестом накрываешь.", "para_alignment": [{"off_start": 0, "off_end": 26, "para_id": 8784}]}, {"lang": 1, "words": [{"off_start": 0, "wf": "И", "wtype": "word", "off_end": 1, "next_word": 1, "sentence_index": 0, "sentence_index_neg": 6}, {"off_start": 2, "wf": "в", "wtype": "word", "off_end": 3, "next_word": 2, "sentence_index": 1, "sentence_index_neg": 5}, {"off_start": 4, "wf": "духовку", "wtype": "word", "off_end": 11, "next_word": 3, "sentence_index": 2, "sentence_index_neg": 4}, {"off_start": 12, "wf": "поставишь", "wtype": "word", "off_end": 21, "next_word": 4, "sentence_index": 3, "sentence_index_neg": 3}, {"off_start": 21, "wf": ",", "wtype": "punct", "off_end": 22, "next_word": 5, "sentence_index": 4, "sentence_index_neg": 2}, {"off_start": 23, "wf": "в", "wtype": "word", "off_end": 24, "next_word": 6, "sentence_index": 5, "sentence_index_neg": 1}, {"off_start": 25, "wf": "печку", "wtype": "word", "off_end": 30, "next_word": 7, "sentence_index": 6, "sentence_index_neg": 0}, {"off_start": 30, "wf": ".", "wtype": "punct", "off_end": 31, "next_word": 8}], "text": "И в духовку поставишь, в печку.", "para_alignment": [{"off_start": 0, "off_end": 31, "para_id": 8785}]}, {"lang": 1, "words": [{"off_start": 0, "wf": "Он", "wtype": "word", "off_end": 2, "next_word": 1, "sentence_index": 0, "sentence_index_neg": 13}, {"off_start": 3, "wf": "там", "wtype": "word", "off_end": 6, "next_word": 2, "sentence_index": 1, "sentence_index_neg": 12}, {"off_start": 7, "wf": "находится", "wtype": "word", "off_end": 16, "next_word": 3, "sentence_index": 2, "sentence_index_neg": 11}, {"off_start": 16, "wf": ",", "wtype": "punct", "off_end": 17, "next_word": 4, "sentence_index": 3, "sentence_index_neg": 10}, {"off_start": 18, "wf": "а", "wtype": "word", "off_end": 19, "next_word": 5, "sentence_index": 4, "sentence_index_neg": 9}, {"off_start": 20, "wf": "когда", "wtype": "word", "off_end": 25, "next_word": 6, "sentence_index": 5, "sentence_index_neg": 8}, {"off_start": 26, "wf": "верхний", "wtype": "word", "off_end": 33, "next_word": 7, "sentence_index": 6, "sentence_index_neg": 7}, {"off_start": 34, "wf": "слой", "wtype": "word", "off_end": 38, "next_word": 8, "sentence_index": 7, "sentence_index_neg": 6}, {"off_start": 39, "wf": "поджарится", "wtype": "word", "off_end": 49, "next_word": 9, "sentence_index": 8, "sentence_index_neg": 5}, {"off_start": 49, "wf": ",", "wtype": "punct", "off_end": 50, "next_word": 10, "sentence_index": 9, "sentence_index_neg": 4}, {"off_start": 51, "wf": "уже", "wtype": "word", "off_end": 54, "next_word": 11, "sentence_index": 10, "sentence_index_neg": 3}, {"off_start": 55, "wf": "его", "wtype": "word", "off_end": 58, "next_word": 12, "sentence_index": 11, "sentence_index_neg": 2}, {"off_start": 59, "wf": "надо", "wtype": "word", "off_end": 63, "next_word": 13, "sentence_index": 12, "sentence_index_neg": 1}, {"off_start": 64, "wf": "накрыть", "wtype": "word", "off_end": 71, "next_word": 14, "sentence_index": 13, "sentence_index_neg": 0}, {"off_start": 71, "wf": ".", "wtype": "punct", "off_end": 72, "next_word": 15}], "text": "Он там находится, а когда верхний слой поджарится, уже его надо накрыть.", "para_alignment": [{"off_start": 0, "off_end": 72, "para_id": 8786}]}, {"lang": 1, "words": [{"off_start": 0, "wf": "И", "wtype": "word", "off_end": 1, "next_word": 1, "sentence_index": 0, "sentence_index_neg": 4}, {"off_start": 2, "wf": "чтобы", "wtype": "word", "off_end": 7, "next_word": 2, "sentence_index": 1, "sentence_index_neg": 3}, {"off_start": 8, "wf": "мясо", "wtype": "word", "off_end": 12, "next_word": 3, "sentence_index": 2, "sentence_index_neg": 2}, {"off_start": 13, "wf": "внутри", "wtype": "word", "off_end": 19, "next_word": 4, "sentence_index": 3, "sentence_index_neg": 1}, {"off_start": 20, "wf": "потушилось", "wtype": "word", "off_end": 30, "next_word": 5, "sentence_index": 4, "sentence_index_neg": 0}, {"off_start": 30, "wf": ".", "wtype": "punct", "off_end": 31, "next_word": 6}], "text": "И чтобы мясо внутри потушилось.", "para_alignment": [{"off_start": 0, "off_end": 31, "para_id": 8787}]}, {"lang": 1, "words": [{"off_start": 0, "wf": "Потом", "wtype": "word", "off_end": 5, "next_word": 1, "sentence_index": 0, "sentence_index_neg": 6}, {"off_start": 6, "wf": "мягкое", "wtype": "word", "off_end": 12, "next_word": 2, "sentence_index": 1, "sentence_index_neg": 5}, {"off_start": 13, "wf": "и", "wtype": "word", "off_end": 14, "next_word": 3, "sentence_index": 2, "sentence_index_neg": 4}, {"off_start": 15, "wf": "вкусное", "wtype": "word", "off_end": 22, "next_word": 4, "sentence_index": 3, "sentence_index_neg": 3}, {"off_start": 22, "wf": ",", "wtype": "punct", "off_end": 23, "next_word": 5, "sentence_index": 4, "sentence_index_neg": 2}, {"off_start": 24, "wf": "сочное", "wtype": "word", "off_end": 30, "next_word": 6, "sentence_index": 5, "sentence_index_neg": 1}, {"off_start": 31, "wf": "будет", "wtype": "word", "off_end": 36, "next_word": 7, "sentence_index": 6, "sentence_index_neg": 0}, {"off_start": 36, "wf": ".", "wtype": "punct", "off_end": 37, "next_word": 8}], "text": "Потом мягкое и вкусное, сочное будет.", "para_alignment": [{"off_start": 0, "off_end": 37, "para_id": 8788}]}, {"lang": 1, "words": [{"off_start": 0, "wf": "Ещё", "wtype": "word", "off_end": 3, "next_word": 1, "sentence_index": 0, "sentence_index_neg": 9}, {"off_start": 4, "wf": "есть", "wtype": "word", "off_end": 8, "next_word": 2, "sentence_index": 1, "sentence_index_neg": 8}, {"off_start": 9, "wf": "традиционный", "wtype": "word", "off_end": 21, "next_word": 3, "sentence_index": 2, "sentence_index_neg": 7}, {"off_start": 22, "wf": "наш", "wtype": "word", "off_end": 25, "next_word": 4, "sentence_index": 3, "sentence_index_neg": 6}, {"off_start": 25, "wf": "...", "wtype": "punct", "off_end": 28, "next_word": 5, "sentence_index": 4, "sentence_index_neg": 5}, {"off_start": 29, "wf": "сейчас", "wtype": "word", "off_end": 35, "next_word": 6, "sentence_index": 5, "sentence_index_neg": 4}, {"off_start": 35, "wf": "...", "wtype": "punct", "off_end": 38, "next_word": 7, "sentence_index": 6, "sentence_index_neg": 3}, {"off_start": 39, "wf": "ой", "wtype": "word", "off_end": 41, "next_word": 8, "sentence_index": 7, "sentence_index_neg": 2}, {"off_start": 41, "wf": ",", "wtype": "punct", "off_end": 42, "next_word": 9, "sentence_index": 8, "sentence_index_neg": 1}, {"off_start": 43, "wf": "забыла", "wtype": "word", "off_end": 49, "next_word": 10, "sentence_index": 9, "sentence_index_neg": 0}, {"off_start": 49, "wf": ".", "wtype": "punct", "off_end": 50, "next_word": 11}], "text": "Ещё есть традиционный наш... сейчас... ой, забыла.", "para_alignment": [{"off_start": 0, "off_end": 50, "para_id": 8789}]}, {"lang": 1, "words": [{"off_start": 0, "wf": "Пироги", "wtype": "word", "off_end": 6, "next_word": 1, "sentence_index": 0, "sentence_index_neg": 3}, {"off_start": 7, "wf": "делаем", "wtype": "word", "off_end": 13, "next_word": 2, "sentence_index": 1, "sentence_index_neg": 2}, {"off_start": 13, "wf": ",", "wtype": "punct", "off_end": 14, "next_word": 3, "sentence_index": 2, "sentence_index_neg": 1}, {"off_start": 15, "wf": "ватрушки", "wtype": "word", "off_end": 23, "next_word": 4, "sentence_index": 3, "sentence_index_neg": 0}, {"off_start": 23, "wf": ".", "wtype": "punct", "off_end": 24, "next_word": 5}], "text": "Пироги делаем, ватрушки.", "para_alignment": [{"off_start": 0, "off_end": 24, "para_id": 8790}]}, {"lang": 1, "words": [{"off_start": 0, "wf": "Ватрушки", "wtype": "word", "off_end": 8, "next_word": 1, "sentence_index": 0, "sentence_index_neg": 5}, {"off_start": 9, "wf": "тоже", "wtype": "word", "off_end": 13, "next_word": 2, "sentence_index": 1, "sentence_index_neg": 4}, {"off_start": 13, "wf": ",", "wtype": "punct", "off_end": 14, "next_word": 3, "sentence_index": 2, "sentence_index_neg": 3}, {"off_start": 15, "wf": "ну", "wtype": "word", "off_end": 17, "next_word": 4, "sentence_index": 3, "sentence_index_neg": 2}, {"off_start": 18, "wf": "наши", "wtype": "word", "off_end": 22, "next_word": 5, "sentence_index": 4, "sentence_index_neg": 1}, {"off_start": 23, "wf": "традиционные", "wtype": "word", "off_end": 35, "next_word": 6, "sentence_index": 5, "sentence_index_neg": 0}, {"off_start": 35, "wf": ".", "wtype": "punct", "off_end": 36, "next_word": 7}], "text": "Ватрушки тоже, ну наши традиционные.", "para_alignment": [{"off_start": 0, "off_end": 36, "para_id": 8791}]}, {"lang": 1, "words": [{"off_start": 0, "wf": "Потом", "wtype": "word", "off_end": 5, "next_word": 1, "sentence_index": 0, "sentence_index_neg": 4}, {"off_start": 6, "wf": "ещё", "wtype": "word", "off_end": 9, "next_word": 2, "sentence_index": 1, "sentence_index_neg": 3}, {"off_start": 10, "wf": "что", "wtype": "word", "off_end": 13, "next_word": 3, "sentence_index": 2, "sentence_index_neg": 2}, {"off_start": 13, "wf": ",", "wtype": "punct", "off_end": 14, "next_word": 4, "sentence_index": 3, "sentence_index_neg": 1}, {"off_start": 15, "wf": "лепешки", "wtype": "word", "off_end": 22, "next_word": 5, "sentence_index": 4, "sentence_index_neg": 0}, {"off_start": 22, "wf": ".", "wtype": "punct", "off_end": 23, "next_word": 6}], "text": "Потом ещё что, лепешки.", "para_alignment": [{"off_start": 0, "off_end": 23, "para_id": 8792}]}, {"lang": 1, "words": [{"off_start": 0, "wf": "Знаешь", "wtype": "word", "off_end": 6, "next_word": 1, "sentence_index": 0, "sentence_index_neg": 4}, {"off_start": 6, "wf": ",", "wtype": "punct", "off_end": 7, "next_word": 2, "sentence_index": 1, "sentence_index_neg": 3}, {"off_start": 8, "wf": "что", "wtype": "word", "off_end": 11, "next_word": 3, "sentence_index": 2, "sentence_index_neg": 2}, {"off_start": 12, "wf": "такое", "wtype": "word", "off_end": 17, "next_word": 4, "sentence_index": 3, "sentence_index_neg": 1}, {"off_start": 18, "wf": "avarcə", "wtype": "word", "off_end": 24, "next_word": 5, "sentence_index": 4, "sentence_index_neg": 0}, {"off_start": 24, "wf": "̑?", "wtype": "punct", "off_end": 26, "next_word": 6}], "text": "Знаешь, что такое avarcə̑?", "para_alignment": [{"off_start": 0, "off_end": 26, "para_id": 8793}]}, {"lang": 1, "words": [{"off_start": 0, "wf": "Лепешки", "wtype": "word", "off_end": 7, "next_word": 1, "sentence_index": 0, "sentence_index_neg": 2}, {"off_start": 8, "wf": "тоже", "wtype": "word", "off_end": 12, "next_word": 2, "sentence_index": 1, "sentence_index_neg": 1}, {"off_start": 13, "wf": "традиционные", "wtype": "word", "off_end": 25, "next_word": 3, "sentence_index": 2, "sentence_index_neg": 0}, {"off_start": 25, "wf": ".", "wtype": "punct", "off_end": 26, "next_word": 4}], "text": "Лепешки тоже традиционные.", "para_alignment": [{"off_start": 0, "off_end": 26, "para_id": 8794}]}, {"lang": 1, "words": [{"off_start": 0, "wf": "Это", "wtype": "word", "off_end": 3, "next_word": 1, "sentence_index": 0, "sentence_index_neg": 4}, {"off_start": 4, "wf": "именно", "wtype": "word", "off_end": 10, "next_word": 2, "sentence_index": 1, "sentence_index_neg": 3}, {"off_start": 11, "wf": "на", "wtype": "word", "off_end": 13, "next_word": 3, "sentence_index": 2, "sentence_index_neg": 2}, {"off_start": 14, "wf": "поминках", "wtype": "word", "off_end": 22, "next_word": 4, "sentence_index": 3, "sentence_index_neg": 1}, {"off_start": 23, "wf": "делают", "wtype": "word", "off_end": 29, "next_word": 5, "sentence_index": 4, "sentence_index_neg": 0}, {"off_start": 29, "wf": ".", "wtype": "punct", "off_end": 30, "next_word": 6}], "text": "Это именно на поминках делают.", "para_alignment": [{"off_start": 0, "off_end": 30, "para_id": 8795}]}, {"lang": 1, "words": [{"off_start": 0, "wf": "Ну", "wtype": "word", "off_end": 2, "next_word": 1, "sentence_index": 0, "sentence_index_neg": 8}, {"off_start": 3, "wf": "когда", "wtype": "word", "off_end": 8, "next_word": 2, "sentence_index": 1, "sentence_index_neg": 7}, {"off_start": 9, "wf": "человек", "wtype": "word", "off_end": 16, "next_word": 3, "sentence_index": 2, "sentence_index_neg": 6}, {"off_start": 17, "wf": "умрёт", "wtype": "word", "off_end": 22, "next_word": 4, "sentence_index": 3, "sentence_index_neg": 5}, {"off_start": 22, "wf": ",", "wtype": "punct", "off_end": 23, "next_word": 5, "sentence_index": 4, "sentence_index_neg": 4}, {"off_start": 24, "wf": "обязательно", "wtype": "word", "off_end": 35, "next_word": 6, "sentence_index": 5, "sentence_index_neg": 3}, {"off_start": 36, "wf": "нужно", "wtype": "word", "off_end": 41, "next_word": 7, "sentence_index": 6, "sentence_index_neg": 2}, {"off_start": 42, "wf": "сделать", "wtype": "word", "off_end": 49, "next_word": 8, "sentence_index": 7, "sentence_index_neg": 1}, {"off_start": 50, "wf": "лепешки", "wtype": "word", "off_end": 57, "next_word": 9, "sentence_index": 8, "sentence_index_neg": 0}, {"off_start": 57, "wf": ".", "wtype": "punct", "off_end": 58, "next_word": 10}], "text": "Ну когда человек умрёт, обязательно нужно сделать лепешки.", "para_alignment": [{"off_start": 0, "off_end": 58, "para_id": 8796}]}, {"lang": 1, "words": [{"off_start": 0, "wf": "И", "wtype": "word", "off_end": 1, "next_word": 1, "sentence_index": 0, "sentence_index_neg": 17}, {"off_start": 2, "wf": "лепешки", "wtype": "word", "off_end": 9, "next_word": 2, "sentence_index": 1, "sentence_index_neg": 16}, {"off_start": 9, "wf": ",", "wtype": "punct", "off_end": 10, "next_word": 3, "sentence_index": 2, "sentence_index_neg": 15}, {"off_start": 11, "wf": "это", "wtype": "word", "off_end": 14, "next_word": 4, "sentence_index": 3, "sentence_index_neg": 14}, {"off_start": 15, "wf": "нижний", "wtype": "word", "off_end": 21, "next_word": 5, "sentence_index": 4, "sentence_index_neg": 13}, {"off_start": 22, "wf": "слой", "wtype": "word", "off_end": 26, "next_word": 6, "sentence_index": 5, "sentence_index_neg": 12}, {"off_start": 27, "wf": "теста", "wtype": "word", "off_end": 32, "next_word": 7, "sentence_index": 6, "sentence_index_neg": 11}, {"off_start": 32, "wf": ",", "wtype": "punct", "off_end": 33, "next_word": 8, "sentence_index": 7, "sentence_index_neg": 10}, {"off_start": 34, "wf": "а", "wtype": "word", "off_end": 35, "next_word": 9, "sentence_index": 8, "sentence_index_neg": 9}, {"off_start": 36, "wf": "поверх", "wtype": "word", "off_end": 42, "next_word": 10, "sentence_index": 9, "sentence_index_neg": 8}, {"off_start": 43, "wf": "кладешь", "wtype": "word", "off_end": 50, "next_word": 11, "sentence_index": 10, "sentence_index_neg": 7}, {"off_start": 51, "wf": "тесто", "wtype": "word", "off_end": 56, "next_word": 12, "sentence_index": 11, "sentence_index_neg": 6}, {"off_start": 57, "wf": "как", "wtype": "word", "off_end": 60, "next_word": 13, "sentence_index": 12, "sentence_index_neg": 5}, {"off_start": 61, "wf": "для", "wtype": "word", "off_end": 64, "next_word": 14, "sentence_index": 13, "sentence_index_neg": 4}, {"off_start": 65, "wf": "блинов", "wtype": "word", "off_end": 71, "next_word": 15, "sentence_index": 14, "sentence_index_neg": 3}, {"off_start": 72, "wf": "и", "wtype": "word", "off_end": 73, "next_word": 16, "sentence_index": 15, "sentence_index_neg": 2}, {"off_start": 74, "wf": "тоже", "wtype": "word", "off_end": 78, "next_word": 17, "sentence_index": 16, "sentence_index_neg": 1}, {"off_start": 79, "wf": "печёшь", "wtype": "word", "off_end": 85, "next_word": 18, "sentence_index": 17, "sentence_index_neg": 0}, {"off_start": 85, "wf": ".", "wtype": "punct", "off_end": 86, "next_word": 19}], "text": "И лепешки, это нижний слой теста, а поверх кладешь тесто как для блинов и тоже печёшь.", "para_alignment": [{"off_start": 0, "off_end": 86, "para_id": 8797}]}, {"lang": 1, "words": [{"off_start": 0, "wf": "Это", "wtype": "word", "off_end": 3, "next_word": 1, "sentence_index": 0, "sentence_index_neg": 12}, {"off_start": 4, "wf": "называется", "wtype": "word", "off_end": 14, "next_word": 2, "sentence_index": 1, "sentence_index_neg": 11}, {"off_start": 15, "wf": "земля", "wtype": "word", "off_end": 20, "next_word": 3, "sentence_index": 2, "sentence_index_neg": 10}, {"off_start": 21, "wf": "и", "wtype": "word", "off_end": 22, "next_word": 4, "sentence_index": 3, "sentence_index_neg": 9}, {"off_start": 23, "wf": "небо", "wtype": "word", "off_end": 27, "next_word": 5, "sentence_index": 4, "sentence_index_neg": 8}, {"off_start": 27, "wf": ",", "wtype": "punct", "off_end": 28, "next_word": 6, "sentence_index": 5, "sentence_index_neg": 7}, {"off_start": 29, "wf": "для", "wtype": "word", "off_end": 32, "next_word": 7, "sentence_index": 6, "sentence_index_neg": 6}, {"off_start": 33, "wf": "чего", "wtype": "word", "off_end": 37, "next_word": 8, "sentence_index": 7, "sentence_index_neg": 5}, {"off_start": 37, "wf": ",", "wtype": "punct", "off_end": 38, "next_word": 9, "sentence_index": 8, "sentence_index_neg": 4}, {"off_start": 39, "wf": "ну", "wtype": "word", "off_end": 41, "next_word": 10, "sentence_index": 9, "sentence_index_neg": 3}, {"off_start": 41, "wf": ",", "wtype": "punct", "off_end": 42, "next_word": 11, "sentence_index": 10, "sentence_index_neg": 2}, {"off_start": 43, "wf": "для", "wtype": "word", "off_end": 46, "next_word": 12, "sentence_index": 11, "sentence_index_neg": 1}, {"off_start": 47, "wf": "покойников", "wtype": "word", "off_end": 57, "next_word": 13, "sentence_index": 12, "sentence_index_neg": 0}, {"off_start": 57, "wf": ".", "wtype": "punct", "off_end": 58, "next_word": 14}], "text": "Это называется земля и небо, для чего, ну, для покойников.", "para_alignment": [{"off_start": 0, "off_end": 58, "para_id": 8798}]}, {"lang": 1, "words": [{"off_start": 0, "wf": "Вы", "wtype": "word", "off_end": 2, "next_word": 1, "sentence_index": 0, "sentence_index_neg": 5}, {"off_start": 3, "wf": "поняли", "wtype": "word", "off_end": 9, "next_word": 2, "sentence_index": 1, "sentence_index_neg": 4}, {"off_start": 9, "wf": ",", "wtype": "punct", "off_end": 10, "next_word": 3, "sentence_index": 2, "sentence_index_neg": 3}, {"off_start": 11, "wf": "что", "wtype": "word", "off_end": 14, "next_word": 4, "sentence_index": 3, "sentence_index_neg": 2}, {"off_start": 15, "wf": "такое", "wtype": "word", "off_end": 20, "next_word": 5, "sentence_index": 4, "sentence_index_neg": 1}, {"off_start": 21, "wf": "avarcə", "wtype": "word", "off_end": 27, "next_word": 6, "sentence_index": 5, "sentence_index_neg": 0}, {"off_start": 27, "wf": "̑?", "wtype": "punct", "off_end": 29, "next_word": 7}], "text": "Вы поняли, что такое avarcə̑?", "para_alignment": [{"off_start": 0, "off_end": 29, "para_id": 8799}]}]}