{"meta": {"title": "Происхождение названий", "filename": "corpus\\xml\\hill.xml"}, "sentences": [{"lang": 0, "words": [{"wtype": "punct", "wf": "1.1.", "off_start": 0, "off_end": 4, "next_word": 1}, {"wtype": "punct", "wf": "Значит", "off_start": 5, "off_end": 11, "next_word": 2}, {"wtype": "word", "wf": "lə̑ktə̑nə̑t", "ana": [{"parts": "lə̑kt-ə̑n-ə̑t", "gloss": "", "gloss_index": "", "lex": "lə̑kt", "trans_ru": "извлекать", "gloss_ru": "извлекать-PRET-3PL", "gloss_index_ru": "STEM{lə̑kt}-PRET{ə̑n}-3PL{ə̑t}-", "gr.pos": "v"}], "off_start": 12, "off_end": 23, "next_word": 3, "sentence_index": 0, "sentence_index_neg": 3}, {"wtype": "word", "wf": "kn'igäm", "ana": [{"parts": "kn'igä-m", "gloss": "", "gloss_index": "", "lex": "kn'igä", "trans_ru": "книга", "gloss_ru": "книга-ACC", "gloss_index_ru": "STEM{kn'igä}-ACC{m}-", "gr.pos": "n"}], "off_start": 24, "off_end": 31, "next_word": 4, "sentence_index": 1, "sentence_index_neg": 2}, {"wtype": "punct", "wf": ",", "off_start": 31, "off_end": 32, "next_word": 5, "sentence_index": 2, "sentence_index_neg": 1}, {"wtype": "word", "wf": "manalteš", "ana": [{"parts": "man-alt-eš", "gloss": "", "gloss_index": "", "lex": "man", "trans_ru": "говорить", "gloss_ru": "говорить-MED-NPST.3SG", "gloss_index_ru": "STEM{man}-MED{alt}-NPST.3SG{eš}-", "gr.pos": "v"}], "off_start": 33, "off_end": 41, "next_word": 6, "sentence_index": 3, "sentence_index_neg": 0}, {"wtype": "punct", "wf": "история", "off_start": 42, "off_end": 49, "next_word": 7}, {"wtype": "punct", "wf": "создания", "off_start": 50, "off_end": 58, "next_word": 8}, {"wtype": "punct", "wf": "...", "off_start": 58, "off_end": 61, "next_word": 9}, {"wtype": "punct", "wf": ".", "off_start": 61, "off_end": 62, "next_word": 10}], "text": "1.1. Значит lə̑ktə̑nə̑t kn'igäm, manalteš история создания....", "para_alignment": [{"off_start": 0, "off_end": 62, "para_id": 7691}]}, {"lang": 0, "words": [{"wtype": "punct", "wf": "1.2.", "off_start": 0, "off_end": 4, "next_word": 1}, {"wtype": "punct", "wf": "История", "off_start": 5, "off_end": 12, "next_word": 2}, {"wtype": "punct", "wf": "...", "off_start": 12, "off_end": 15, "next_word": 3}, {"wtype": "punct", "wf": "ну", "off_start": 16, "off_end": 18, "next_word": 4}, {"wtype": "punct", "wf": "\"", "off_start": 19, "off_end": 20, "next_word": 5}, {"wtype": "punct", "wf": "История", "off_start": 21, "off_end": 28, "next_word": 6}, {"wtype": "punct", "wf": "образования", "off_start": 29, "off_end": 40, "next_word": 7}, {"wtype": "punct", "wf": "деревень", "off_start": 41, "off_end": 49, "next_word": 8}, {"wtype": "punct", "wf": "горномарийского", "off_start": 50, "off_end": 65, "next_word": 9}, {"wtype": "punct", "wf": "района", "off_start": 66, "off_end": 72, "next_word": 10}, {"wtype": "punct", "wf": "\"", "off_start": 73, "off_end": 74, "next_word": 11}, {"wtype": "word", "wf": "manalteš", "ana": [{"parts": "man-alt-eš", "gloss": "", "gloss_index": "", "lex": "man", "trans_ru": "говорить", "gloss_ru": "говорить-MED-NPST.3SG", "gloss_index_ru": "STEM{man}-MED{alt}-NPST.3SG{eš}-", "gr.pos": "v"}], "off_start": 75, "off_end": 83, "next_word": 12, "sentence_index": 0, "sentence_index_neg": 1}, {"wtype": "word", "wf": "kn'igä", "ana": [{"parts": "kn'igä", "gloss": "", "gloss_index": "", "lex": "kn'igä", "trans_ru": "книга", "gloss_ru": "книга", "gloss_index_ru": "STEM{kn'igä}-", "gr.pos": "n"}], "off_start": 84, "off_end": 90, "next_word": 13, "sentence_index": 1, "sentence_index_neg": 0}, {"wtype": "punct", "wf": ".", "off_start": 90, "off_end": 91, "next_word": 14}], "text": "1.2. История... ну \" История образования деревень горномарийского района \" manalteš kn'igä.", "para_alignment": [{"off_start": 0, "off_end": 91, "para_id": 7692}]}, {"lang": 0, "words": [{"wtype": "punct", "wf": "1.3.", "off_start": 0, "off_end": 4, "next_word": 1}, {"wtype": "punct", "wf": "и", "off_start": 5, "off_end": 6, "next_word": 2}, {"wtype": "word", "wf": "päšälenə̈t", "ana": [{"parts": "päšä-l-en-ə̈t", "gloss": "", "gloss_index": "", "lex": "päšä", "trans_ru": "работа", "gloss_ru": "работа-DENOM-PRET-3PL", "gloss_index_ru": "STEM{päšä}-DENOM{l}-PRET{en}-3PL{ə̈t}-", "gr.pos": "n"}], "off_start": 7, "off_end": 17, "next_word": 3, "sentence_index": 0}, {"wtype": "punct", "wf": "работники", "off_start": 18, "off_end": 27, "next_word": 4}, {"wtype": "punct", "wf": "...", "off_start": 27, "off_end": 30, "next_word": 5}, {"wtype": "punct", "wf": "работник", "off_start": 31, "off_end": 39, "next_word": 6}, {"wtype": "punct", "wf": "Горномарийского", "off_start": 40, "off_end": 55, "next_word": 7}, {"wtype": "punct", "wf": "муниципального", "off_start": 56, "off_end": 70, "next_word": 8}, {"wtype": "punct", "wf": "образования", "off_start": 71, "off_end": 82, "next_word": 9}, {"wtype": "punct", "wf": "...", "off_start": 82, "off_end": 85, "next_word": 10}, {"wtype": "punct", "wf": "Горномарийский", "off_start": 86, "off_end": 100, "next_word": 11}, {"wtype": "punct", "wf": "район", "off_start": 101, "off_end": 106, "next_word": 12}, {"wtype": "punct", "wf": ".", "off_start": 106, "off_end": 107, "next_word": 13}], "text": "1.3. и päšälenə̈t работники... работник Горномарийского муниципального образования... Горномарийский район.", "para_alignment": [{"off_start": 0, "off_end": 107, "para_id": 7693}]}, {"lang": 0, "words": [{"wtype": "punct", "wf": "1.4.", "off_start": 0, "off_end": 4, "next_word": 1}, {"wtype": "word", "wf": "tə̈", "ana": [{"parts": "tə̈", "gloss": "", "gloss_index": "", "lex": "tə̈", "trans_ru": "тот", "gloss_ru": "тот", "gloss_index_ru": "STEM{tə̈}-", "gr.pos": ["pro-form", "pro"]}], "off_start": 5, "off_end": 8, "next_word": 2, "sentence_index": 0, "sentence_index_neg": 15}, {"wtype": "punct", "wf": "kn'i", "off_start": 9, "off_end": 13, "next_word": 3, "sentence_index": 1, "sentence_index_neg": 14}, {"wtype": "punct", "wf": "...", "off_start": 13, "off_end": 16, "next_word": 4, "sentence_index": 2, "sentence_index_neg": 13}, {"wtype": "word", "wf": "tə̈", "ana": [{"parts": "tə̈", "gloss": "", "gloss_index": "", "lex": "tə̈", "trans_ru": "тот", "gloss_ru": "тот", "gloss_index_ru": "STEM{tə̈}-", "gr.pos": ["pro-form", "pro"]}], "off_start": 17, "off_end": 20, "next_word": 5, "sentence_index": 3, "sentence_index_neg": 12}, {"wtype": "word", "wf": "kn'igäštə̈", "ana": [{"parts": "kn'igä-štə̈", "gloss": "", "gloss_index": "", "lex": "kn'igä", "trans_ru": "книга", "gloss_ru": "книга-IN", "gloss_index_ru": "STEM{kn'igä}-IN{štə̈}-", "gr.pos": "n"}], "off_start": 21, "off_end": 31, "next_word": 6, "sentence_index": 4, "sentence_index_neg": 11}, {"wtype": "word", "wf": "sirə̈mə̈", "ana": [{"parts": "sirə̈-mə̈", "gloss": "", "gloss_index": "", "lex": "sirə̈", "trans_ru": "писать", "gloss_ru": "писать-PTCP.PASS/NMLZ", "gloss_index_ru": "STEM{sirə̈}-PTCP.PASS/NMLZ{mə̈}-", "gr.pos": "v"}], "off_start": 32, "off_end": 40, "next_word": 7, "sentence_index": 5, "sentence_index_neg": 10}, {"wtype": "word", "wf": "kə̑šecə̈n", "ana": [{"parts": "kə̑-šec-ə̈n", "gloss": "", "gloss_index": "", "lex": "kə̑", "trans_ru": "который", "gloss_ru": "который-EL-FULL", "gloss_index_ru": "STEM{kə̑}-EL{šec}-FULL{ə̈n}-", "gr.pos": "pro-form"}], "off_start": 41, "off_end": 50, "next_word": 8, "sentence_index": 6, "sentence_index_neg": 9}, {"wtype": "punct", "wf": "...", "off_start": 50, "off_end": 53, "next_word": 9, "sentence_index": 7, "sentence_index_neg": 8}, {"wtype": "word", "wf": "kə̑šec", "ana": [{"parts": "kə̑-šec", "gloss": "", "gloss_index": "", "lex": "kə̑", "trans_ru": "который", "gloss_ru": "который-EL", "gloss_index_ru": "STEM{kə̑}-EL{šec}-", "gr.pos": "pro-form"}], "off_start": 54, "off_end": 60, "next_word": 10, "sentence_index": 8, "sentence_index_neg": 7}, {"wtype": "punct", "wf": "...", "off_start": 60, "off_end": 63, "next_word": 11, "sentence_index": 9, "sentence_index_neg": 6}, {"wtype": "word", "wf": "kə̑šec", "ana": [{"parts": "kə̑-šec", "gloss": "", "gloss_index": "", "lex": "kə̑", "trans_ru": "который", "gloss_ru": "который-EL", "gloss_index_ru": "STEM{kə̑}-EL{šec}-", "gr.pos": "pro-form"}], "off_start": 64, "off_end": 70, "next_word": 12, "sentence_index": 10, "sentence_index_neg": 5}, {"wtype": "word", "wf": "läktə̈nə̈t", "ana": [{"parts": "läkt-ə̈n-ə̈t", "gloss": "", "gloss_index": "", "lex": "läkt", "trans_ru": "выходить", "gloss_ru": "выходить-PRET-3PL", "gloss_index_ru": "STEM{läkt}-PRET{ə̈n}-3PL{ə̈t}-", "gr.pos": "v"}], "off_start": 71, "off_end": 81, "next_word": 13, "sentence_index": 11, "sentence_index_neg": 4}, {"wtype": "word", "wf": "sola", "ana": [{"parts": "sola", "gloss": "", "gloss_index": "", "lex": "sola", "trans_ru": "село", "gloss_ru": "село", "gloss_index_ru": "STEM{sola}-", "gr.pos": "n"}], "off_start": 82, "off_end": 86, "next_word": 14, "sentence_index": 12, "sentence_index_neg": 3}, {"wtype": "punct", "wf": "...", "off_start": 86, "off_end": 89, "next_word": 15, "sentence_index": 13, "sentence_index_neg": 2}, {"wtype": "word", "wf": "sola", "ana": [{"parts": "sola", "gloss": "", "gloss_index": "", "lex": "sola", "trans_ru": "село", "gloss_ru": "село", "gloss_index_ru": "STEM{sola}-", "gr.pos": "n"}], "off_start": 90, "off_end": 94, "next_word": 16, "sentence_index": 14, "sentence_index_neg": 1}, {"wtype": "word", "wf": "lə̈mvlä", "ana": [{"parts": "lə̈m-vlä", "gloss": "", "gloss_index": "", "lex": "lə̈m", "trans_ru": "имя", "gloss_ru": "имя-PL", "gloss_index_ru": "STEM{lə̈m}-PL{vlä}-", "gr.pos": "n"}], "off_start": 95, "off_end": 102, "next_word": 17, "sentence_index": 15, "sentence_index_neg": 0}, {"wtype": "punct", "wf": ".", "off_start": 102, "off_end": 103, "next_word": 18}], "text": "1.4. tə̈ kn'i... tə̈ kn'igäštə̈ sirə̈mə̈ kə̑šecə̈n... kə̑šec... kə̑šec läktə̈nə̈t sola... sola lə̈mvlä.", "para_alignment": [{"off_start": 0, "off_end": 103, "para_id": 7694}]}, {"lang": 0, "words": [{"wtype": "punct", "wf": "1.5.", "off_start": 0, "off_end": 4, "next_word": 1}, {"wtype": "punct", "wf": "Вот", "off_start": 5, "off_end": 8, "next_word": 2}, {"wtype": "punct", "wf": "например", "off_start": 9, "off_end": 17, "next_word": 3}, {"wtype": "word", "wf": "sola", "ana": [{"parts": "sola", "gloss": "", "gloss_index": "", "lex": "sola", "trans_ru": "село", "gloss_ru": "село", "gloss_index_ru": "STEM{sola}-", "gr.pos": "n"}], "off_start": 18, "off_end": 22, "next_word": 4, "sentence_index": 0, "sentence_index_neg": 3}, {"wtype": "punct", "wf": "...", "off_start": 22, "off_end": 25, "next_word": 5, "sentence_index": 1, "sentence_index_neg": 2}, {"wtype": "word", "wf": "saran", "ana": [{"parts": "saran", "gloss": "", "gloss_index": "", "lex": "saran", "trans_ru": "Сараново", "gloss_ru": "Сараново", "gloss_index_ru": "STEM{saran}-", "gr.pos": "n"}], "off_start": 26, "off_end": 31, "next_word": 6, "sentence_index": 2, "sentence_index_neg": 1}, {"wtype": "word", "wf": "sola", "ana": [{"parts": "sola", "gloss": "", "gloss_index": "", "lex": "sola", "trans_ru": "село", "gloss_ru": "село", "gloss_index_ru": "STEM{sola}-", "gr.pos": "n"}], "off_start": 32, "off_end": 36, "next_word": 7, "sentence_index": 3, "sentence_index_neg": 0}, {"wtype": "punct", "wf": ".", "off_start": 36, "off_end": 37, "next_word": 8}], "text": "1.5. Вот например sola... saran sola.", "para_alignment": [{"off_start": 0, "off_end": 37, "para_id": 7695}]}, {"lang": 0, "words": [{"wtype": "punct", "wf": "1.6.", "off_start": 0, "off_end": 4, "next_word": 1}, {"wtype": "word", "wf": "saran", "ana": [{"parts": "saran", "gloss": "", "gloss_index": "", "lex": "saran", "trans_ru": "Сараново", "gloss_ru": "Сараново", "gloss_index_ru": "STEM{saran}-", "gr.pos": "n"}], "off_start": 5, "off_end": 10, "next_word": 2, "sentence_index": 0, "sentence_index_neg": 9}, {"wtype": "word", "wf": "sola", "ana": [{"parts": "sola", "gloss": "", "gloss_index": "", "lex": "sola", "trans_ru": "село", "gloss_ru": "село", "gloss_index_ru": "STEM{sola}-", "gr.pos": "n"}], "off_start": 11, "off_end": 15, "next_word": 3, "sentence_index": 1, "sentence_index_neg": 8}, {"wtype": "word", "wf": "nazvan'ijə̈m", "ana": [{"parts": "nazvan'ij-ə̈m", "gloss": "", "gloss_index": "", "lex": "nazvan'ij", "trans_ru": "название", "gloss_ru": "название-ACC", "gloss_index_ru": "STEM{nazvan'ij}-ACC{ə̈m}-", "gr.pos": "n"}], "off_start": 16, "off_end": 28, "next_word": 4, "sentence_index": 2, "sentence_index_neg": 7}, {"wtype": "punct", "wf": "...", "off_start": 28, "off_end": 31, "next_word": 5, "sentence_index": 3, "sentence_index_neg": 6}, {"wtype": "word", "wf": "lə̈mə̈m", "ana": [{"parts": "lə̈m-ə̈m", "gloss": "", "gloss_index": "", "lex": "lə̈m", "trans_ru": "имя", "gloss_ru": "имя-ACC", "gloss_index_ru": "STEM{lə̈m}-ACC{ə̈m}-", "gr.pos": "n"}], "off_start": 32, "off_end": 39, "next_word": 6, "sentence_index": 4, "sentence_index_neg": 5}, {"wtype": "punct", "wf": "...", "off_start": 39, "off_end": 42, "next_word": 7, "sentence_index": 5, "sentence_index_neg": 4}, {"wtype": "word", "wf": "saran", "ana": [{"parts": "saran", "gloss": "", "gloss_index": "", "lex": "saran", "trans_ru": "Сараново", "gloss_ru": "Сараново", "gloss_index_ru": "STEM{saran}-", "gr.pos": "n"}], "off_start": 43, "off_end": 48, "next_word": 8, "sentence_index": 6, "sentence_index_neg": 3}, {"wtype": "word", "wf": "sola", "ana": [{"parts": "sola", "gloss": "", "gloss_index": "", "lex": "sola", "trans_ru": "село", "gloss_ru": "село", "gloss_index_ru": "STEM{sola}-", "gr.pos": "n"}], "off_start": 49, "off_end": 53, "next_word": 9, "sentence_index": 7, "sentence_index_neg": 2}, {"wtype": "word", "wf": "lə̈mə̈m", "ana": [{"parts": "lə̈m-ə̈m", "gloss": "", "gloss_index": "", "lex": "lə̈m", "trans_ru": "имя", "gloss_ru": "имя-ACC", "gloss_index_ru": "STEM{lə̈m}-ACC{ə̈m}-", "gr.pos": "n"}], "off_start": 54, "off_end": 61, "next_word": 10, "sentence_index": 8, "sentence_index_neg": 1}, {"wtype": "word", "wf": "puenə̈t", "ana": [{"parts": "pu-en-ə̈t", "gloss": "", "gloss_index": "", "lex": "pu", "trans_ru": "давать", "gloss_ru": "давать-PRET-3PL", "gloss_index_ru": "STEM{pu}-PRET{en}-3PL{ə̈t}-", "gr.pos": "v"}], "off_start": 62, "off_end": 69, "next_word": 11, "sentence_index": 9, "sentence_index_neg": 0}, {"wtype": "punct", "wf": "...", "off_start": 69, "off_end": 72, "next_word": 12}, {"wtype": "punct", "wf": ".", "off_start": 72, "off_end": 73, "next_word": 13}], "text": "1.6. saran sola nazvan'ijə̈m... lə̈mə̈m... saran sola lə̈mə̈m puenə̈t....", "para_alignment": [{"off_start": 0, "off_end": 73, "para_id": 7696}]}, {"lang": 0, "words": [{"wtype": "punct", "wf": "1.7.", "off_start": 0, "off_end": 4, "next_word": 1}, {"wtype": "punct", "wf": "Это", "off_start": 5, "off_end": 8, "next_word": 2}, {"wtype": "punct", "wf": "то", "off_start": 9, "off_end": 11, "next_word": 3}, {"wtype": "punct", "wf": "есть", "off_start": 12, "off_end": 16, "next_word": 4}, {"wtype": "word", "wf": "nə̈nə̈", "ana": [{"parts": "nə̈nə̈", "gloss": "", "gloss_index": "", "lex": "nə̈nə̈", "trans_ru": "те", "gloss_ru": "те", "gloss_index_ru": "STEM{nə̈nə̈}-", "gr.pos": ["pro-form", "pro"]}], "off_start": 17, "off_end": 23, "next_word": 5, "sentence_index": 0, "sentence_index_neg": 11}, {"wtype": "word", "wf": "sirenə̈t", "ana": [{"parts": "sir-en-ə̈t", "gloss": "", "gloss_index": "", "lex": "sir", "trans_ru": "писать", "gloss_ru": "писать-PRET-3PL", "gloss_index_ru": "STEM{sir}-PRET{en}-3PL{ə̈t}-", "gr.pos": "v"}], "off_start": 24, "off_end": 32, "next_word": 6, "sentence_index": 1, "sentence_index_neg": 10}, {"wtype": "punct", "wf": "что", "off_start": 33, "off_end": 36, "next_word": 7, "sentence_index": 2, "sentence_index_neg": 9}, {"wtype": "word", "wf": "puenə̈t", "ana": [{"parts": "pu-en-ə̈t", "gloss": "", "gloss_index": "", "lex": "pu", "trans_ru": "давать", "gloss_ru": "давать-PRET-3PL", "gloss_index_ru": "STEM{pu}-PRET{en}-3PL{ə̈t}-", "gr.pos": "v"}], "off_start": 37, "off_end": 44, "next_word": 8, "sentence_index": 3, "sentence_index_neg": 8}, {"wtype": "punct", "wf": "...", "off_start": 44, "off_end": 47, "next_word": 9, "sentence_index": 4, "sentence_index_neg": 7}, {"wtype": "punct", "wf": "первопоселенец", "off_start": 48, "off_end": 62, "next_word": 10, "sentence_index": 5, "sentence_index_neg": 6}, {"wtype": "punct", "wf": "Саран", "off_start": 63, "off_end": 68, "next_word": 11, "sentence_index": 6, "sentence_index_neg": 5}, {"wtype": "punct", "wf": "...", "off_start": 68, "off_end": 71, "next_word": 12, "sentence_index": 7, "sentence_index_neg": 4}, {"wtype": "punct", "wf": "первопоселенец", "off_start": 72, "off_end": 86, "next_word": 13, "sentence_index": 8, "sentence_index_neg": 3}, {"wtype": "punct", "wf": "Саран", "off_start": 87, "off_end": 92, "next_word": 14, "sentence_index": 9, "sentence_index_neg": 2}, {"wtype": "word", "wf": "lə̈m", "ana": [{"parts": "lə̈m", "gloss": "", "gloss_index": "", "lex": "lə̈m", "trans_ru": "имя", "gloss_ru": "имя", "gloss_index_ru": "STEM{lə̈m}-", "gr.pos": "n"}], "off_start": 93, "off_end": 97, "next_word": 15, "sentence_index": 10, "sentence_index_neg": 1}, {"wtype": "word", "wf": "dono", "ana": [{"parts": "dono", "gloss": "", "gloss_index": "", "lex": "dono", "trans_ru": "с", "gloss_ru": "с", "gloss_index_ru": "STEM{dono}-", "gr.pos": "post"}], "off_start": 98, "off_end": 102, "next_word": 16, "sentence_index": 11, "sentence_index_neg": 0}, {"wtype": "punct", "wf": ".", "off_start": 102, "off_end": 103, "next_word": 17}], "text": "1.7. Это то есть nə̈nə̈ sirenə̈t что puenə̈t... первопоселенец Саран... первопоселенец Саран lə̈m dono.", "para_alignment": [{"off_start": 0, "off_end": 103, "para_id": 7697}]}, {"lang": 0, "words": [{"wtype": "punct", "wf": "1.8.", "off_start": 0, "off_end": 4, "next_word": 1}, {"wtype": "punct", "wf": "Но", "off_start": 5, "off_end": 7, "next_word": 2}, {"wtype": "punct", "wf": "и", "off_start": 8, "off_end": 9, "next_word": 3}, {"wtype": "word", "wf": "eče", "ana": [{"parts": "eče", "gloss": "", "gloss_index": "", "lex": "eče", "trans_ru": "еще", "gloss_ru": "еще", "gloss_index_ru": "STEM{eče}-", "gr.pos": "adv"}], "off_start": 10, "off_end": 13, "next_word": 4, "sentence_index": 0, "sentence_index_neg": 10}, {"wtype": "word", "wf": "sirenə̈t", "ana": [{"parts": "sir-en-ə̈t", "gloss": "", "gloss_index": "", "lex": "sir", "trans_ru": "писать", "gloss_ru": "писать-PRET-3PL", "gloss_index_ru": "STEM{sir}-PRET{en}-3PL{ə̈t}-", "gr.pos": "v"}], "off_start": 14, "off_end": 22, "next_word": 5, "sentence_index": 1, "sentence_index_neg": 9}, {"wtype": "punct", "wf": ",", "off_start": 22, "off_end": 23, "next_word": 6, "sentence_index": 2, "sentence_index_neg": 8}, {"wtype": "punct", "wf": "что", "off_start": 24, "off_end": 27, "next_word": 7, "sentence_index": 3, "sentence_index_neg": 7}, {"wtype": "punct", "wf": ",", "off_start": 27, "off_end": 28, "next_word": 8, "sentence_index": 4, "sentence_index_neg": 6}, {"wtype": "punct", "wf": "может", "off_start": 29, "off_end": 34, "next_word": 9, "sentence_index": 5, "sentence_index_neg": 5}, {"wtype": "punct", "wf": ",", "off_start": 34, "off_end": 35, "next_word": 10, "sentence_index": 6, "sentence_index_neg": 4}, {"wtype": "word", "wf": "särän", "ana": [{"parts": "särän", "gloss": "", "gloss_index": "", "lex": "särän", "trans_ru": "поляна", "gloss_ru": "поляна", "gloss_index_ru": "STEM{särän}-", "gr.pos": "n"}], "off_start": 36, "off_end": 41, "next_word": 11, "sentence_index": 7, "sentence_index_neg": 3}, {"wtype": "word", "wf": "šamak", "ana": [{"parts": "šamak", "gloss": "", "gloss_index": "", "lex": "šamak", "trans_ru": "слово", "gloss_ru": "слово", "gloss_index_ru": "STEM{šamak}-", "gr.pos": "n"}], "off_start": 42, "off_end": 47, "next_word": 12, "sentence_index": 8, "sentence_index_neg": 2}, {"wtype": "word", "wf": "gə̈c", "ana": [{"parts": "gə̈c", "gloss": "", "gloss_index": "", "lex": "gə̈c", "trans_ru": "EL", "gloss_ru": "EL", "gloss_index_ru": "STEM{gə̈c}-", "gr.pos": "post"}], "off_start": 48, "off_end": 52, "next_word": 13, "sentence_index": 9, "sentence_index_neg": 1}, {"wtype": "word", "wf": "läktə̈n", "ana": [{"parts": "läkt-ə̈n", "gloss": "", "gloss_index": "", "lex": "läkt", "trans_ru": "выходить", "gloss_ru": "выходить-PRET", "gloss_index_ru": "STEM{läkt}-PRET{ə̈n}-", "gr.pos": "v"}], "off_start": 53, "off_end": 60, "next_word": 14, "sentence_index": 10, "sentence_index_neg": 0}, {"wtype": "punct", "wf": ".", "off_start": 60, "off_end": 61, "next_word": 15}], "text": "1.8. Но и eče sirenə̈t, что, может, särän šamak gə̈c läktə̈n.", "para_alignment": [{"off_start": 0, "off_end": 61, "para_id": 7698}]}, {"lang": 0, "words": [{"wtype": "punct", "wf": "1.9.", "off_start": 0, "off_end": 4, "next_word": 1}, {"wtype": "word", "wf": "särän", "ana": [{"parts": "särän", "gloss": "", "gloss_index": "", "lex": "särän", "trans_ru": "поляна", "gloss_ru": "поляна", "gloss_index_ru": "STEM{särän}-", "gr.pos": "n"}], "off_start": 5, "off_end": 10, "next_word": 2, "sentence_index": 0, "sentence_index_neg": 4}, {"wtype": "punct", "wf": "...", "off_start": 10, "off_end": 13, "next_word": 3, "sentence_index": 1, "sentence_index_neg": 3}, {"wtype": "word", "wf": "tidə̈", "ana": [{"parts": "tidə̈", "gloss": "", "gloss_index": "", "lex": "tidə̈", "trans_ru": "этот", "gloss_ru": "этот", "gloss_index_ru": "STEM{tidə̈}-", "gr.pos": ["pro-form", "pro"]}], "off_start": 14, "off_end": 19, "next_word": 4, "sentence_index": 2, "sentence_index_neg": 2}, {"wtype": "punct", "wf": "значит", "off_start": 20, "off_end": 26, "next_word": 5, "sentence_index": 3, "sentence_index_neg": 1}, {"wtype": "word", "wf": "ə̑leš", "ana": [{"parts": "ə̑l-eš", "gloss": "", "gloss_index": "", "lex": "ə̑l", "trans_ru": "быть", "gloss_ru": "быть-NPST.3SG", "gloss_index_ru": "STEM{ə̑l}-NPST.3SG{eš}-", "gr.pos": "v"}], "off_start": 27, "off_end": 32, "next_word": 6, "sentence_index": 4, "sentence_index_neg": 0}, {"wtype": "punct", "wf": "поляна", "off_start": 33, "off_end": 39, "next_word": 7}, {"wtype": "punct", "wf": ".", "off_start": 39, "off_end": 40, "next_word": 8}], "text": "1.9. särän... tidə̈ значит ə̑leš поляна.", "para_alignment": [{"off_start": 0, "off_end": 40, "para_id": 7699}]}, {"lang": 0, "words": [{"wtype": "punct", "wf": "1.10.", "off_start": 0, "off_end": 5, "next_word": 1}, {"wtype": "word", "wf": "rušlaš", "ana": [{"parts": "ruš-la-š", "gloss": "", "gloss_index": "", "lex": "ruš", "trans_ru": "русский", "gloss_ru": "русский-SIM-ILL", "gloss_index_ru": "STEM{ruš}-SIM{la}-ILL{š}-", "gr.pos": "n"}], "off_start": 6, "off_end": 12, "next_word": 2, "sentence_index": 0, "sentence_index_neg": 1}, {"wtype": "word", "wf": "perevojalteš", "ana": [{"parts": "perevoj-alt-eš", "gloss": "", "gloss_index": "", "lex": "perevoj", "trans_ru": "переводить", "gloss_ru": "переводить-MED-NPST.3SG", "gloss_index_ru": "STEM{perevoj}-MED{alt}-NPST.3SG{eš}-", "gr.pos": "v"}], "off_start": 13, "off_end": 25, "next_word": 3, "sentence_index": 1, "sentence_index_neg": 0}, {"wtype": "punct", "wf": "как", "off_start": 26, "off_end": 29, "next_word": 4}, {"wtype": "punct", "wf": "поляна", "off_start": 30, "off_end": 36, "next_word": 5}, {"wtype": "punct", "wf": ".", "off_start": 36, "off_end": 37, "next_word": 6}], "text": "1.10. rušlaš perevojalteš как поляна.", "para_alignment": [{"off_start": 0, "off_end": 37, "para_id": 7700}]}, {"lang": 0, "words": [{"wtype": "punct", "wf": "1.11.", "off_start": 0, "off_end": 5, "next_word": 1}, {"wtype": "punct", "wf": "но", "off_start": 6, "off_end": 8, "next_word": 2}, {"wtype": "word", "wf": "mə̈n'", "ana": [{"parts": "mə̈n'", "gloss": "", "gloss_index": "", "lex": "mə̈n'", "trans_ru": "я", "gloss_ru": "я", "gloss_index_ru": "STEM{mə̈n'}-", "gr.pos": ["pro-form", "pro"]}], "off_start": 9, "off_end": 14, "next_word": 3, "sentence_index": 0, "sentence_index_neg": 30}, {"wtype": "punct", "wf": "...", "off_start": 14, "off_end": 17, "next_word": 4, "sentence_index": 1, "sentence_index_neg": 29}, {"wtype": "word", "wf": "ti", "ana": [{"parts": "ti", "gloss": "", "gloss_index": "", "lex": "ti", "trans_ru": "этот", "gloss_ru": "этот", "gloss_index_ru": "STEM{ti}-", "gr.pos": ["pro-form", "pro"]}], "off_start": 18, "off_end": 20, "next_word": 5, "sentence_index": 2, "sentence_index_neg": 28}, {"wtype": "punct", "wf": "...", "off_start": 20, "off_end": 23, "next_word": 6, "sentence_index": 3, "sentence_index_neg": 27}, {"wtype": "punct", "wf": "но", "off_start": 24, "off_end": 26, "next_word": 7, "sentence_index": 4, "sentence_index_neg": 26}, {"wtype": "word", "wf": "mə̈n'", "ana": [{"parts": "mə̈n'", "gloss": "", "gloss_index": "", "lex": "mə̈n'", "trans_ru": "я", "gloss_ru": "я", "gloss_index_ru": "STEM{mə̈n'}-", "gr.pos": ["pro-form", "pro"]}], "off_start": 27, "off_end": 32, "next_word": 8, "sentence_index": 5, "sentence_index_neg": 25}, {"wtype": "word", "wf": "ti", "ana": [{"parts": "ti", "gloss": "", "gloss_index": "", "lex": "ti", "trans_ru": "этот", "gloss_ru": "этот", "gloss_index_ru": "STEM{ti}-", "gr.pos": ["pro-form", "pro"]}], "off_start": 33, "off_end": 35, "next_word": 9, "sentence_index": 6, "sentence_index_neg": 24}, {"wtype": "punct", "wf": "...", "off_start": 35, "off_end": 38, "next_word": 10, "sentence_index": 7, "sentence_index_neg": 23}, {"wtype": "word", "wf": "ti", "ana": [{"parts": "ti", "gloss": "", "gloss_index": "", "lex": "ti", "trans_ru": "этот", "gloss_ru": "этот", "gloss_index_ru": "STEM{ti}-", "gr.pos": ["pro-form", "pro"]}], "off_start": 39, "off_end": 41, "next_word": 11, "sentence_index": 8, "sentence_index_neg": 22}, {"wtype": "word", "wf": "v'ers'i", "ana": [{"parts": "v'ers'i", "gloss": "", "gloss_index": "", "lex": "v'ers'i", "trans_ru": "версия", "gloss_ru": "версия", "gloss_index_ru": "STEM{v'ers'i}-", "gr.pos": "n"}], "off_start": 42, "off_end": 49, "next_word": 12, "sentence_index": 9, "sentence_index_neg": 21}, {"wtype": "word", "wf": "dono", "ana": [{"parts": "dono", "gloss": "", "gloss_index": "", "lex": "dono", "trans_ru": "с", "gloss_ru": "с", "gloss_index_ru": "STEM{dono}-", "gr.pos": "post"}], "off_start": 50, "off_end": 54, "next_word": 13, "sentence_index": 10, "sentence_index_neg": 20}, {"wtype": "word", "wf": "ə̑lam", "ana": [{"parts": "ə̑l-am", "gloss": "", "gloss_index": "", "lex": "ə̑l", "trans_ru": "быть", "gloss_ru": "быть-NPST.1SG", "gloss_index_ru": "STEM{ə̑l}-NPST.1SG{am}-", "gr.pos": "v"}], "off_start": 55, "off_end": 60, "next_word": 14, "sentence_index": 11, "sentence_index_neg": 19}, {"wtype": "punct", "wf": "...", "off_start": 60, "off_end": 63, "next_word": 15, "sentence_index": 12, "sentence_index_neg": 18}, {"wtype": "word", "wf": "ə̑lam", "ana": [{"parts": "ə̑l-am", "gloss": "", "gloss_index": "", "lex": "ə̑l", "trans_ru": "быть", "gloss_ru": "быть-NPST.1SG", "gloss_index_ru": "STEM{ə̑l}-NPST.1SG{am}-", "gr.pos": "v"}], "off_start": 64, "off_end": 69, "next_word": 16, "sentence_index": 13, "sentence_index_neg": 17}, {"wtype": "punct", "wf": "несогласен", "off_start": 70, "off_end": 80, "next_word": 17, "sentence_index": 14, "sentence_index_neg": 16}, {"wtype": "punct", "wf": ",", "off_start": 80, "off_end": 81, "next_word": 18, "sentence_index": 15, "sentence_index_neg": 15}, {"wtype": "punct", "wf": "так", "off_start": 82, "off_end": 85, "next_word": 19, "sentence_index": 16, "sentence_index_neg": 14}, {"wtype": "punct", "wf": "как", "off_start": 86, "off_end": 89, "next_word": 20, "sentence_index": 17, "sentence_index_neg": 13}, {"wtype": "punct", "wf": "...", "off_start": 89, "off_end": 92, "next_word": 21, "sentence_index": 18, "sentence_index_neg": 12}, {"wtype": "word", "wf": "tə̈", "ana": [{"parts": "tə̈", "gloss": "", "gloss_index": "", "lex": "tə̈", "trans_ru": "тот", "gloss_ru": "тот", "gloss_index_ru": "STEM{tə̈}-", "gr.pos": ["pro-form", "pro"]}], "off_start": 93, "off_end": 96, "next_word": 22, "sentence_index": 19, "sentence_index_neg": 11}, {"wtype": "word", "wf": "solaštə̑", "ana": [{"parts": "sola-štə̑", "gloss": "", "gloss_index": "", "lex": "sola", "trans_ru": "село", "gloss_ru": "село-IN", "gloss_index_ru": "STEM{sola}-IN{štə̑}-", "gr.pos": "n"}], "off_start": 97, "off_end": 105, "next_word": 23, "sentence_index": 20, "sentence_index_neg": 10}, {"wtype": "word", "wf": "ə̈lenə̈t", "ana": [{"parts": "ə̈l-en-ə̈t", "gloss": "", "gloss_index": "", "lex": "ə̈l", "trans_ru": "жить", "gloss_ru": "жить-PRET-3PL", "gloss_index_ru": "STEM{ə̈l}-PRET{en}-3PL{ə̈t}-", "gr.pos": "v"}], "off_start": 106, "off_end": 114, "next_word": 24, "sentence_index": 21, "sentence_index_neg": 9}, {"wtype": "word", "wf": "ə̑lə̑n", "ana": [{"parts": "ə̑lə̑n", "gloss": "", "gloss_index": "", "gloss_ru": "RETR2", "gloss_index_ru": "RETR2{ə̑lə̑n}-", "gr.pos": "prt"}], "off_start": 115, "off_end": 121, "next_word": 25, "sentence_index": 22, "sentence_index_neg": 8}, {"wtype": "punct", "wf": "...", "off_start": 121, "off_end": 124, "next_word": 26, "sentence_index": 23, "sentence_index_neg": 7}, {"wtype": "word", "wf": "šukə̑", "ana": [{"parts": "šukə̑", "gloss": "", "gloss_index": "", "lex": "šukə̑", "trans_ru": "много", "gloss_ru": "много", "gloss_index_ru": "STEM{šukə̑}-", "gr.pos": "adv"}], "off_start": 125, "off_end": 130, "next_word": 27, "sentence_index": 24, "sentence_index_neg": 6}, {"wtype": "word", "wf": "sarambaev", "ana": [{"parts": "sarambaev", "gloss": "", "gloss_index": "", "lex": "sarambaev", "trans_ru": "Сарамбаев", "gloss_ru": "Сарамбаев", "gloss_index_ru": "STEM{sarambaev}-", "gr.pos": "n"}], "off_start": 131, "off_end": 140, "next_word": 28, "sentence_index": 25, "sentence_index_neg": 5}, {"wtype": "word", "wf": "fam'il'iän", "ana": [{"parts": "fam'il'i-än", "gloss": "", "gloss_index": "", "lex": "fam'il'i", "trans_ru": "фамилия", "gloss_ru": "фамилия-PROP", "gloss_index_ru": "STEM{fam'il'i}-PROP{än}-", "gr.pos": "n"}], "off_start": 141, "off_end": 151, "next_word": 29, "sentence_index": 26, "sentence_index_neg": 4}, {"wtype": "word", "wf": "edemvlä", "ana": [{"parts": "edem-vlä", "gloss": "", "gloss_index": "", "lex": "edem", "trans_ru": "человек", "gloss_ru": "человек-PL", "gloss_index_ru": "STEM{edem}-PL{vlä}-", "gr.pos": "n"}], "off_start": 152, "off_end": 159, "next_word": 30, "sentence_index": 27, "sentence_index_neg": 3}, {"wtype": "word", "wf": "šukə̑n", "ana": [{"parts": "šukə̑-n", "gloss": "", "gloss_index": "", "lex": "šukə̑", "trans_ru": "много", "gloss_ru": "много-FULL", "gloss_index_ru": "STEM{šukə̑}-FULL{n}-", "gr.pos": "adv"}], "off_start": 160, "off_end": 166, "next_word": 31, "sentence_index": 28, "sentence_index_neg": 2}, {"wtype": "word", "wf": "ə̈lenə̈t", "ana": [{"parts": "ə̈l-en-ə̈t", "gloss": "", "gloss_index": "", "lex": "ə̈l", "trans_ru": "жить", "gloss_ru": "жить-PRET-3PL", "gloss_index_ru": "STEM{ə̈l}-PRET{en}-3PL{ə̈t}-", "gr.pos": "v"}], "off_start": 167, "off_end": 175, "next_word": 32, "sentence_index": 29, "sentence_index_neg": 1}, {"wtype": "word", "wf": "ə̑lə̑n", "ana": [{"parts": "ə̑lə̑n", "gloss": "", "gloss_index": "", "gloss_ru": "RETR2", "gloss_index_ru": "RETR2{ə̑lə̑n}-", "gr.pos": "prt"}], "off_start": 176, "off_end": 182, "next_word": 33, "sentence_index": 30, "sentence_index_neg": 0}, {"wtype": "punct", "wf": ".", "off_start": 182, "off_end": 183, "next_word": 34}], "text": "1.11. но mə̈n'... ti... но mə̈n' ti... ti v'ers'i dono ə̑lam... ə̑lam несогласен, так как... tə̈ solaštə̑ ə̈lenə̈t ə̑lə̑n... šukə̑ sarambaev fam'il'iän edemvlä šukə̑n ə̈lenə̈t ə̑lə̑n.", "para_alignment": [{"off_start": 0, "off_end": 183, "para_id": 7701}]}, {"lang": 0, "words": [{"wtype": "punct", "wf": "1.12.", "off_start": 0, "off_end": 5, "next_word": 1}, {"wtype": "word", "wf": "s'emjävlä", "ana": [{"parts": "s'emjä-vlä", "gloss": "", "gloss_index": "", "lex": "s'emjä", "trans_ru": "семья", "gloss_ru": "семья-PL", "gloss_index_ru": "STEM{s'emjä}-PL{vlä}-", "gr.pos": "n"}], "off_start": 6, "off_end": 15, "next_word": 2, "sentence_index": 0}, {"wtype": "punct", "wf": ".", "off_start": 15, "off_end": 16, "next_word": 3}], "text": "1.12. s'emjävlä.", "para_alignment": [{"off_start": 0, "off_end": 16, "para_id": 7702}]}, {"lang": 0, "words": [{"wtype": "punct", "wf": "1.13.", "off_start": 0, "off_end": 5, "next_word": 1}, {"wtype": "punct", "wf": "И", "off_start": 6, "off_end": 7, "next_word": 2}, {"wtype": "punct", "wf": "татарский", "off_start": 8, "off_end": 17, "next_word": 3}, {"wtype": "punct", "wf": "язык", "off_start": 18, "off_end": 22, "next_word": 4}, {"wtype": "word", "wf": "gə̈cə̈n", "ana": [{"parts": "gə̈c-ə̈n", "gloss": "", "gloss_index": "", "lex": "gə̈c", "trans_ru": "EL", "gloss_ru": "EL-FULL", "gloss_index_ru": "STEM{gə̈c}-FULL{ə̈n}-", "gr.pos": "post"}], "off_start": 23, "off_end": 30, "next_word": 5, "sentence_index": 0, "sentence_index_neg": 14}, {"wtype": "punct", "wf": "...", "off_start": 30, "off_end": 33, "next_word": 6, "sentence_index": 1, "sentence_index_neg": 13}, {"wtype": "punct", "wf": "татарский", "off_start": 34, "off_end": 43, "next_word": 7, "sentence_index": 2, "sentence_index_neg": 12}, {"wtype": "word", "wf": "jə̈lmə̈", "ana": [{"parts": "jə̈lmə̈", "gloss": "", "gloss_index": "", "lex": "jə̈lmə̈", "trans_ru": "язык", "gloss_ru": "язык", "gloss_index_ru": "STEM{jə̈lmə̈}-", "gr.pos": "n"}], "off_start": 44, "off_end": 51, "next_word": 8, "sentence_index": 3, "sentence_index_neg": 11}, {"wtype": "word", "wf": "gə̈cə̈n", "ana": [{"parts": "gə̈c-ə̈n", "gloss": "", "gloss_index": "", "lex": "gə̈c", "trans_ru": "EL", "gloss_ru": "EL-FULL", "gloss_index_ru": "STEM{gə̈c}-FULL{ə̈n}-", "gr.pos": "post"}], "off_start": 52, "off_end": 59, "next_word": 9, "sentence_index": 4, "sentence_index_neg": 10}, {"wtype": "word", "wf": "pälenäm", "ana": [{"parts": "päl-en-äm", "gloss": "", "gloss_index": "", "lex": "päl", "trans_ru": "знать", "gloss_ru": "знать-PRET-1SG", "gloss_index_ru": "STEM{päl}-PRET{en}-1SG{äm}-", "gr.pos": "v"}], "off_start": 60, "off_end": 67, "next_word": 10, "sentence_index": 5, "sentence_index_neg": 9}, {"wtype": "punct", "wf": ",", "off_start": 67, "off_end": 68, "next_word": 11, "sentence_index": 6, "sentence_index_neg": 8}, {"wtype": "punct", "wf": "что", "off_start": 69, "off_end": 72, "next_word": 12, "sentence_index": 7, "sentence_index_neg": 7}, {"wtype": "word", "wf": "šamak", "ana": [{"parts": "šamak", "gloss": "", "gloss_index": "", "lex": "šamak", "trans_ru": "слово", "gloss_ru": "слово", "gloss_index_ru": "STEM{šamak}-", "gr.pos": "n"}], "off_start": 73, "off_end": 78, "next_word": 13, "sentence_index": 8, "sentence_index_neg": 6}, {"wtype": "word", "wf": "saran", "ana": [{"parts": "saran", "gloss": "", "gloss_index": "", "lex": "saran", "trans_ru": "Сараново", "gloss_ru": "Сараново", "gloss_index_ru": "STEM{saran}-", "gr.pos": "n"}], "off_start": 79, "off_end": 84, "next_word": 14, "sentence_index": 9, "sentence_index_neg": 5}, {"wtype": "word", "wf": "ti", "ana": [{"parts": "ti", "gloss": "", "gloss_index": "", "lex": "ti", "trans_ru": "этот", "gloss_ru": "этот", "gloss_index_ru": "STEM{ti}-", "gr.pos": ["pro-form", "pro"]}], "off_start": 85, "off_end": 87, "next_word": 15, "sentence_index": 10, "sentence_index_neg": 4}, {"wtype": "word", "wf": "toleš", "ana": [{"parts": "tol-eš", "gloss": "", "gloss_index": "", "lex": "tol", "trans_ru": "приходить", "gloss_ru": "приходить-NPST.3SG", "gloss_index_ru": "STEM{tol}-NPST.3SG{eš}-", "gr.pos": "v"}], "off_start": 88, "off_end": 93, "next_word": 16, "sentence_index": 11, "sentence_index_neg": 3}, {"wtype": "punct", "wf": "...", "off_start": 93, "off_end": 96, "next_word": 17, "sentence_index": 12, "sentence_index_neg": 2}, {"wtype": "word", "wf": "rušlaš", "ana": [{"parts": "ruš-la-š", "gloss": "", "gloss_index": "", "lex": "ruš", "trans_ru": "русский", "gloss_ru": "русский-SIM-ILL", "gloss_index_ru": "STEM{ruš}-SIM{la}-ILL{š}-", "gr.pos": "n"}], "off_start": 97, "off_end": 103, "next_word": 18, "sentence_index": 13, "sentence_index_neg": 1}, {"wtype": "word", "wf": "perevojalteš", "ana": [{"parts": "perevoj-alt-eš", "gloss": "", "gloss_index": "", "lex": "perevoj", "trans_ru": "переводить", "gloss_ru": "переводить-MED-NPST.3SG", "gloss_index_ru": "STEM{perevoj}-MED{alt}-NPST.3SG{eš}-", "gr.pos": "v"}], "off_start": 104, "off_end": 116, "next_word": 19, "sentence_index": 14, "sentence_index_neg": 0}, {"wtype": "punct", "wf": "как", "off_start": 117, "off_end": 120, "next_word": 20}, {"wtype": "punct", "wf": "скупой", "off_start": 121, "off_end": 127, "next_word": 21}, {"wtype": "punct", "wf": ".", "off_start": 127, "off_end": 128, "next_word": 22}], "text": "1.13. И татарский язык gə̈cə̈n... татарский jə̈lmə̈ gə̈cə̈n pälenäm, что šamak saran ti toleš... rušlaš perevojalteš как скупой.", "para_alignment": [{"off_start": 0, "off_end": 128, "para_id": 7703}]}, {"lang": 0, "words": [{"wtype": "punct", "wf": "1.14.", "off_start": 0, "off_end": 5, "next_word": 1}, {"wtype": "punct", "wf": "И", "off_start": 6, "off_end": 7, "next_word": 2}, {"wtype": "punct", "wf": "получается", "off_start": 8, "off_end": 18, "next_word": 3}, {"wtype": "punct", "wf": ",", "off_start": 18, "off_end": 19, "next_word": 4}, {"wtype": "punct", "wf": "что", "off_start": 20, "off_end": 23, "next_word": 5}, {"wtype": "punct", "wf": "фамилия", "off_start": 24, "off_end": 31, "next_word": 6}, {"wtype": "punct", "wf": "Саран", "off_start": 32, "off_end": 37, "next_word": 7}, {"wtype": "punct", "wf": "...", "off_start": 37, "off_end": 40, "next_word": 8}, {"wtype": "punct", "wf": "Сарамбаев", "off_start": 41, "off_end": 50, "next_word": 9}, {"wtype": "word", "wf": "ə̑lə̑n", "ana": [{"parts": "ə̑l-ə̑n", "gloss": "", "gloss_index": "", "lex": "ə̑l", "trans_ru": "быть", "gloss_ru": "быть-PRET", "gloss_index_ru": "STEM{ə̑l}-PRET{ə̑n}-", "gr.pos": ["v", "prt"]}], "off_start": 51, "off_end": 57, "next_word": 10, "sentence_index": 0, "sentence_index_neg": 1}, {"wtype": "word", "wf": "pə̈täriok", "ana": [{"parts": "pə̈täri=ok", "gloss": "", "gloss_index": "", "lex": "pə̈täri", "trans_ru": "сначала", "gloss_ru": "сначала=EMPH", "gloss_index_ru": "STEM{pə̈täri}-EMPH{ok}-", "gr.pos": "adv"}], "off_start": 58, "off_end": 67, "next_word": 11, "sentence_index": 1, "sentence_index_neg": 0}, {"wtype": "punct", "wf": "как", "off_start": 68, "off_end": 71, "next_word": 12}, {"wtype": "punct", "wf": "Саранбаев", "off_start": 72, "off_end": 81, "next_word": 13}, {"wtype": "punct", "wf": ".", "off_start": 81, "off_end": 82, "next_word": 14}], "text": "1.14. И получается, что фамилия Саран... Сарамбаев ə̑lə̑n pə̈täriok как Саранбаев.", "para_alignment": [{"off_start": 0, "off_end": 82, "para_id": 7704}]}, {"lang": 0, "words": [{"wtype": "punct", "wf": "1.15.", "off_start": 0, "off_end": 5, "next_word": 1}, {"wtype": "punct", "wf": "От", "off_start": 6, "off_end": 8, "next_word": 2}, {"wtype": "punct", "wf": "первопоселенца", "off_start": 9, "off_end": 23, "next_word": 3}, {"wtype": "punct", "wf": "или", "off_start": 24, "off_end": 27, "next_word": 4}, {"wtype": "punct", "wf": "...", "off_start": 27, "off_end": 30, "next_word": 5}, {"wtype": "punct", "wf": ".", "off_start": 30, "off_end": 31, "next_word": 6}], "text": "1.15. От первопоселенца или....", "para_alignment": [{"off_start": 0, "off_end": 31, "para_id": 7705}]}, {"lang": 0, "words": [{"wtype": "punct", "wf": "1.16.", "off_start": 0, "off_end": 5, "next_word": 1}, {"wtype": "word", "wf": "ə̈lə̈šə̈", "ana": [{"parts": "ə̈lə̈-šə̈", "gloss": "", "gloss_index": "", "lex": "ə̈lə̈", "trans_ru": "жить", "gloss_ru": "жить-PTCP.ACT", "gloss_index_ru": "STEM{ə̈lə̈}-PTCP.ACT{šə̈}-", "gr.pos": "v"}], "off_start": 6, "off_end": 14, "next_word": 2, "sentence_index": 0, "sentence_index_neg": 6}, {"wtype": "word", "wf": "edem", "ana": [{"parts": "edem", "gloss": "", "gloss_index": "", "lex": "edem", "trans_ru": "человек", "gloss_ru": "человек", "gloss_index_ru": "STEM{edem}-", "gr.pos": "n"}], "off_start": 15, "off_end": 19, "next_word": 3, "sentence_index": 1, "sentence_index_neg": 5}, {"wtype": "word", "wf": "ə̑lə̑nə̑t", "ana": [{"parts": "ə̑l-ə̑n-ə̑t", "gloss": "", "gloss_index": "", "lex": "ə̑l", "trans_ru": "быть", "gloss_ru": "быть-PRET-3PL", "gloss_index_ru": "STEM{ə̑l}-PRET{ə̑n}-3PL{ə̑t}-", "gr.pos": "v"}], "off_start": 20, "off_end": 29, "next_word": 4, "sentence_index": 2, "sentence_index_neg": 4}, {"wtype": "punct", "wf": "...", "off_start": 29, "off_end": 32, "next_word": 5, "sentence_index": 3, "sentence_index_neg": 3}, {"wtype": "word", "wf": "ə̑lə̑nə̑t", "ana": [{"parts": "ə̑l-ə̑n-ə̑t", "gloss": "", "gloss_index": "", "lex": "ə̑l", "trans_ru": "быть", "gloss_ru": "быть-PRET-3PL", "gloss_index_ru": "STEM{ə̑l}-PRET{ə̑n}-3PL{ə̑t}-", "gr.pos": "v"}], "off_start": 33, "off_end": 42, "next_word": 6, "sentence_index": 4, "sentence_index_neg": 2}, {"wtype": "word", "wf": "tə̈näm", "ana": [{"parts": "tə̈näm", "gloss": "", "gloss_index": "", "lex": "tə̈näm", "trans_ru": "тогда", "gloss_ru": "тогда", "gloss_index_ru": "STEM{tə̈näm}-", "gr.pos": "pro-form"}], "off_start": 43, "off_end": 49, "next_word": 7, "sentence_index": 5, "sentence_index_neg": 1}, {"wtype": "word", "wf": "gosudarstvə̑vlä", "ana": [{"parts": "gosudarstvə̑-vlä", "gloss": "", "gloss_index": "", "lex": "gosudarstvə̑", "trans_ru": "государство", "gloss_ru": "государство-PL", "gloss_index_ru": "STEM{gosudarstvə̑}-PL{vlä}-", "gr.pos": "n"}], "off_start": 50, "off_end": 65, "next_word": 8, "sentence_index": 6, "sentence_index_neg": 0}, {"wtype": "punct", "wf": ":", "off_start": 66, "off_end": 67, "next_word": 9}, {"wtype": "punct", "wf": "Волжская", "off_start": 68, "off_end": 76, "next_word": 10}, {"wtype": "punct", "wf": "Булгария", "off_start": 77, "off_end": 85, "next_word": 11}, {"wtype": "punct", "wf": ",", "off_start": 85, "off_end": 86, "next_word": 12}, {"wtype": "punct", "wf": "Золотая", "off_start": 87, "off_end": 94, "next_word": 13}, {"wtype": "punct", "wf": "Орда", "off_start": 95, "off_end": 99, "next_word": 14}, {"wtype": "punct", "wf": ",", "off_start": 99, "off_end": 100, "next_word": 15}, {"wtype": "punct", "wf": "Крымское", "off_start": 101, "off_end": 109, "next_word": 16}, {"wtype": "punct", "wf": "Ханство", "off_start": 110, "off_end": 117, "next_word": 17}, {"wtype": "punct", "wf": ".", "off_start": 117, "off_end": 118, "next_word": 18}], "text": "1.16. ə̈lə̈šə̈ edem ə̑lə̑nə̑t... ə̑lə̑nə̑t tə̈näm gosudarstvə̑vlä : Волжская Булгария, Золотая Орда, Крымское Ханство.", "para_alignment": [{"off_start": 0, "off_end": 118, "para_id": 7706}]}, {"lang": 0, "words": [{"wtype": "punct", "wf": "1.17.", "off_start": 0, "off_end": 5, "next_word": 1}, {"wtype": "word", "wf": "tə̈", "ana": [{"parts": "tə̈", "gloss": "", "gloss_index": "", "lex": "tə̈", "trans_ru": "тот", "gloss_ru": "тот", "gloss_index_ru": "STEM{tə̈}-", "gr.pos": ["pro-form", "pro"]}], "off_start": 6, "off_end": 9, "next_word": 2, "sentence_index": 0, "sentence_index_neg": 7}, {"wtype": "punct", "wf": "...", "off_start": 9, "off_end": 12, "next_word": 3, "sentence_index": 1, "sentence_index_neg": 6}, {"wtype": "word", "wf": "tə̈", "ana": [{"parts": "tə̈", "gloss": "", "gloss_index": "", "lex": "tə̈", "trans_ru": "тот", "gloss_ru": "тот", "gloss_index_ru": "STEM{tə̈}-", "gr.pos": ["pro-form", "pro"]}], "off_start": 13, "off_end": 16, "next_word": 4, "sentence_index": 2, "sentence_index_neg": 5}, {"wtype": "word", "wf": "veremän", "ana": [{"parts": "veremä-n", "gloss": "", "gloss_index": "", "lex": "veremä", "trans_ru": "время", "gloss_ru": "время-GEN", "gloss_index_ru": "STEM{veremä}-GEN{n}-", "gr.pos": "n"}], "off_start": 17, "off_end": 24, "next_word": 5, "sentence_index": 3, "sentence_index_neg": 4}, {"wtype": "word", "wf": "ə̈lenə̈t", "ana": [{"parts": "ə̈l-en-ə̈t", "gloss": "", "gloss_index": "", "lex": "ə̈l", "trans_ru": "жить", "gloss_ru": "жить-PRET-3PL", "gloss_index_ru": "STEM{ə̈l}-PRET{en}-3PL{ə̈t}-", "gr.pos": "v"}], "off_start": 25, "off_end": 33, "next_word": 6, "sentence_index": 4, "sentence_index_neg": 3}, {"wtype": "word", "wf": "ə̑lə̑n", "ana": [{"parts": "ə̑lə̑n", "gloss": "", "gloss_index": "", "gloss_ru": "RETR2", "gloss_index_ru": "RETR2{ə̑lə̑n}-", "gr.pos": "prt"}], "off_start": 34, "off_end": 40, "next_word": 7, "sentence_index": 5, "sentence_index_neg": 2}, {"wtype": "punct", "wf": "тюркоязычный", "off_start": 41, "off_end": 53, "next_word": 8, "sentence_index": 6, "sentence_index_neg": 1}, {"wtype": "word", "wf": "edemvlä", "ana": [{"parts": "edem-vlä", "gloss": "", "gloss_index": "", "lex": "edem", "trans_ru": "человек", "gloss_ru": "человек-PL", "gloss_index_ru": "STEM{edem}-PL{vlä}-", "gr.pos": "n"}], "off_start": 54, "off_end": 61, "next_word": 9, "sentence_index": 7, "sentence_index_neg": 0}, {"wtype": "punct", "wf": ".", "off_start": 61, "off_end": 62, "next_word": 10}], "text": "1.17. tə̈... tə̈ veremän ə̈lenə̈t ə̑lə̑n тюркоязычный edemvlä.", "para_alignment": [{"off_start": 0, "off_end": 62, "para_id": 7707}]}, {"lang": 0, "words": [{"wtype": "punct", "wf": "1.18.", "off_start": 0, "off_end": 5, "next_word": 1}, {"wtype": "word", "wf": "i", "ana": [{"parts": "i", "gloss": "", "gloss_index": "", "lex": "i", "trans_ru": "и", "gloss_ru": "и", "gloss_index_ru": "STEM{i}-", "gr.pos": "coordconn"}], "off_start": 6, "off_end": 7, "next_word": 2, "sentence_index": 0, "sentence_index_neg": 3}, {"wtype": "word", "wf": "tə̈šecə̈n", "ana": [{"parts": "tə̈-šec-ə̈n", "gloss": "", "gloss_index": "", "lex": "tə̈", "trans_ru": "тот", "gloss_ru": "тот-EL-FULL", "gloss_index_ru": "STEM{tə̈}-EL{šec}-FULL{ə̈n}-", "gr.pos": "pro-form"}], "off_start": 8, "off_end": 17, "next_word": 3, "sentence_index": 1, "sentence_index_neg": 2}, {"wtype": "word", "wf": "lin", "ana": [{"parts": "li-n", "gloss": "", "gloss_index": "", "lex": "li", "trans_ru": "становиться", "gloss_ru": "становиться-PRET", "gloss_index_ru": "STEM{li}-PRET{n}-", "gr.pos": "v"}], "off_start": 18, "off_end": 21, "next_word": 4, "sentence_index": 2, "sentence_index_neg": 1}, {"wtype": "word", "wf": "šamak", "ana": [{"parts": "šamak", "gloss": "", "gloss_index": "", "lex": "šamak", "trans_ru": "слово", "gloss_ru": "слово", "gloss_index_ru": "STEM{šamak}-", "gr.pos": "n"}], "off_start": 22, "off_end": 27, "next_word": 5, "sentence_index": 3, "sentence_index_neg": 0}, {"wtype": "punct", "wf": "saran", "off_start": 28, "off_end": 33, "next_word": 6}, {"wtype": "punct", "wf": "...", "off_start": 33, "off_end": 36, "next_word": 7}, {"wtype": "punct", "wf": "saran", "off_start": 37, "off_end": 42, "next_word": 8}, {"wtype": "punct", "wf": "baj", "off_start": 43, "off_end": 46, "next_word": 9}, {"wtype": "punct", "wf": ",", "off_start": 46, "off_end": 47, "next_word": 10}, {"wtype": "punct", "wf": "то", "off_start": 48, "off_end": 50, "next_word": 11}, {"wtype": "punct", "wf": "есть", "off_start": 51, "off_end": 55, "next_word": 12}, {"wtype": "punct", "wf": "скупой", "off_start": 56, "off_end": 62, "next_word": 13}, {"wtype": "punct", "wf": "бай", "off_start": 63, "off_end": 66, "next_word": 14}, {"wtype": "punct", "wf": ".", "off_start": 66, "off_end": 67, "next_word": 15}], "text": "1.18. i tə̈šecə̈n lin šamak saran... saran baj, то есть скупой бай.", "para_alignment": [{"off_start": 0, "off_end": 67, "para_id": 7708}]}, {"lang": 0, "words": [{"wtype": "punct", "wf": "1.19.", "off_start": 0, "off_end": 5, "next_word": 1}, {"wtype": "punct", "wf": "Со", "off_start": 6, "off_end": 8, "next_word": 2}, {"wtype": "punct", "wf": "временем", "off_start": 9, "off_end": 17, "next_word": 3}, {"wtype": "punct", "wf": ",", "off_start": 17, "off_end": 18, "next_word": 4}, {"wtype": "word", "wf": "žepə̈štə̈", "ana": [{"parts": "žep-ə̈štə̈", "gloss": "", "gloss_index": "", "lex": "žep", "trans_ru": "время", "gloss_ru": "время-IN", "gloss_index_ru": "STEM{žep}-IN{ə̈štə̈}-", "gr.pos": "n"}], "off_start": 19, "off_end": 28, "next_word": 5, "sentence_index": 0, "sentence_index_neg": 17}, {"wtype": "punct", "wf": ",", "off_start": 28, "off_end": 29, "next_word": 6, "sentence_index": 1, "sentence_index_neg": 16}, {"wtype": "punct", "wf": "так", "off_start": 30, "off_end": 33, "next_word": 7, "sentence_index": 2, "sentence_index_neg": 15}, {"wtype": "punct", "wf": "как", "off_start": 34, "off_end": 37, "next_word": 8, "sentence_index": 3, "sentence_index_neg": 14}, {"wtype": "word", "wf": "tə̈", "ana": [{"parts": "tə̈", "gloss": "", "gloss_index": "", "lex": "tə̈", "trans_ru": "тот", "gloss_ru": "тот", "gloss_index_ru": "STEM{tə̈}-", "gr.pos": ["pro-form", "pro"]}], "off_start": 38, "off_end": 41, "next_word": 9, "sentence_index": 4, "sentence_index_neg": 13}, {"wtype": "word", "wf": "solaštə̑", "ana": [{"parts": "sola-štə̑", "gloss": "", "gloss_index": "", "lex": "sola", "trans_ru": "село", "gloss_ru": "село-IN", "gloss_index_ru": "STEM{sola}-IN{štə̑}-", "gr.pos": "n"}], "off_start": 42, "off_end": 50, "next_word": 10, "sentence_index": 5, "sentence_index_neg": 12}, {"wtype": "word", "wf": "ə̈lenə̈t", "ana": [{"parts": "ə̈l-en-ə̈t", "gloss": "", "gloss_index": "", "lex": "ə̈l", "trans_ru": "жить", "gloss_ru": "жить-PRET-3PL", "gloss_index_ru": "STEM{ə̈l}-PRET{en}-3PL{ə̈t}-", "gr.pos": "v"}], "off_start": 51, "off_end": 59, "next_word": 11, "sentence_index": 6, "sentence_index_neg": 11}, {"wtype": "word", "wf": "šukə̑", "ana": [{"parts": "šukə̑", "gloss": "", "gloss_index": "", "lex": "šukə̑", "trans_ru": "много", "gloss_ru": "много", "gloss_index_ru": "STEM{šukə̑}-", "gr.pos": "adv"}], "off_start": 60, "off_end": 65, "next_word": 12, "sentence_index": 7, "sentence_index_neg": 10}, {"wtype": "word", "wf": "fam'il'iän", "ana": [{"parts": "fam'il'i-än", "gloss": "", "gloss_index": "", "lex": "fam'il'i", "trans_ru": "фамилия", "gloss_ru": "фамилия-PROP", "gloss_index_ru": "STEM{fam'il'i}-PROP{än}-", "gr.pos": "n"}], "off_start": 66, "off_end": 76, "next_word": 13, "sentence_index": 8, "sentence_index_neg": 9}, {"wtype": "word", "wf": "sarambaevvlä", "ana": [{"parts": "sarambaev-vlä", "gloss": "", "gloss_index": "", "lex": "sarambaev", "trans_ru": "Сарамбаев", "gloss_ru": "Сарамбаев-PL", "gloss_index_ru": "STEM{sarambaev}-PL{vlä}-", "gr.pos": "n"}], "off_start": 77, "off_end": 89, "next_word": 14, "sentence_index": 9, "sentence_index_neg": 8}, {"wtype": "punct", "wf": ",", "off_start": 89, "off_end": 90, "next_word": 15, "sentence_index": 10, "sentence_index_neg": 7}, {"wtype": "word", "wf": "i", "ana": [{"parts": "i", "gloss": "", "gloss_index": "", "lex": "i", "trans_ru": "и", "gloss_ru": "и", "gloss_index_ru": "STEM{i}-", "gr.pos": "coordconn"}], "off_start": 91, "off_end": 92, "next_word": 16, "sentence_index": 11, "sentence_index_neg": 6}, {"wtype": "word", "wf": "tə̈šecə̈n", "ana": [{"parts": "tə̈-šec-ə̈n", "gloss": "", "gloss_index": "", "lex": "tə̈", "trans_ru": "тот", "gloss_ru": "тот-EL-FULL", "gloss_index_ru": "STEM{tə̈}-EL{šec}-FULL{ə̈n}-", "gr.pos": "pro-form"}], "off_start": 93, "off_end": 102, "next_word": 17, "sentence_index": 12, "sentence_index_neg": 5}, {"wtype": "word", "wf": "solažat", "ana": [{"parts": "sola-ž=at", "gloss": "", "gloss_index": "", "lex": "sola", "trans_ru": "село", "gloss_ru": "село-POSS.3SG=ADD", "gloss_index_ru": "STEM{sola}-POSS.3SG{ž}-ADD{at}-", "gr.pos": "n"}], "off_start": 103, "off_end": 110, "next_word": 18, "sentence_index": 13, "sentence_index_neg": 4}, {"wtype": "word", "wf": "lin", "ana": [{"parts": "li-n", "gloss": "", "gloss_index": "", "lex": "li", "trans_ru": "становиться", "gloss_ru": "становиться-CVB", "gloss_index_ru": "STEM{li}-CVB{n}-", "gr.pos": "v"}], "off_start": 111, "off_end": 114, "next_word": 19, "sentence_index": 14, "sentence_index_neg": 3}, {"wtype": "word", "wf": "šə̈nzə̈n", "ana": [{"parts": "šə̈nz-ə̈n", "gloss": "", "gloss_index": "", "lex": "šə̈nz", "trans_ru": "садиться", "gloss_ru": "садиться-PRET", "gloss_index_ru": "STEM{šə̈nz}-PRET{ə̈n}-", "gr.pos": "v"}], "off_start": 115, "off_end": 123, "next_word": 20, "sentence_index": 15, "sentence_index_neg": 2}, {"wtype": "word", "wf": "saran", "ana": [{"parts": "saran", "gloss": "", "gloss_index": "", "lex": "saran", "trans_ru": "Сараново", "gloss_ru": "Сараново", "gloss_index_ru": "STEM{saran}-", "gr.pos": "n"}], "off_start": 124, "off_end": 129, "next_word": 21, "sentence_index": 16, "sentence_index_neg": 1}, {"wtype": "word", "wf": "sola", "ana": [{"parts": "sola", "gloss": "", "gloss_index": "", "lex": "sola", "trans_ru": "село", "gloss_ru": "село", "gloss_index_ru": "STEM{sola}-", "gr.pos": "n"}], "off_start": 130, "off_end": 134, "next_word": 22, "sentence_index": 17, "sentence_index_neg": 0}, {"wtype": "punct", "wf": ".", "off_start": 134, "off_end": 135, "next_word": 23}], "text": "1.19. Со временем, žepə̈štə̈, так как tə̈ solaštə̑ ə̈lenə̈t šukə̑ fam'il'iän sarambaevvlä, i tə̈šecə̈n solažat lin šə̈nzə̈n saran sola.", "para_alignment": [{"off_start": 0, "off_end": 135, "para_id": 7709}], "last": true}, {"lang": 1, "words": [{"off_start": 0, "wf": "Значит", "wtype": "word", "off_end": 6, "next_word": 1, "sentence_index": 0, "sentence_index_neg": 8}, {"off_start": 6, "wf": ",", "wtype": "punct", "off_end": 7, "next_word": 2, "sentence_index": 1, "sentence_index_neg": 7}, {"off_start": 8, "wf": "выпустили", "wtype": "word", "off_end": 17, "next_word": 3, "sentence_index": 2, "sentence_index_neg": 6}, {"off_start": 18, "wf": "книгу", "wtype": "word", "off_end": 23, "next_word": 4, "sentence_index": 3, "sentence_index_neg": 5}, {"off_start": 23, "wf": ",", "wtype": "punct", "off_end": 24, "next_word": 5, "sentence_index": 4, "sentence_index_neg": 4}, {"off_start": 25, "wf": "называется", "wtype": "word", "off_end": 35, "next_word": 6, "sentence_index": 5, "sentence_index_neg": 3}, {"off_start": 36, "wf": "«", "wtype": "punct", "off_end": 37, "next_word": 7, "sentence_index": 6, "sentence_index_neg": 2}, {"off_start": 37, "wf": "История", "wtype": "word", "off_end": 44, "next_word": 8, "sentence_index": 7, "sentence_index_neg": 1}, {"off_start": 45, "wf": "создания", "wtype": "word", "off_end": 53, "next_word": 9, "sentence_index": 8, "sentence_index_neg": 0}, {"off_start": 53, "wf": "»...", "wtype": "punct", "off_end": 57, "next_word": 10}], "text": "Значит, выпустили книгу, называется «История создания»...", "para_alignment": [{"off_start": 0, "off_end": 57, "para_id": 7691}]}, {"lang": 1, "words": [{"off_start": 0, "wf": "\"", "wtype": "punct", "off_end": 1, "next_word": 1}, {"off_start": 1, "wf": "История", "wtype": "word", "off_end": 8, "next_word": 2, "sentence_index": 0, "sentence_index_neg": 11}, {"off_start": 8, "wf": "»...", "wtype": "punct", "off_end": 12, "next_word": 3, "sentence_index": 1, "sentence_index_neg": 10}, {"off_start": 13, "wf": "ну", "wtype": "word", "off_end": 15, "next_word": 4, "sentence_index": 2, "sentence_index_neg": 9}, {"off_start": 16, "wf": "«", "wtype": "punct", "off_end": 17, "next_word": 5, "sentence_index": 3, "sentence_index_neg": 8}, {"off_start": 17, "wf": "История", "wtype": "word", "off_end": 24, "next_word": 6, "sentence_index": 4, "sentence_index_neg": 7}, {"off_start": 25, "wf": "образования", "wtype": "word", "off_end": 36, "next_word": 7, "sentence_index": 5, "sentence_index_neg": 6}, {"off_start": 37, "wf": "деревень", "wtype": "word", "off_end": 45, "next_word": 8, "sentence_index": 6, "sentence_index_neg": 5}, {"off_start": 46, "wf": "Горномарийского", "wtype": "word", "off_end": 61, "next_word": 9, "sentence_index": 7, "sentence_index_neg": 4}, {"off_start": 62, "wf": "района", "wtype": "word", "off_end": 68, "next_word": 10, "sentence_index": 8, "sentence_index_neg": 3}, {"off_start": 68, "wf": "»", "wtype": "punct", "off_end": 69, "next_word": 11, "sentence_index": 9, "sentence_index_neg": 2}, {"off_start": 70, "wf": "называется", "wtype": "word", "off_end": 80, "next_word": 12, "sentence_index": 10, "sentence_index_neg": 1}, {"off_start": 81, "wf": "книга", "wtype": "word", "off_end": 86, "next_word": 13, "sentence_index": 11, "sentence_index_neg": 0}, {"off_start": 86, "wf": ".", "wtype": "punct", "off_end": 87, "next_word": 14}], "text": "\"История»... ну «История образования деревень Горномарийского района» называется книга.", "para_alignment": [{"off_start": 0, "off_end": 87, "para_id": 7692}]}, {"lang": 1, "words": [{"off_start": 0, "wf": "И", "wtype": "word", "off_end": 1, "next_word": 1, "sentence_index": 0, "sentence_index_neg": 9}, {"off_start": 2, "wf": "работали", "wtype": "word", "off_end": 10, "next_word": 2, "sentence_index": 1, "sentence_index_neg": 8}, {"off_start": 11, "wf": "работники", "wtype": "word", "off_end": 20, "next_word": 3, "sentence_index": 2, "sentence_index_neg": 7}, {"off_start": 20, "wf": "...", "wtype": "punct", "off_end": 23, "next_word": 4, "sentence_index": 3, "sentence_index_neg": 6}, {"off_start": 24, "wf": "Горномарийского", "wtype": "word", "off_end": 39, "next_word": 5, "sentence_index": 4, "sentence_index_neg": 5}, {"off_start": 40, "wf": "муниципального", "wtype": "word", "off_end": 54, "next_word": 6, "sentence_index": 5, "sentence_index_neg": 4}, {"off_start": 55, "wf": "образования", "wtype": "word", "off_end": 66, "next_word": 7, "sentence_index": 6, "sentence_index_neg": 3}, {"off_start": 66, "wf": "...", "wtype": "punct", "off_end": 69, "next_word": 8, "sentence_index": 7, "sentence_index_neg": 2}, {"off_start": 70, "wf": "Горномарийский", "wtype": "word", "off_end": 84, "next_word": 9, "sentence_index": 8, "sentence_index_neg": 1}, {"off_start": 85, "wf": "район", "wtype": "word", "off_end": 90, "next_word": 10, "sentence_index": 9, "sentence_index_neg": 0}, {"off_start": 90, "wf": ".", "wtype": "punct", "off_end": 91, "next_word": 11}], "text": "И работали работники... Горномарийского муниципального образования... Горномарийский район.", "para_alignment": [{"off_start": 0, "off_end": 91, "para_id": 7693}]}, {"lang": 1, "words": [{"off_start": 0, "wf": "В", "wtype": "word", "off_end": 1, "next_word": 1, "sentence_index": 0, "sentence_index_neg": 12}, {"off_start": 2, "wf": "этой", "wtype": "word", "off_end": 6, "next_word": 2, "sentence_index": 1, "sentence_index_neg": 11}, {"off_start": 7, "wf": "книге", "wtype": "word", "off_end": 12, "next_word": 3, "sentence_index": 2, "sentence_index_neg": 10}, {"off_start": 13, "wf": "написано", "wtype": "word", "off_end": 21, "next_word": 4, "sentence_index": 3, "sentence_index_neg": 9}, {"off_start": 21, "wf": ",", "wtype": "punct", "off_end": 22, "next_word": 5, "sentence_index": 4, "sentence_index_neg": 8}, {"off_start": 23, "wf": "откуда", "wtype": "word", "off_end": 29, "next_word": 6, "sentence_index": 5, "sentence_index_neg": 7}, {"off_start": 29, "wf": "...", "wtype": "punct", "off_end": 32, "next_word": 7, "sentence_index": 6, "sentence_index_neg": 6}, {"off_start": 33, "wf": "откуда", "wtype": "word", "off_end": 39, "next_word": 8, "sentence_index": 7, "sentence_index_neg": 5}, {"off_start": 39, "wf": "...", "wtype": "punct", "off_end": 42, "next_word": 9, "sentence_index": 8, "sentence_index_neg": 4}, {"off_start": 43, "wf": "откуда", "wtype": "word", "off_end": 49, "next_word": 10, "sentence_index": 9, "sentence_index_neg": 3}, {"off_start": 50, "wf": "появились", "wtype": "word", "off_end": 59, "next_word": 11, "sentence_index": 10, "sentence_index_neg": 2}, {"off_start": 60, "wf": "названия", "wtype": "word", "off_end": 68, "next_word": 12, "sentence_index": 11, "sentence_index_neg": 1}, {"off_start": 69, "wf": "деревень", "wtype": "word", "off_end": 77, "next_word": 13, "sentence_index": 12, "sentence_index_neg": 0}, {"off_start": 77, "wf": ".", "wtype": "punct", "off_end": 78, "next_word": 14}], "text": "В этой книге написано, откуда... откуда... откуда появились названия деревень.", "para_alignment": [{"off_start": 0, "off_end": 78, "para_id": 7694}]}, {"lang": 1, "words": [{"off_start": 0, "wf": "Вот", "wtype": "word", "off_end": 3, "next_word": 1, "sentence_index": 0, "sentence_index_neg": 6}, {"off_start": 3, "wf": ",", "wtype": "punct", "off_end": 4, "next_word": 2, "sentence_index": 1, "sentence_index_neg": 5}, {"off_start": 5, "wf": "например", "wtype": "word", "off_end": 13, "next_word": 3, "sentence_index": 2, "sentence_index_neg": 4}, {"off_start": 13, "wf": ",", "wtype": "punct", "off_end": 14, "next_word": 4, "sentence_index": 3, "sentence_index_neg": 3}, {"off_start": 15, "wf": "деревня", "wtype": "word", "off_end": 22, "next_word": 5, "sentence_index": 4, "sentence_index_neg": 2}, {"off_start": 22, "wf": "...", "wtype": "punct", "off_end": 25, "next_word": 6, "sentence_index": 5, "sentence_index_neg": 1}, {"off_start": 26, "wf": "Сараново", "wtype": "word", "off_end": 34, "next_word": 7, "sentence_index": 6, "sentence_index_neg": 0}, {"off_start": 34, "wf": ".", "wtype": "punct", "off_end": 35, "next_word": 8}], "text": "Вот, например, деревня... Сараново.", "para_alignment": [{"off_start": 0, "off_end": 35, "para_id": 7695}]}, {"lang": 1, "words": [{"off_start": 0, "wf": "Название", "wtype": "word", "off_end": 8, "next_word": 1, "sentence_index": 0, "sentence_index_neg": 7}, {"off_start": 9, "wf": "Сараново", "wtype": "word", "off_end": 17, "next_word": 2, "sentence_index": 1, "sentence_index_neg": 6}, {"off_start": 17, "wf": "...", "wtype": "punct", "off_end": 20, "next_word": 3, "sentence_index": 2, "sentence_index_neg": 5}, {"off_start": 21, "wf": "название", "wtype": "word", "off_end": 29, "next_word": 4, "sentence_index": 3, "sentence_index_neg": 4}, {"off_start": 29, "wf": "...", "wtype": "punct", "off_end": 32, "next_word": 5, "sentence_index": 4, "sentence_index_neg": 3}, {"off_start": 33, "wf": "название", "wtype": "word", "off_end": 41, "next_word": 6, "sentence_index": 5, "sentence_index_neg": 2}, {"off_start": 42, "wf": "Сараново", "wtype": "word", "off_end": 50, "next_word": 7, "sentence_index": 6, "sentence_index_neg": 1}, {"off_start": 51, "wf": "дали", "wtype": "word", "off_end": 55, "next_word": 8, "sentence_index": 7, "sentence_index_neg": 0}, {"off_start": 55, "wf": ".", "wtype": "punct", "off_end": 56, "next_word": 9}], "text": "Название Сараново... название... название Сараново дали.", "para_alignment": [{"off_start": 0, "off_end": 56, "para_id": 7696}]}, {"lang": 1, "words": [{"off_start": 0, "wf": "Это", "wtype": "word", "off_end": 3, "next_word": 1, "sentence_index": 0, "sentence_index_neg": 15}, {"off_start": 4, "wf": "то", "wtype": "word", "off_end": 6, "next_word": 2, "sentence_index": 1, "sentence_index_neg": 14}, {"off_start": 7, "wf": "есть", "wtype": "word", "off_end": 11, "next_word": 3, "sentence_index": 2, "sentence_index_neg": 13}, {"off_start": 12, "wf": "они", "wtype": "word", "off_end": 15, "next_word": 4, "sentence_index": 3, "sentence_index_neg": 12}, {"off_start": 16, "wf": "писали", "wtype": "word", "off_end": 22, "next_word": 5, "sentence_index": 4, "sentence_index_neg": 11}, {"off_start": 22, "wf": ",", "wtype": "punct", "off_end": 23, "next_word": 6, "sentence_index": 5, "sentence_index_neg": 10}, {"off_start": 24, "wf": "что", "wtype": "word", "off_end": 27, "next_word": 7, "sentence_index": 6, "sentence_index_neg": 9}, {"off_start": 28, "wf": "дали", "wtype": "word", "off_end": 32, "next_word": 8, "sentence_index": 7, "sentence_index_neg": 8}, {"off_start": 32, "wf": "...", "wtype": "punct", "off_end": 35, "next_word": 9, "sentence_index": 8, "sentence_index_neg": 7}, {"off_start": 36, "wf": "первопоселенец", "wtype": "word", "off_end": 50, "next_word": 10, "sentence_index": 9, "sentence_index_neg": 6}, {"off_start": 51, "wf": "Саран", "wtype": "word", "off_end": 56, "next_word": 11, "sentence_index": 10, "sentence_index_neg": 5}, {"off_start": 56, "wf": "...", "wtype": "punct", "off_end": 59, "next_word": 12, "sentence_index": 11, "sentence_index_neg": 4}, {"off_start": 60, "wf": "по", "wtype": "word", "off_end": 62, "next_word": 13, "sentence_index": 12, "sentence_index_neg": 3}, {"off_start": 63, "wf": "имени", "wtype": "word", "off_end": 68, "next_word": 14, "sentence_index": 13, "sentence_index_neg": 2}, {"off_start": 69, "wf": "первопоселенца", "wtype": "word", "off_end": 83, "next_word": 15, "sentence_index": 14, "sentence_index_neg": 1}, {"off_start": 84, "wf": "Сарана", "wtype": "word", "off_end": 90, "next_word": 16, "sentence_index": 15, "sentence_index_neg": 0}, {"off_start": 90, "wf": ".", "wtype": "punct", "off_end": 91, "next_word": 17}], "text": "Это то есть они писали, что дали... первопоселенец Саран... по имени первопоселенца Сарана.", "para_alignment": [{"off_start": 0, "off_end": 91, "para_id": 7697}]}, {"lang": 1, "words": [{"off_start": 0, "wf": "Но", "wtype": "word", "off_end": 2, "next_word": 1, "sentence_index": 0, "sentence_index_neg": 13}, {"off_start": 3, "wf": "и", "wtype": "word", "off_end": 4, "next_word": 2, "sentence_index": 1, "sentence_index_neg": 12}, {"off_start": 5, "wf": "еще", "wtype": "word", "off_end": 8, "next_word": 3, "sentence_index": 2, "sentence_index_neg": 11}, {"off_start": 9, "wf": "написали", "wtype": "word", "off_end": 17, "next_word": 4, "sentence_index": 3, "sentence_index_neg": 10}, {"off_start": 17, "wf": ",", "wtype": "punct", "off_end": 18, "next_word": 5, "sentence_index": 4, "sentence_index_neg": 9}, {"off_start": 19, "wf": "что", "wtype": "word", "off_end": 22, "next_word": 6, "sentence_index": 5, "sentence_index_neg": 8}, {"off_start": 22, "wf": ",", "wtype": "punct", "off_end": 23, "next_word": 7, "sentence_index": 6, "sentence_index_neg": 7}, {"off_start": 24, "wf": "может", "wtype": "word", "off_end": 29, "next_word": 8, "sentence_index": 7, "sentence_index_neg": 6}, {"off_start": 29, "wf": ",", "wtype": "punct", "off_end": 30, "next_word": 9, "sentence_index": 8, "sentence_index_neg": 5}, {"off_start": 31, "wf": "пошло", "wtype": "word", "off_end": 36, "next_word": 10, "sentence_index": 9, "sentence_index_neg": 4}, {"off_start": 37, "wf": "от", "wtype": "word", "off_end": 39, "next_word": 11, "sentence_index": 10, "sentence_index_neg": 3}, {"off_start": 40, "wf": "слова", "wtype": "word", "off_end": 45, "next_word": 12, "sentence_index": 11, "sentence_index_neg": 2}, {"off_start": 46, "wf": "«", "wtype": "punct", "off_end": 47, "next_word": 13, "sentence_index": 12, "sentence_index_neg": 1}, {"off_start": 47, "wf": "särän", "wtype": "word", "off_end": 52, "next_word": 14, "sentence_index": 13, "sentence_index_neg": 0}, {"off_start": 52, "wf": "».", "wtype": "punct", "off_end": 54, "next_word": 15}], "text": "Но и еще написали, что, может, пошло от слова «särän».", "para_alignment": [{"off_start": 0, "off_end": 54, "para_id": 7698}]}, {"lang": 1, "words": [{"off_start": 0, "wf": "\"", "wtype": "punct", "off_end": 1, "next_word": 1}, {"off_start": 1, "wf": "Särän", "wtype": "word", "off_end": 6, "next_word": 2, "sentence_index": 0, "sentence_index_neg": 6}, {"off_start": 6, "wf": "»", "wtype": "punct", "off_end": 7, "next_word": 3, "sentence_index": 1, "sentence_index_neg": 5}, {"off_start": 8, "wf": "-", "wtype": "punct", "off_end": 9, "next_word": 4, "sentence_index": 2, "sentence_index_neg": 4}, {"off_start": 10, "wf": "это", "wtype": "word", "off_end": 13, "next_word": 5, "sentence_index": 3, "sentence_index_neg": 3}, {"off_start": 14, "wf": "значит", "wtype": "word", "off_end": 20, "next_word": 6, "sentence_index": 4, "sentence_index_neg": 2}, {"off_start": 21, "wf": "«", "wtype": "punct", "off_end": 22, "next_word": 7, "sentence_index": 5, "sentence_index_neg": 1}, {"off_start": 22, "wf": "поляна", "wtype": "word", "off_end": 28, "next_word": 8, "sentence_index": 6, "sentence_index_neg": 0}, {"off_start": 28, "wf": "».", "wtype": "punct", "off_end": 30, "next_word": 9}], "text": "\"Särän» - это значит «поляна».", "para_alignment": [{"off_start": 0, "off_end": 30, "para_id": 7699}]}, {"lang": 1, "words": [{"off_start": 0, "wf": "На", "wtype": "word", "off_end": 2, "next_word": 1, "sentence_index": 0, "sentence_index_neg": 5}, {"off_start": 3, "wf": "русский", "wtype": "word", "off_end": 10, "next_word": 2, "sentence_index": 1, "sentence_index_neg": 4}, {"off_start": 11, "wf": "переводится", "wtype": "word", "off_end": 22, "next_word": 3, "sentence_index": 2, "sentence_index_neg": 3}, {"off_start": 23, "wf": "как", "wtype": "word", "off_end": 26, "next_word": 4, "sentence_index": 3, "sentence_index_neg": 2}, {"off_start": 27, "wf": "«", "wtype": "punct", "off_end": 28, "next_word": 5, "sentence_index": 4, "sentence_index_neg": 1}, {"off_start": 28, "wf": "поляна", "wtype": "word", "off_end": 34, "next_word": 6, "sentence_index": 5, "sentence_index_neg": 0}, {"off_start": 34, "wf": "».", "wtype": "punct", "off_end": 36, "next_word": 7}], "text": "На русский переводится как «поляна».", "para_alignment": [{"off_start": 0, "off_end": 36, "para_id": 7700}]}, {"lang": 1, "words": [{"off_start": 0, "wf": "Но", "wtype": "word", "off_end": 2, "next_word": 1, "sentence_index": 0, "sentence_index_neg": 24}, {"off_start": 3, "wf": "я", "wtype": "word", "off_end": 4, "next_word": 2, "sentence_index": 1, "sentence_index_neg": 23}, {"off_start": 4, "wf": "...", "wtype": "punct", "off_end": 7, "next_word": 3, "sentence_index": 2, "sentence_index_neg": 22}, {"off_start": 8, "wf": "но", "wtype": "word", "off_end": 10, "next_word": 4, "sentence_index": 3, "sentence_index_neg": 21}, {"off_start": 11, "wf": "я", "wtype": "word", "off_end": 12, "next_word": 5, "sentence_index": 4, "sentence_index_neg": 20}, {"off_start": 13, "wf": "с", "wtype": "word", "off_end": 14, "next_word": 6, "sentence_index": 5, "sentence_index_neg": 19}, {"off_start": 15, "wf": "этой", "wtype": "word", "off_end": 19, "next_word": 7, "sentence_index": 6, "sentence_index_neg": 18}, {"off_start": 20, "wf": "версией", "wtype": "word", "off_end": 27, "next_word": 8, "sentence_index": 7, "sentence_index_neg": 17}, {"off_start": 28, "wf": "не", "wtype": "word", "off_end": 30, "next_word": 9, "sentence_index": 8, "sentence_index_neg": 16}, {"off_start": 31, "wf": "согласен", "wtype": "word", "off_end": 39, "next_word": 10, "sentence_index": 9, "sentence_index_neg": 15}, {"off_start": 39, "wf": ",", "wtype": "punct", "off_end": 40, "next_word": 11, "sentence_index": 10, "sentence_index_neg": 14}, {"off_start": 41, "wf": "так", "wtype": "word", "off_end": 44, "next_word": 12, "sentence_index": 11, "sentence_index_neg": 13}, {"off_start": 45, "wf": "как", "wtype": "word", "off_end": 48, "next_word": 13, "sentence_index": 12, "sentence_index_neg": 12}, {"off_start": 48, "wf": "...", "wtype": "punct", "off_end": 51, "next_word": 14, "sentence_index": 13, "sentence_index_neg": 11}, {"off_start": 52, "wf": "в", "wtype": "word", "off_end": 53, "next_word": 15, "sentence_index": 14, "sentence_index_neg": 10}, {"off_start": 54, "wf": "той", "wtype": "word", "off_end": 57, "next_word": 16, "sentence_index": 15, "sentence_index_neg": 9}, {"off_start": 58, "wf": "деревне", "wtype": "word", "off_end": 65, "next_word": 17, "sentence_index": 16, "sentence_index_neg": 8}, {"off_start": 66, "wf": "жили", "wtype": "word", "off_end": 70, "next_word": 18, "sentence_index": 17, "sentence_index_neg": 7}, {"off_start": 70, "wf": "...", "wtype": "punct", "off_end": 73, "next_word": 19, "sentence_index": 18, "sentence_index_neg": 6}, {"off_start": 74, "wf": "жили", "wtype": "word", "off_end": 78, "next_word": 20, "sentence_index": 19, "sentence_index_neg": 5}, {"off_start": 79, "wf": "много", "wtype": "word", "off_end": 84, "next_word": 21, "sentence_index": 20, "sentence_index_neg": 4}, {"off_start": 85, "wf": "людей", "wtype": "word", "off_end": 90, "next_word": 22, "sentence_index": 21, "sentence_index_neg": 3}, {"off_start": 91, "wf": "с", "wtype": "word", "off_end": 92, "next_word": 23, "sentence_index": 22, "sentence_index_neg": 2}, {"off_start": 93, "wf": "фамилией", "wtype": "word", "off_end": 101, "next_word": 24, "sentence_index": 23, "sentence_index_neg": 1}, {"off_start": 102, "wf": "Сарамбаев", "wtype": "word", "off_end": 111, "next_word": 25, "sentence_index": 24, "sentence_index_neg": 0}, {"off_start": 111, "wf": ".", "wtype": "punct", "off_end": 112, "next_word": 26}], "text": "Но я... но я с этой версией не согласен, так как... в той деревне жили... жили много людей с фамилией Сарамбаев.", "para_alignment": [{"off_start": 0, "off_end": 112, "para_id": 7701}]}, {"lang": 1, "words": [{"off_start": 0, "wf": "Cемьи", "wtype": "word", "off_end": 5, "next_word": 1, "sentence_index": 0}, {"off_start": 5, "wf": ".", "wtype": "punct", "off_end": 6, "next_word": 2}], "text": "Cемьи.", "para_alignment": [{"off_start": 0, "off_end": 6, "para_id": 7702}]}, {"lang": 1, "words": [{"off_start": 0, "wf": "И", "wtype": "word", "off_end": 1, "next_word": 1, "sentence_index": 0, "sentence_index_neg": 17}, {"off_start": 2, "wf": "из", "wtype": "word", "off_end": 4, "next_word": 2, "sentence_index": 1, "sentence_index_neg": 16}, {"off_start": 5, "wf": "татарского", "wtype": "word", "off_end": 15, "next_word": 3, "sentence_index": 2, "sentence_index_neg": 15}, {"off_start": 16, "wf": "языка", "wtype": "word", "off_end": 21, "next_word": 4, "sentence_index": 3, "sentence_index_neg": 14}, {"off_start": 22, "wf": "я", "wtype": "word", "off_end": 23, "next_word": 5, "sentence_index": 4, "sentence_index_neg": 13}, {"off_start": 24, "wf": "узнал", "wtype": "word", "off_end": 29, "next_word": 6, "sentence_index": 5, "sentence_index_neg": 12}, {"off_start": 29, "wf": ",", "wtype": "punct", "off_end": 30, "next_word": 7, "sentence_index": 6, "sentence_index_neg": 11}, {"off_start": 31, "wf": "что", "wtype": "word", "off_end": 34, "next_word": 8, "sentence_index": 7, "sentence_index_neg": 10}, {"off_start": 35, "wf": "слово", "wtype": "word", "off_end": 40, "next_word": 9, "sentence_index": 8, "sentence_index_neg": 9}, {"off_start": 41, "wf": "«", "wtype": "punct", "off_end": 42, "next_word": 10, "sentence_index": 9, "sentence_index_neg": 8}, {"off_start": 42, "wf": "saran", "wtype": "word", "off_end": 47, "next_word": 11, "sentence_index": 10, "sentence_index_neg": 7}, {"off_start": 47, "wf": "»", "wtype": "punct", "off_end": 48, "next_word": 12, "sentence_index": 11, "sentence_index_neg": 6}, {"off_start": 49, "wf": "переводится", "wtype": "word", "off_end": 60, "next_word": 13, "sentence_index": 12, "sentence_index_neg": 5}, {"off_start": 61, "wf": "на", "wtype": "word", "off_end": 63, "next_word": 14, "sentence_index": 13, "sentence_index_neg": 4}, {"off_start": 64, "wf": "русский", "wtype": "word", "off_end": 71, "next_word": 15, "sentence_index": 14, "sentence_index_neg": 3}, {"off_start": 72, "wf": "как", "wtype": "word", "off_end": 75, "next_word": 16, "sentence_index": 15, "sentence_index_neg": 2}, {"off_start": 76, "wf": "«", "wtype": "punct", "off_end": 77, "next_word": 17, "sentence_index": 16, "sentence_index_neg": 1}, {"off_start": 77, "wf": "скупой", "wtype": "word", "off_end": 83, "next_word": 18, "sentence_index": 17, "sentence_index_neg": 0}, {"off_start": 83, "wf": "».", "wtype": "punct", "off_end": 85, "next_word": 19}], "text": "И из татарского языка я узнал, что слово «saran» переводится на русский как «скупой».", "para_alignment": [{"off_start": 0, "off_end": 85, "para_id": 7703}]}, {"lang": 1, "words": [{"off_start": 0, "wf": "И", "wtype": "word", "off_end": 1, "next_word": 1, "sentence_index": 0, "sentence_index_neg": 9}, {"off_start": 2, "wf": "получается", "wtype": "word", "off_end": 12, "next_word": 2, "sentence_index": 1, "sentence_index_neg": 8}, {"off_start": 12, "wf": ",", "wtype": "punct", "off_end": 13, "next_word": 3, "sentence_index": 2, "sentence_index_neg": 7}, {"off_start": 14, "wf": "что", "wtype": "word", "off_end": 17, "next_word": 4, "sentence_index": 3, "sentence_index_neg": 6}, {"off_start": 18, "wf": "фамилия", "wtype": "word", "off_end": 25, "next_word": 5, "sentence_index": 4, "sentence_index_neg": 5}, {"off_start": 26, "wf": "Сарамбаев", "wtype": "word", "off_end": 35, "next_word": 6, "sentence_index": 5, "sentence_index_neg": 4}, {"off_start": 36, "wf": "первоначально", "wtype": "word", "off_end": 49, "next_word": 7, "sentence_index": 6, "sentence_index_neg": 3}, {"off_start": 50, "wf": "была", "wtype": "word", "off_end": 54, "next_word": 8, "sentence_index": 7, "sentence_index_neg": 2}, {"off_start": 55, "wf": "как", "wtype": "word", "off_end": 58, "next_word": 9, "sentence_index": 8, "sentence_index_neg": 1}, {"off_start": 59, "wf": "Саранбаев", "wtype": "word", "off_end": 68, "next_word": 10, "sentence_index": 9, "sentence_index_neg": 0}, {"off_start": 68, "wf": ".", "wtype": "punct", "off_end": 69, "next_word": 11}], "text": "И получается, что фамилия Сарамбаев первоначально была как Саранбаев.", "para_alignment": [{"off_start": 0, "off_end": 69, "para_id": 7704}]}, {"lang": 1, "words": [], "text": "", "para_alignment": [{"off_start": 0, "off_end": 0, "para_id": 7705}]}, {"lang": 1, "words": [{"off_start": 0, "wf": "Живущие", "wtype": "word", "off_end": 7, "next_word": 1, "sentence_index": 0, "sentence_index_neg": 14}, {"off_start": 8, "wf": "люди", "wtype": "word", "off_end": 12, "next_word": 2, "sentence_index": 1, "sentence_index_neg": 13}, {"off_start": 12, "wf": "...", "wtype": "punct", "off_end": 15, "next_word": 3, "sentence_index": 2, "sentence_index_neg": 12}, {"off_start": 16, "wf": "были", "wtype": "word", "off_end": 20, "next_word": 4, "sentence_index": 3, "sentence_index_neg": 11}, {"off_start": 21, "wf": "тогда", "wtype": "word", "off_end": 26, "next_word": 5, "sentence_index": 4, "sentence_index_neg": 10}, {"off_start": 27, "wf": "государства", "wtype": "word", "off_end": 38, "next_word": 6, "sentence_index": 5, "sentence_index_neg": 9}, {"off_start": 38, "wf": ":", "wtype": "punct", "off_end": 39, "next_word": 7, "sentence_index": 6, "sentence_index_neg": 8}, {"off_start": 40, "wf": "Волжская", "wtype": "word", "off_end": 48, "next_word": 8, "sentence_index": 7, "sentence_index_neg": 7}, {"off_start": 49, "wf": "Булгария", "wtype": "word", "off_end": 57, "next_word": 9, "sentence_index": 8, "sentence_index_neg": 6}, {"off_start": 57, "wf": ",", "wtype": "punct", "off_end": 58, "next_word": 10, "sentence_index": 9, "sentence_index_neg": 5}, {"off_start": 59, "wf": "Золотая", "wtype": "word", "off_end": 66, "next_word": 11, "sentence_index": 10, "sentence_index_neg": 4}, {"off_start": 67, "wf": "Орда", "wtype": "word", "off_end": 71, "next_word": 12, "sentence_index": 11, "sentence_index_neg": 3}, {"off_start": 71, "wf": ",", "wtype": "punct", "off_end": 72, "next_word": 13, "sentence_index": 12, "sentence_index_neg": 2}, {"off_start": 73, "wf": "Крымское", "wtype": "word", "off_end": 81, "next_word": 14, "sentence_index": 13, "sentence_index_neg": 1}, {"off_start": 82, "wf": "ханство", "wtype": "word", "off_end": 89, "next_word": 15, "sentence_index": 14, "sentence_index_neg": 0}, {"off_start": 89, "wf": ".", "wtype": "punct", "off_end": 90, "next_word": 16}], "text": "Живущие люди... были тогда государства: Волжская Булгария, Золотая Орда, Крымское ханство.", "para_alignment": [{"off_start": 0, "off_end": 90, "para_id": 7706}]}, {"lang": 1, "words": [{"off_start": 0, "wf": "В", "wtype": "word", "off_end": 1, "next_word": 1, "sentence_index": 0, "sentence_index_neg": 5}, {"off_start": 2, "wf": "то", "wtype": "word", "off_end": 4, "next_word": 2, "sentence_index": 1, "sentence_index_neg": 4}, {"off_start": 5, "wf": "время", "wtype": "word", "off_end": 10, "next_word": 3, "sentence_index": 2, "sentence_index_neg": 3}, {"off_start": 11, "wf": "жили", "wtype": "word", "off_end": 15, "next_word": 4, "sentence_index": 3, "sentence_index_neg": 2}, {"off_start": 16, "wf": "тюркоязычные", "wtype": "word", "off_end": 28, "next_word": 5, "sentence_index": 4, "sentence_index_neg": 1}, {"off_start": 29, "wf": "люди", "wtype": "word", "off_end": 33, "next_word": 6, "sentence_index": 5, "sentence_index_neg": 0}, {"off_start": 33, "wf": ".", "wtype": "punct", "off_end": 34, "next_word": 7}], "text": "В то время жили тюркоязычные люди.", "para_alignment": [{"off_start": 0, "off_end": 34, "para_id": 7707}]}, {"lang": 1, "words": [{"off_start": 0, "wf": "И", "wtype": "word", "off_end": 1, "next_word": 1, "sentence_index": 0, "sentence_index_neg": 11}, {"off_start": 2, "wf": "от", "wtype": "word", "off_end": 4, "next_word": 2, "sentence_index": 1, "sentence_index_neg": 10}, {"off_start": 5, "wf": "этого", "wtype": "word", "off_end": 10, "next_word": 3, "sentence_index": 2, "sentence_index_neg": 9}, {"off_start": 11, "wf": "произошло", "wtype": "word", "off_end": 20, "next_word": 4, "sentence_index": 3, "sentence_index_neg": 8}, {"off_start": 21, "wf": "слово", "wtype": "word", "off_end": 26, "next_word": 5, "sentence_index": 4, "sentence_index_neg": 7}, {"off_start": 27, "wf": "«", "wtype": "punct", "off_end": 28, "next_word": 6, "sentence_index": 5, "sentence_index_neg": 6}, {"off_start": 28, "wf": "cаранбай", "wtype": "word", "off_end": 36, "next_word": 7, "sentence_index": 6, "sentence_index_neg": 5}, {"off_start": 36, "wf": "»,", "wtype": "punct", "off_end": 38, "next_word": 8, "sentence_index": 7, "sentence_index_neg": 4}, {"off_start": 39, "wf": "то", "wtype": "word", "off_end": 41, "next_word": 9, "sentence_index": 8, "sentence_index_neg": 3}, {"off_start": 42, "wf": "есть", "wtype": "word", "off_end": 46, "next_word": 10, "sentence_index": 9, "sentence_index_neg": 2}, {"off_start": 47, "wf": "скупой", "wtype": "word", "off_end": 53, "next_word": 11, "sentence_index": 10, "sentence_index_neg": 1}, {"off_start": 54, "wf": "бай", "wtype": "word", "off_end": 57, "next_word": 12, "sentence_index": 11, "sentence_index_neg": 0}, {"off_start": 57, "wf": ".", "wtype": "punct", "off_end": 58, "next_word": 13}], "text": "И от этого произошло слово «cаранбай», то есть скупой бай.", "para_alignment": [{"off_start": 0, "off_end": 58, "para_id": 7708}]}, {"lang": 1, "words": [{"off_start": 0, "wf": "Со", "wtype": "word", "off_end": 2, "next_word": 1, "sentence_index": 0, "sentence_index_neg": 22}, {"off_start": 3, "wf": "временем", "wtype": "word", "off_end": 11, "next_word": 2, "sentence_index": 1, "sentence_index_neg": 21}, {"off_start": 11, "wf": ",", "wtype": "punct", "off_end": 12, "next_word": 3, "sentence_index": 2, "sentence_index_neg": 20}, {"off_start": 13, "wf": "так", "wtype": "word", "off_end": 16, "next_word": 4, "sentence_index": 3, "sentence_index_neg": 19}, {"off_start": 17, "wf": "как", "wtype": "word", "off_end": 20, "next_word": 5, "sentence_index": 4, "sentence_index_neg": 18}, {"off_start": 21, "wf": "в", "wtype": "word", "off_end": 22, "next_word": 6, "sentence_index": 5, "sentence_index_neg": 17}, {"off_start": 23, "wf": "этой", "wtype": "word", "off_end": 27, "next_word": 7, "sentence_index": 6, "sentence_index_neg": 16}, {"off_start": 28, "wf": "деревне", "wtype": "word", "off_end": 35, "next_word": 8, "sentence_index": 7, "sentence_index_neg": 15}, {"off_start": 36, "wf": "жило", "wtype": "word", "off_end": 40, "next_word": 9, "sentence_index": 8, "sentence_index_neg": 14}, {"off_start": 41, "wf": "много", "wtype": "word", "off_end": 46, "next_word": 10, "sentence_index": 9, "sentence_index_neg": 13}, {"off_start": 47, "wf": "[", "wtype": "punct", "off_end": 48, "next_word": 11, "sentence_index": 10, "sentence_index_neg": 12}, {"off_start": 48, "wf": "людей", "wtype": "word", "off_end": 53, "next_word": 12, "sentence_index": 11, "sentence_index_neg": 11}, {"off_start": 53, "wf": "]", "wtype": "punct", "off_end": 54, "next_word": 13, "sentence_index": 12, "sentence_index_neg": 10}, {"off_start": 55, "wf": "с", "wtype": "word", "off_end": 56, "next_word": 14, "sentence_index": 13, "sentence_index_neg": 9}, {"off_start": 57, "wf": "фамилией", "wtype": "word", "off_end": 65, "next_word": 15, "sentence_index": 14, "sentence_index_neg": 8}, {"off_start": 66, "wf": "Сарамбаев", "wtype": "word", "off_end": 75, "next_word": 16, "sentence_index": 15, "sentence_index_neg": 7}, {"off_start": 75, "wf": ",", "wtype": "punct", "off_end": 76, "next_word": 17, "sentence_index": 16, "sentence_index_neg": 6}, {"off_start": 77, "wf": "и", "wtype": "word", "off_end": 78, "next_word": 18, "sentence_index": 17, "sentence_index_neg": 5}, {"off_start": 79, "wf": "от", "wtype": "word", "off_end": 81, "next_word": 19, "sentence_index": 18, "sentence_index_neg": 4}, {"off_start": 82, "wf": "этого", "wtype": "word", "off_end": 87, "next_word": 20, "sentence_index": 19, "sentence_index_neg": 3}, {"off_start": 88, "wf": "деревня", "wtype": "word", "off_end": 95, "next_word": 21, "sentence_index": 20, "sentence_index_neg": 2}, {"off_start": 96, "wf": "стала", "wtype": "word", "off_end": 101, "next_word": 22, "sentence_index": 21, "sentence_index_neg": 1}, {"off_start": 102, "wf": "Сараново", "wtype": "word", "off_end": 110, "next_word": 23, "sentence_index": 22, "sentence_index_neg": 0}, {"off_start": 110, "wf": ".", "wtype": "punct", "off_end": 111, "next_word": 24}], "text": "Со временем, так как в этой деревне жило много [людей] с фамилией Сарамбаев, и от этого деревня стала Сараново.", "para_alignment": [{"off_start": 0, "off_end": 111, "para_id": 7709}]}]}